[1779850082.551][INFO]: Starting ChromeDriver 91.0.4472.19 (1bf021f248676a0b2ab3ee0561d83a59e424c23e-refs/branch-heads/4472@{#288}) on port 30695
[1779850082.552][INFO]: Please see https://chromedriver.chromium.org/security-considerations for suggestions on keeping ChromeDriver safe.
[1779850082.559][SEVERE]: bind() failed: Cannot assign requested address (99)
[1779850082.559][INFO]: listen on IPv6 failed with error ERR_ADDRESS_INVALID
[1779850082.634][INFO]: [6d6a54ac6a81f45fc5bf60d2fceca1fa] COMMAND InitSession {
   "capabilities": {
      "firstMatch": [ {
         "browserName": "chrome",
         "goog:chromeOptions": {
            "args": [  ],
            "extensions": [  ]
         },
         "goog:loggingPrefs": {
            "browser": "ALL",
            "driver": "ALL"
         }
      } ]
   },
   "desiredCapabilities": {
      "browserName": "chrome",
      "goog:chromeOptions": {
         "args": [  ],
         "extensions": [  ]
      },
      "goog:loggingPrefs": {
         "browser": "ALL",
         "driver": "ALL"
      }
   }
}
[1779850082.635][INFO]: Populating Preferences file: {
   "alternate_error_pages": {
      "enabled": false
   },
   "autofill": {
      "enabled": false
   },
   "browser": {
      "check_default_browser": false
   },
   "distribution": {
      "import_bookmarks": false,
      "import_history": false,
      "import_search_engine": false,
      "make_chrome_default_for_user": false,
      "skip_first_run_ui": true
   },
   "dns_prefetching": {
      "enabled": false
   },
   "profile": {
      "content_settings": {
         "pattern_pairs": {
            "https://*,*": {
               "media-stream": {
                  "audio": "Default",
                  "video": "Default"
               }
            }
         }
      },
      "default_content_setting_values": {
         "geolocation": 1
      },
      "default_content_settings": {
         "geolocation": 1,
         "mouselock": 1,
         "notifications": 1,
         "popups": 1,
         "ppapi-broker": 1
      },
      "password_manager_enabled": false
   },
   "safebrowsing": {
      "enabled": false
   },
   "search": {
      "suggest_enabled": false
   },
   "translate": {
      "enabled": false
   }
}
[1779850082.635][INFO]: Populating Local State file: {
   "background_mode": {
      "enabled": false
   },
   "ssl": {
      "rev_checking": {
         "enabled": false
      }
   }
}
[1779850082.635][INFO]: Launching chrome: /usr/bin/google-chrome --allow-pre-commit-input --disable-background-networking --disable-client-side-phishing-detection --disable-default-apps --disable-hang-monitor --disable-popup-blocking --disable-prompt-on-repost --disable-sync --enable-automation --enable-blink-features=ShadowDOMV0 --enable-logging --log-level=0 --no-first-run --no-service-autorun --password-store=basic --remote-debugging-port=0 --test-type=webdriver --use-mock-keychain --user-data-dir=/tmp/.com.google.Chrome.NrXZaD data:,
[466:466:0527/044803.011244:ERROR:gpu_init.cc(440)] Passthrough is not supported, GL is swiftshader

DevTools listening on ws://127.0.0.1:45187/devtools/browser/a80acbc1-79f9-4dc3-b70f-f32d65386cd3
[1779850083.044][DEBUG]: DevTools HTTP Request: http://localhost:45187/json/version
[436:469:0527/044803.076473:ERROR:object_proxy.cc(622)] Failed to call method: org.freedesktop.Notifications.GetCapabilities: object_path= /org/freedesktop/Notifications: org.freedesktop.DBus.Error.Spawn.ChildExited: Process org.freedesktop.Notifications exited with status 1
[1779850083.118][DEBUG]: DevTools HTTP Response: {
   "Browser": "Chrome/91.0.4472.77",
   "Protocol-Version": "1.3",
   "User-Agent": "Mozilla/5.0 (X11; Linux x86_64) AppleWebKit/537.36 (KHTML, like Gecko) Chrome/91.0.4472.77 Safari/537.36",
   "V8-Version": "9.1.269.28",
   "WebKit-Version": "537.36 (@1cecd5c8a856bc2a5adda436e7b84d8d21b339b6)",
   "webSocketDebuggerUrl": "ws://localhost:45187/devtools/browser/a80acbc1-79f9-4dc3-b70f-f32d65386cd3"
}

[1779850083.118][DEBUG]: DevTools HTTP Request: http://localhost:45187/json/list
[436:511:0527/044803.137581:ERROR:object_proxy.cc(622)] Failed to call method: org.freedesktop.DBus.Properties.Get: object_path= /org/freedesktop/UPower: org.freedesktop.DBus.Error.ServiceUnknown: The name org.freedesktop.UPower was not provided by any .service files
[436:511:0527/044803.137929:ERROR:object_proxy.cc(622)] Failed to call method: org.freedesktop.UPower.GetDisplayDevice: object_path= /org/freedesktop/UPower: org.freedesktop.DBus.Error.ServiceUnknown: The name org.freedesktop.UPower was not provided by any .service files
[436:511:0527/044803.139889:ERROR:object_proxy.cc(622)] Failed to call method: org.freedesktop.UPower.EnumerateDevices: object_path= /org/freedesktop/UPower: org.freedesktop.DBus.Error.ServiceUnknown: The name org.freedesktop.UPower was not provided by any .service files
[1779850083.140][DEBUG]: DevTools HTTP Response: [ {
   "description": "",
   "devtoolsFrontendUrl": "/devtools/inspector.html?ws=localhost:45187/devtools/page/0EA677E6C4FBD9738A81F51BE053F03D",
   "id": "0EA677E6C4FBD9738A81F51BE053F03D",
   "title": "",
   "type": "page",
   "url": "data:,",
   "webSocketDebuggerUrl": "ws://localhost:45187/devtools/page/0EA677E6C4FBD9738A81F51BE053F03D"
} ]

[1779850083.140][DEBUG]: DevTools HTTP Request: http://localhost:45187/json/list
[1779850083.149][DEBUG]: DevTools HTTP Response: [ {
   "description": "",
   "devtoolsFrontendUrl": "/devtools/inspector.html?ws=localhost:45187/devtools/page/0EA677E6C4FBD9738A81F51BE053F03D",
   "id": "0EA677E6C4FBD9738A81F51BE053F03D",
   "title": "",
   "type": "page",
   "url": "data:,",
   "webSocketDebuggerUrl": "ws://localhost:45187/devtools/page/0EA677E6C4FBD9738A81F51BE053F03D"
} ]

[1779850083.149][INFO]: resolved localhost to ["127.0.0.1","::1"]
[1779850083.165][DEBUG]: DevTools WebSocket Command: Page.addScriptToEvaluateOnNewDocument (id=1) 0EA677E6C4FBD9738A81F51BE053F03D {
   "source": "(function () {window.cdc_adoQpoasnfa76pfcZLmcfl_Array = window.Array;window.cdc_adoQpoasnfa76pfcZLmcfl_Promise = window.Promise;window.cdc_adoQpoasnfa76pfcZLmcfl_Symbol = window.Symbol;}) ();"
}
[1779850083.165][DEBUG]: DevTools WebSocket Command: Runtime.evaluate (id=2) 0EA677E6C4FBD9738A81F51BE053F03D {
   "expression": "(function () {window.cdc_adoQpoasnfa76pfcZLmcfl_Array = window.Array;window.cdc_adoQpoasnfa76pfcZLmcfl_Promise = window.Promise;window.cdc_adoQpoasnfa76pfcZLmcfl_Symbol = window.Symbol;}) ();"
}
[1779850083.166][DEBUG]: DevTools WebSocket Command: Log.enable (id=3) 0EA677E6C4FBD9738A81F51BE053F03D {

}
[1779850083.166][DEBUG]: DevTools WebSocket Command: DOM.getDocument (id=4) 0EA677E6C4FBD9738A81F51BE053F03D {

}
[1779850083.166][DEBUG]: DevTools WebSocket Command: Target.setAutoAttach (id=5) 0EA677E6C4FBD9738A81F51BE053F03D {
   "autoAttach": true,
   "flatten": true,
   "waitForDebuggerOnStart": false
}
[1779850083.166][DEBUG]: DevTools WebSocket Command: Page.enable (id=6) 0EA677E6C4FBD9738A81F51BE053F03D {

}
[1779850083.166][DEBUG]: DevTools WebSocket Command: Page.enable (id=7) 0EA677E6C4FBD9738A81F51BE053F03D {

}
[1779850083.192][DEBUG]: DevTools WebSocket Response: Page.addScriptToEvaluateOnNewDocument (id=1) 0EA677E6C4FBD9738A81F51BE053F03D {
   "identifier": "1"
}
[1779850083.193][DEBUG]: DevTools WebSocket Response: Runtime.evaluate (id=2) 0EA677E6C4FBD9738A81F51BE053F03D {
   "result": {
      "type": "undefined"
   }
}
[1779850083.193][DEBUG]: DevTools WebSocket Response: Log.enable (id=3) 0EA677E6C4FBD9738A81F51BE053F03D {

}
[1779850083.193][DEBUG]: DevTools WebSocket Response: DOM.getDocument (id=4) 0EA677E6C4FBD9738A81F51BE053F03D {
   "root": {
      "backendNodeId": 2,
      "baseURL": "data:,",
      "childNodeCount": 0,
      "children": [  ],
      "documentURL": "data:,",
      "localName": "",
      "nodeId": 1,
      "nodeName": "#document",
      "nodeType": 9,
      "nodeValue": "",
      "xmlVersion": ""
   }
}
[1779850083.193][DEBUG]: DevTools WebSocket Response: Target.setAutoAttach (id=5) 0EA677E6C4FBD9738A81F51BE053F03D {

}
[1779850083.193][DEBUG]: DevTools WebSocket Response: Page.enable (id=6) 0EA677E6C4FBD9738A81F51BE053F03D {

}
[1779850083.193][DEBUG]: DevTools WebSocket Response: Page.enable (id=7) 0EA677E6C4FBD9738A81F51BE053F03D {

}
[1779850083.193][DEBUG]: DevTools WebSocket Command: Runtime.enable (id=8) 0EA677E6C4FBD9738A81F51BE053F03D {

}
[1779850083.196][DEBUG]: DevTools WebSocket Event: DOM.childNodeInserted 0EA677E6C4FBD9738A81F51BE053F03D {
   "node": {
      "attributes": [  ],
      "backendNodeId": 3,
      "childNodeCount": 0,
      "frameId": "0EA677E6C4FBD9738A81F51BE053F03D",
      "localName": "html",
      "nodeId": 2,
      "nodeName": "HTML",
      "nodeType": 1,
      "nodeValue": ""
   },
   "parentNodeId": 1,
   "previousNodeId": 0
}
[1779850083.196][DEBUG]: DevTools WebSocket Event: DOM.childNodeCountUpdated 0EA677E6C4FBD9738A81F51BE053F03D {
   "childNodeCount": 1,
   "nodeId": 2
}
[1779850083.196][DEBUG]: DevTools WebSocket Event: DOM.childNodeCountUpdated 0EA677E6C4FBD9738A81F51BE053F03D {
   "childNodeCount": 2,
   "nodeId": 2
}
[1779850083.196][DEBUG]: DevTools WebSocket Event: Page.loadEventFired 0EA677E6C4FBD9738A81F51BE053F03D {
   "timestamp": 4586.252859
}
[1779850083.196][DEBUG]: DevTools WebSocket Command: Runtime.evaluate (id=9) 0EA677E6C4FBD9738A81F51BE053F03D {
   "awaitPromise": false,
   "expression": "document.readyState",
   "returnByValue": true
}
[1779850083.197][DEBUG]: DevTools WebSocket Event: Page.frameStoppedLoading 0EA677E6C4FBD9738A81F51BE053F03D {
   "frameId": "0EA677E6C4FBD9738A81F51BE053F03D"
}
[1779850083.197][DEBUG]: DevTools WebSocket Event: DOM.documentUpdated 0EA677E6C4FBD9738A81F51BE053F03D {

}
[1779850083.197][DEBUG]: DevTools WebSocket Command: DOM.getDocument (id=10) 0EA677E6C4FBD9738A81F51BE053F03D {

}
[1779850083.197][DEBUG]: DevTools WebSocket Event: Page.domContentEventFired 0EA677E6C4FBD9738A81F51BE053F03D {
   "timestamp": 4586.25351
}
[1779850083.205][DEBUG]: DevTools WebSocket Event: Runtime.executionContextCreated 0EA677E6C4FBD9738A81F51BE053F03D {
   "context": {
      "auxData": {
         "frameId": "0EA677E6C4FBD9738A81F51BE053F03D",
         "isDefault": true,
         "type": "default"
      },
      "id": 1,
      "name": "",
      "origin": "://",
      "uniqueId": "8332547964165436359.2874760477800512370"
   }
}
[1779850083.205][DEBUG]: DevTools WebSocket Response: Runtime.enable (id=8) 0EA677E6C4FBD9738A81F51BE053F03D {

}
[1779850083.205][DEBUG]: DevTools WebSocket Response: Runtime.evaluate (id=9) 0EA677E6C4FBD9738A81F51BE053F03D {
   "result": {
      "type": "string",
      "value": "complete"
   }
}
[1779850083.205][DEBUG]: DevTools WebSocket Command: Page.enable (id=11) 0EA677E6C4FBD9738A81F51BE053F03D {

}
[1779850083.206][DEBUG]: DevTools WebSocket Response: DOM.getDocument (id=10) 0EA677E6C4FBD9738A81F51BE053F03D {
   "root": {
      "backendNodeId": 2,
      "baseURL": "data:,",
      "childNodeCount": 1,
      "children": [ {
         "attributes": [  ],
         "backendNodeId": 3,
         "childNodeCount": 2,
         "children": [ {
            "attributes": [  ],
            "backendNodeId": 4,
            "childNodeCount": 0,
            "localName": "head",
            "nodeId": 5,
            "nodeName": "HEAD",
            "nodeType": 1,
            "nodeValue": "",
            "parentId": 4
         }, {
            "attributes": [  ],
            "backendNodeId": 5,
            "childNodeCount": 0,
            "localName": "body",
            "nodeId": 6,
            "nodeName": "BODY",
            "nodeType": 1,
            "nodeValue": "",
            "parentId": 4
         } ],
         "frameId": "0EA677E6C4FBD9738A81F51BE053F03D",
         "localName": "html",
         "nodeId": 4,
         "nodeName": "HTML",
         "nodeType": 1,
         "nodeValue": "",
         "parentId": 3
      } ],
      "documentURL": "data:,",
      "localName": "",
      "nodeId": 3,
      "nodeName": "#document",
      "nodeType": 9,
      "nodeValue": "",
      "xmlVersion": ""
   }
}
[1779850083.206][DEBUG]: DevTools WebSocket Response: Page.enable (id=11) 0EA677E6C4FBD9738A81F51BE053F03D {

}
[1779850083.207][DEBUG]: DevTools WebSocket Command: Runtime.enable (id=12) 0EA677E6C4FBD9738A81F51BE053F03D {

}
[1779850083.207][DEBUG]: DevTools WebSocket Response: Runtime.enable (id=12) 0EA677E6C4FBD9738A81F51BE053F03D {

}
[1779850083.208][DEBUG]: DevTools WebSocket Command: Runtime.evaluate (id=13) 0EA677E6C4FBD9738A81F51BE053F03D {
   "awaitPromise": true,
   "expression": "(function() { // Copyright (c) 2012 The Chromium Authors. All rights reserved.\n// Use of this source code is governed by a BSD-style license that can be\n// found in the LICENSE file.\n\n/**\n * Enum f...",
   "returnByValue": true
}
[1779850083.218][DEBUG]: DevTools WebSocket Response: Runtime.evaluate (id=13) 0EA677E6C4FBD9738A81F51BE053F03D {
   "result": {
      "type": "object",
      "value": {
         "status": 0,
         "value": 1
      }
   }
}
[1779850083.218][INFO]: [6d6a54ac6a81f45fc5bf60d2fceca1fa] RESPONSE InitSession {
   "capabilities": {
      "acceptInsecureCerts": false,
      "browserName": "chrome",
      "browserVersion": "91.0.4472.77",
      "chrome": {
         "chromedriverVersion": "91.0.4472.19 (1bf021f248676a0b2ab3ee0561d83a59e424c23e-refs/branch-heads/4472@{#288})",
         "userDataDir": "/tmp/.com.google.Chrome.NrXZaD"
      },
      "goog:chromeOptions": {
         "debuggerAddress": "localhost:45187"
      },
      "networkConnectionEnabled": false,
      "pageLoadStrategy": "normal",
      "platformName": "linux",
      "proxy": {

      },
      "setWindowRect": true,
      "strictFileInteractability": false,
      "timeouts": {
         "implicit": 0,
         "pageLoad": 300000,
         "script": 30000
      },
      "unhandledPromptBehavior": "dismiss and notify",
      "webauthn:extension:largeBlob": true,
      "webauthn:virtualAuthenticators": true
   },
   "sessionId": "6d6a54ac6a81f45fc5bf60d2fceca1fa"
}
[1779850083.487][INFO]: [6d6a54ac6a81f45fc5bf60d2fceca1fa] COMMAND MaximizeWindow {

}
[1779850083.487][INFO]: Waiting for pending navigations...
[1779850083.487][DEBUG]: DevTools WebSocket Command: Runtime.evaluate (id=14) 0EA677E6C4FBD9738A81F51BE053F03D {
   "expression": "1"
}
[1779850083.489][DEBUG]: DevTools WebSocket Response: Runtime.evaluate (id=14) 0EA677E6C4FBD9738A81F51BE053F03D {
   "result": {
      "description": "1",
      "type": "number",
      "value": 1
   }
}
[1779850083.490][INFO]: Done waiting for pending navigations. Status: ok
[1779850083.490][INFO]: resolved localhost to ["127.0.0.1","::1"]
[1779850083.490][DEBUG]: DevTools WebSocket Command: Browser.getWindowForTarget (id=1) browser {
   "targetId": "0EA677E6C4FBD9738A81F51BE053F03D"
}
[1779850083.490][DEBUG]: DevTools WebSocket Response: Browser.getWindowForTarget (id=1) browser {
   "bounds": {
      "height": 1038,
      "left": 10,
      "top": 10,
      "width": 945,
      "windowState": "normal"
   },
   "windowId": 1
}
[1779850083.492][DEBUG]: DevTools WebSocket Command: Browser.setWindowBounds (id=2) browser {
   "bounds": {
      "windowState": "maximized"
   },
   "windowId": 1
}
[1779850083.492][DEBUG]: DevTools WebSocket Response: Browser.setWindowBounds (id=2) browser {

}
[1779850083.592][DEBUG]: DevTools WebSocket Command: Browser.getWindowBounds (id=3) browser {
   "windowId": 1
}
[1779850083.592][DEBUG]: DevTools WebSocket Response: Browser.getWindowBounds (id=3) browser {
   "bounds": {
      "height": 1058,
      "left": 0,
      "top": 0,
      "width": 1920,
      "windowState": "maximized"
   }
}
[1779850083.593][DEBUG]: DevTools WebSocket Command: Browser.getWindowForTarget (id=4) browser {
   "targetId": "0EA677E6C4FBD9738A81F51BE053F03D"
}
[1779850083.593][DEBUG]: DevTools WebSocket Response: Browser.getWindowForTarget (id=4) browser {
   "bounds": {
      "height": 1058,
      "left": 0,
      "top": 0,
      "width": 1920,
      "windowState": "maximized"
   },
   "windowId": 1
}
[1779850083.593][INFO]: Waiting for pending navigations...
[1779850083.593][DEBUG]: DevTools WebSocket Event: Page.frameResized 0EA677E6C4FBD9738A81F51BE053F03D {

}
[1779850083.593][DEBUG]: DevTools WebSocket Event: Page.frameResized 0EA677E6C4FBD9738A81F51BE053F03D {

}
[1779850083.593][DEBUG]: DevTools WebSocket Command: Runtime.evaluate (id=15) 0EA677E6C4FBD9738A81F51BE053F03D {
   "expression": "1"
}
[1779850083.594][DEBUG]: DevTools WebSocket Response: Runtime.evaluate (id=15) 0EA677E6C4FBD9738A81F51BE053F03D {
   "result": {
      "description": "1",
      "type": "number",
      "value": 1
   }
}
[1779850083.594][INFO]: Done waiting for pending navigations. Status: ok
[1779850083.594][INFO]: [6d6a54ac6a81f45fc5bf60d2fceca1fa] RESPONSE MaximizeWindow {
   "height": 1058,
   "width": 1920,
   "x": 0,
   "y": 0
}
[1779850083.694][INFO]: [6d6a54ac6a81f45fc5bf60d2fceca1fa] COMMAND Navigate {
   "url": "https://xflix-qa.vercel.app/"
}
[1779850083.694][INFO]: Waiting for pending navigations...
[1779850083.694][DEBUG]: DevTools WebSocket Command: Runtime.evaluate (id=16) 0EA677E6C4FBD9738A81F51BE053F03D {
   "expression": "1"
}
[1779850083.695][DEBUG]: DevTools WebSocket Response: Runtime.evaluate (id=16) 0EA677E6C4FBD9738A81F51BE053F03D {
   "result": {
      "description": "1",
      "type": "number",
      "value": 1
   }
}
[1779850083.695][INFO]: Done waiting for pending navigations. Status: ok
[1779850083.695][DEBUG]: DevTools WebSocket Command: Page.navigate (id=17) 0EA677E6C4FBD9738A81F51BE053F03D {
   "url": "https://xflix-qa.vercel.app/"
}
[1779850083.763][DEBUG]: DevTools WebSocket Response: Page.navigate (id=17) 0EA677E6C4FBD9738A81F51BE053F03D {
   "frameId": "0EA677E6C4FBD9738A81F51BE053F03D",
   "loaderId": "E5C14E7F123CDB90C83C54F12AA8E740"
}
[1779850083.763][DEBUG]: DevTools WebSocket Command: Runtime.evaluate (id=18) 0EA677E6C4FBD9738A81F51BE053F03D {
   "expression": "document.URL"
}
[1779850083.767][DEBUG]: DevTools WebSocket Event: Runtime.executionContextsCleared 0EA677E6C4FBD9738A81F51BE053F03D {

}
[1779850083.767][DEBUG]: DevTools WebSocket Event: Page.frameStartedLoading 0EA677E6C4FBD9738A81F51BE053F03D {
   "frameId": "0EA677E6C4FBD9738A81F51BE053F03D"
}
[1779850083.783][DEBUG]: DevTools WebSocket Event: Runtime.executionContextsCleared 0EA677E6C4FBD9738A81F51BE053F03D {

}
[1779850083.783][DEBUG]: DevTools WebSocket Event: Page.frameNavigated 0EA677E6C4FBD9738A81F51BE053F03D {
   "frame": {
      "adFrameType": "none",
      "crossOriginIsolatedContextType": "NotIsolated",
      "domainAndRegistry": "xflix-qa.vercel.app",
      "gatedAPIFeatures": [ "SharedArrayBuffersTransferAllowed" ],
      "id": "0EA677E6C4FBD9738A81F51BE053F03D",
      "loaderId": "E5C14E7F123CDB90C83C54F12AA8E740",
      "mimeType": "text/html",
      "secureContextType": "Secure",
      "securityOrigin": "https://xflix-qa.vercel.app",
      "url": "https://xflix-qa.vercel.app/"
   }
}
[1779850083.783][DEBUG]: DevTools WebSocket Event: Runtime.executionContextCreated 0EA677E6C4FBD9738A81F51BE053F03D {
   "context": {
      "auxData": {
         "frameId": "0EA677E6C4FBD9738A81F51BE053F03D",
         "isDefault": true,
         "type": "default"
      },
      "id": 1,
      "name": "",
      "origin": "https://xflix-qa.vercel.app",
      "uniqueId": "-3719890655797112535.6580010523247416417"
   }
}
[1779850083.783][DEBUG]: DevTools WebSocket Event: DOM.documentUpdated 0EA677E6C4FBD9738A81F51BE053F03D {

}
[1779850083.783][DEBUG]: DevTools WebSocket Command: DOM.getDocument (id=19) 0EA677E6C4FBD9738A81F51BE053F03D {

}
[1779850083.795][DEBUG]: DevTools WebSocket Response: Runtime.evaluate (id=18) 0EA677E6C4FBD9738A81F51BE053F03D {
   "result": {
      "type": "string",
      "value": "https://xflix-qa.vercel.app/"
   }
}
[1779850083.795][INFO]: Waiting for pending navigations...
[1779850083.795][DEBUG]: DevTools WebSocket Command: Runtime.evaluate (id=20) 0EA677E6C4FBD9738A81F51BE053F03D {
   "expression": "1"
}
[1779850083.810][DEBUG]: DevTools WebSocket Response: DOM.getDocument (id=19) 0EA677E6C4FBD9738A81F51BE053F03D {
   "root": {
      "backendNodeId": 1,
      "baseURL": "https://xflix-qa.vercel.app/",
      "childNodeCount": 2,
      "children": [ {
         "backendNodeId": 2,
         "localName": "",
         "nodeId": 2,
         "nodeName": "html",
         "nodeType": 10,
         "nodeValue": "",
         "parentId": 1,
         "publicId": "",
         "systemId": ""
      }, {
         "attributes": [ "lang", "en" ],
         "backendNodeId": 3,
         "childNodeCount": 2,
         "children": [ {
            "attributes": [  ],
            "backendNodeId": 4,
            "childNodeCount": 7,
            "localName": "head",
            "nodeId": 4,
            "nodeName": "HEAD",
            "nodeType": 1,
            "nodeValue": "",
            "parentId": 3
         }, {
            "attributes": [  ],
            "backendNodeId": 5,
            "childNodeCount": 1,
            "localName": "body",
            "nodeId": 5,
            "nodeName": "BODY",
            "nodeType": 1,
            "nodeValue": "",
            "parentId": 3
         } ],
         "frameId": "0EA677E6C4FBD9738A81F51BE053F03D",
         "localName": "html",
         "nodeId": 3,
         "nodeName": "HTML",
         "nodeType": 1,
         "nodeValue": "",
         "parentId": 1
      } ],
      "documentURL": "https://xflix-qa.vercel.app/",
      "localName": "",
      "nodeId": 1,
      "nodeName": "#document",
      "nodeType": 9,
      "nodeValue": "",
      "xmlVersion": ""
   }
}
[1779850083.811][DEBUG]: DevTools WebSocket Response: Runtime.evaluate (id=20) 0EA677E6C4FBD9738A81F51BE053F03D {
   "result": {
      "description": "1",
      "type": "number",
      "value": 1
   }
}
[1779850083.869][DEBUG]: DevTools WebSocket Event: Page.navigatedWithinDocument 0EA677E6C4FBD9738A81F51BE053F03D {
   "frameId": "0EA677E6C4FBD9738A81F51BE053F03D",
   "url": "https://xflix-qa.vercel.app/"
}
[1779850083.869][DEBUG]: DevTools WebSocket Command: Runtime.evaluate (id=21) 0EA677E6C4FBD9738A81F51BE053F03D {
   "expression": "1"
}
[1779850083.870][DEBUG]: DevTools WebSocket Event: Page.loadEventFired 0EA677E6C4FBD9738A81F51BE053F03D {
   "timestamp": 4586.927452
}
[1779850083.870][DEBUG]: DevTools WebSocket Command: Runtime.evaluate (id=22) 0EA677E6C4FBD9738A81F51BE053F03D {
   "awaitPromise": false,
   "expression": "document.readyState",
   "returnByValue": true
}
[1779850083.870][DEBUG]: DevTools WebSocket Event: Page.frameStoppedLoading 0EA677E6C4FBD9738A81F51BE053F03D {
   "frameId": "0EA677E6C4FBD9738A81F51BE053F03D"
}
[1779850083.870][DEBUG]: DevTools WebSocket Event: DOM.documentUpdated 0EA677E6C4FBD9738A81F51BE053F03D {

}
[1779850083.870][DEBUG]: DevTools WebSocket Command: DOM.getDocument (id=23) 0EA677E6C4FBD9738A81F51BE053F03D {

}
[1779850083.870][DEBUG]: DevTools WebSocket Event: Page.domContentEventFired 0EA677E6C4FBD9738A81F51BE053F03D {
   "timestamp": 4586.927897
}
[1779850083.871][DEBUG]: DevTools WebSocket Event: Page.frameResized 0EA677E6C4FBD9738A81F51BE053F03D {

}
[1779850083.915][DEBUG]: DevTools WebSocket Response: Runtime.evaluate (id=21) 0EA677E6C4FBD9738A81F51BE053F03D {
   "result": {
      "description": "1",
      "type": "number",
      "value": 1
   }
}
[1779850083.916][DEBUG]: DevTools WebSocket Response: Runtime.evaluate (id=22) 0EA677E6C4FBD9738A81F51BE053F03D {
   "result": {
      "type": "string",
      "value": "complete"
   }
}
[1779850083.916][INFO]: Done waiting for pending navigations. Status: ok
[1779850083.916][INFO]: [6d6a54ac6a81f45fc5bf60d2fceca1fa] RESPONSE Navigate
[1779850083.940][INFO]: [6d6a54ac6a81f45fc5bf60d2fceca1fa] COMMAND GetUrl {

}
[1779850083.940][DEBUG]: DevTools WebSocket Response: DOM.getDocument (id=23) 0EA677E6C4FBD9738A81F51BE053F03D {
   "root": {
      "backendNodeId": 1,
      "baseURL": "https://xflix-qa.vercel.app/",
      "childNodeCount": 2,
      "children": [ {
         "backendNodeId": 2,
         "localName": "",
         "nodeId": 7,
         "nodeName": "html",
         "nodeType": 10,
         "nodeValue": "",
         "parentId": 6,
         "publicId": "",
         "systemId": ""
      }, {
         "attributes": [ "lang", "en" ],
         "backendNodeId": 3,
         "childNodeCount": 2,
         "children": [ {
            "attributes": [  ],
            "backendNodeId": 4,
            "childNodeCount": 7,
            "localName": "head",
            "nodeId": 9,
            "nodeName": "HEAD",
            "nodeType": 1,
            "nodeValue": "",
            "parentId": 8
         }, {
            "attributes": [  ],
            "backendNodeId": 5,
            "childNodeCount": 1,
            "localName": "body",
            "nodeId": 10,
            "nodeName": "BODY",
            "nodeType": 1,
            "nodeValue": "",
            "parentId": 8
         } ],
         "frameId": "0EA677E6C4FBD9738A81F51BE053F03D",
         "localName": "html",
         "nodeId": 8,
         "nodeName": "HTML",
         "nodeType": 1,
         "nodeValue": "",
         "parentId": 6
      } ],
      "documentURL": "https://xflix-qa.vercel.app/",
      "localName": "",
      "nodeId": 6,
      "nodeName": "#document",
      "nodeType": 9,
      "nodeValue": "",
      "xmlVersion": ""
   }
}
[1779850083.940][INFO]: Waiting for pending navigations...
[1779850083.940][DEBUG]: DevTools WebSocket Command: Runtime.evaluate (id=24) 0EA677E6C4FBD9738A81F51BE053F03D {
   "expression": "1"
}
[1779850083.981][DEBUG]: DevTools WebSocket Response: Runtime.evaluate (id=24) 0EA677E6C4FBD9738A81F51BE053F03D {
   "result": {
      "description": "1",
      "type": "number",
      "value": 1
   }
}
[1779850083.981][INFO]: Done waiting for pending navigations. Status: ok
[1779850083.982][DEBUG]: DevTools WebSocket Command: Runtime.evaluate (id=25) 0EA677E6C4FBD9738A81F51BE053F03D {
   "awaitPromise": true,
   "expression": "(function() { // Copyright (c) 2012 The Chromium Authors. All rights reserved.\n// Use of this source code is governed by a BSD-style license that can be\n// found in the LICENSE file.\n\n/**\n * Enum f...",
   "returnByValue": true
}
[1779850084.014][DEBUG]: DevTools WebSocket Response: Runtime.evaluate (id=25) 0EA677E6C4FBD9738A81F51BE053F03D {
   "result": {
      "type": "object",
      "value": {
         "status": 0,
         "value": "https://xflix-qa.vercel.app/"
      }
   }
}
[1779850084.014][INFO]: Waiting for pending navigations...
[1779850084.014][DEBUG]: DevTools WebSocket Command: Runtime.evaluate (id=26) 0EA677E6C4FBD9738A81F51BE053F03D {
   "expression": "1"
}
[1779850084.031][DEBUG]: DevTools WebSocket Response: Runtime.evaluate (id=26) 0EA677E6C4FBD9738A81F51BE053F03D {
   "result": {
      "description": "1",
      "type": "number",
      "value": 1
   }
}
[1779850084.031][INFO]: Done waiting for pending navigations. Status: ok
[1779850084.031][INFO]: [6d6a54ac6a81f45fc5bf60d2fceca1fa] RESPONSE GetUrl "https://xflix-qa.vercel.app/"
[1779850084.076][INFO]: [6d6a54ac6a81f45fc5bf60d2fceca1fa] COMMAND Navigate {
   "url": "https://xflix-qa.vercel.app/"
}
[1779850084.076][INFO]: Waiting for pending navigations...
[1779850084.076][DEBUG]: DevTools WebSocket Command: Runtime.evaluate (id=27) 0EA677E6C4FBD9738A81F51BE053F03D {
   "expression": "1"
}
[1779850084.083][DEBUG]: DevTools WebSocket Response: Runtime.evaluate (id=27) 0EA677E6C4FBD9738A81F51BE053F03D {
   "result": {
      "description": "1",
      "type": "number",
      "value": 1
   }
}
[1779850084.083][INFO]: Done waiting for pending navigations. Status: ok
[1779850084.083][DEBUG]: DevTools WebSocket Command: Page.navigate (id=28) 0EA677E6C4FBD9738A81F51BE053F03D {
   "url": "https://xflix-qa.vercel.app/"
}
[1779850084.115][DEBUG]: DevTools WebSocket Response: Page.navigate (id=28) 0EA677E6C4FBD9738A81F51BE053F03D {
   "frameId": "0EA677E6C4FBD9738A81F51BE053F03D",
   "loaderId": "40640B9CD09D4A81E19399302ABB854B"
}
[1779850084.115][DEBUG]: DevTools WebSocket Command: Runtime.evaluate (id=29) 0EA677E6C4FBD9738A81F51BE053F03D {
   "expression": "document.URL"
}
[1779850084.256][DEBUG]: DevTools WebSocket Event: Page.frameStartedLoading 0EA677E6C4FBD9738A81F51BE053F03D {
   "frameId": "0EA677E6C4FBD9738A81F51BE053F03D"
}
[1779850084.268][DEBUG]: DevTools WebSocket Event: Runtime.executionContextsCleared 0EA677E6C4FBD9738A81F51BE053F03D {

}
[1779850084.268][DEBUG]: DevTools WebSocket Event: Page.frameNavigated 0EA677E6C4FBD9738A81F51BE053F03D {
   "frame": {
      "adFrameType": "none",
      "crossOriginIsolatedContextType": "NotIsolated",
      "domainAndRegistry": "xflix-qa.vercel.app",
      "gatedAPIFeatures": [ "SharedArrayBuffersTransferAllowed" ],
      "id": "0EA677E6C4FBD9738A81F51BE053F03D",
      "loaderId": "40640B9CD09D4A81E19399302ABB854B",
      "mimeType": "text/html",
      "secureContextType": "Secure",
      "securityOrigin": "https://xflix-qa.vercel.app",
      "url": "https://xflix-qa.vercel.app/"
   }
}
[1779850084.268][DEBUG]: DevTools WebSocket Event: Runtime.executionContextCreated 0EA677E6C4FBD9738A81F51BE053F03D {
   "context": {
      "auxData": {
         "frameId": "0EA677E6C4FBD9738A81F51BE053F03D",
         "isDefault": true,
         "type": "default"
      },
      "id": 2,
      "name": "",
      "origin": "https://xflix-qa.vercel.app",
      "uniqueId": "-3460396660884703406.6350593434477023927"
   }
}
[1779850084.268][DEBUG]: DevTools WebSocket Event: DOM.documentUpdated 0EA677E6C4FBD9738A81F51BE053F03D {

}
[1779850084.268][DEBUG]: DevTools WebSocket Command: DOM.getDocument (id=30) 0EA677E6C4FBD9738A81F51BE053F03D {

}
[1779850084.272][DEBUG]: DevTools WebSocket Response: Runtime.evaluate (id=29) 0EA677E6C4FBD9738A81F51BE053F03D {
   "result": {
      "type": "string",
      "value": "https://xflix-qa.vercel.app/"
   }
}
[1779850084.272][INFO]: Waiting for pending navigations...
[1779850084.272][DEBUG]: DevTools WebSocket Command: Runtime.evaluate (id=31) 0EA677E6C4FBD9738A81F51BE053F03D {
   "expression": "1"
}
[1779850084.297][DEBUG]: DevTools WebSocket Response: DOM.getDocument (id=30) 0EA677E6C4FBD9738A81F51BE053F03D {
   "root": {
      "backendNodeId": 95,
      "baseURL": "https://xflix-qa.vercel.app/",
      "childNodeCount": 2,
      "children": [ {
         "backendNodeId": 96,
         "localName": "",
         "nodeId": 12,
         "nodeName": "html",
         "nodeType": 10,
         "nodeValue": "",
         "parentId": 11,
         "publicId": "",
         "systemId": ""
      }, {
         "attributes": [ "lang", "en" ],
         "backendNodeId": 97,
         "childNodeCount": 2,
         "children": [ {
            "attributes": [  ],
            "backendNodeId": 98,
            "childNodeCount": 7,
            "localName": "head",
            "nodeId": 14,
            "nodeName": "HEAD",
            "nodeType": 1,
            "nodeValue": "",
            "parentId": 13
         }, {
            "attributes": [  ],
            "backendNodeId": 99,
            "childNodeCount": 1,
            "localName": "body",
            "nodeId": 15,
            "nodeName": "BODY",
            "nodeType": 1,
            "nodeValue": "",
            "parentId": 13
         } ],
         "frameId": "0EA677E6C4FBD9738A81F51BE053F03D",
         "localName": "html",
         "nodeId": 13,
         "nodeName": "HTML",
         "nodeType": 1,
         "nodeValue": "",
         "parentId": 11
      } ],
      "documentURL": "https://xflix-qa.vercel.app/",
      "localName": "",
      "nodeId": 11,
      "nodeName": "#document",
      "nodeType": 9,
      "nodeValue": "",
      "xmlVersion": ""
   }
}
[1779850084.297][DEBUG]: DevTools WebSocket Response: Runtime.evaluate (id=31) 0EA677E6C4FBD9738A81F51BE053F03D {
   "result": {
      "description": "1",
      "type": "number",
      "value": 1
   }
}
[1779850084.325][DEBUG]: DevTools WebSocket Event: Page.loadEventFired 0EA677E6C4FBD9738A81F51BE053F03D {
   "timestamp": 4587.384683
}
[1779850084.325][DEBUG]: DevTools WebSocket Command: Runtime.evaluate (id=32) 0EA677E6C4FBD9738A81F51BE053F03D {
   "awaitPromise": false,
   "expression": "document.readyState",
   "returnByValue": true
}
[1779850084.325][DEBUG]: DevTools WebSocket Event: Page.frameStoppedLoading 0EA677E6C4FBD9738A81F51BE053F03D {
   "frameId": "0EA677E6C4FBD9738A81F51BE053F03D"
}
[1779850084.325][DEBUG]: DevTools WebSocket Event: DOM.documentUpdated 0EA677E6C4FBD9738A81F51BE053F03D {

}
[1779850084.325][DEBUG]: DevTools WebSocket Command: DOM.getDocument (id=33) 0EA677E6C4FBD9738A81F51BE053F03D {

}
[1779850084.326][DEBUG]: DevTools WebSocket Event: Page.domContentEventFired 0EA677E6C4FBD9738A81F51BE053F03D {
   "timestamp": 4587.388326
}
[1779850084.419][DEBUG]: DevTools WebSocket Response: Runtime.evaluate (id=32) 0EA677E6C4FBD9738A81F51BE053F03D {
   "result": {
      "type": "string",
      "value": "complete"
   }
}
[1779850084.419][DEBUG]: DevTools WebSocket Command: Runtime.evaluate (id=34) 0EA677E6C4FBD9738A81F51BE053F03D {
   "expression": "1"
}
[1779850084.420][DEBUG]: DevTools WebSocket Response: DOM.getDocument (id=33) 0EA677E6C4FBD9738A81F51BE053F03D {
   "root": {
      "backendNodeId": 95,
      "baseURL": "https://xflix-qa.vercel.app/",
      "childNodeCount": 2,
      "children": [ {
         "backendNodeId": 96,
         "localName": "",
         "nodeId": 17,
         "nodeName": "html",
         "nodeType": 10,
         "nodeValue": "",
         "parentId": 16,
         "publicId": "",
         "systemId": ""
      }, {
         "attributes": [ "lang", "en" ],
         "backendNodeId": 97,
         "childNodeCount": 2,
         "children": [ {
            "attributes": [  ],
            "backendNodeId": 98,
            "childNodeCount": 7,
            "localName": "head",
            "nodeId": 19,
            "nodeName": "HEAD",
            "nodeType": 1,
            "nodeValue": "",
            "parentId": 18
         }, {
            "attributes": [  ],
            "backendNodeId": 99,
            "childNodeCount": 1,
            "localName": "body",
            "nodeId": 20,
            "nodeName": "BODY",
            "nodeType": 1,
            "nodeValue": "",
            "parentId": 18
         } ],
         "frameId": "0EA677E6C4FBD9738A81F51BE053F03D",
         "localName": "html",
         "nodeId": 18,
         "nodeName": "HTML",
         "nodeType": 1,
         "nodeValue": "",
         "parentId": 16
      } ],
      "documentURL": "https://xflix-qa.vercel.app/",
      "localName": "",
      "nodeId": 16,
      "nodeName": "#document",
      "nodeType": 9,
      "nodeValue": "",
      "xmlVersion": ""
   }
}
[1779850084.425][DEBUG]: DevTools WebSocket Response: Runtime.evaluate (id=34) 0EA677E6C4FBD9738A81F51BE053F03D {
   "result": {
      "description": "1",
      "type": "number",
      "value": 1
   }
}
[1779850084.425][INFO]: Done waiting for pending navigations. Status: ok
[1779850084.425][INFO]: [6d6a54ac6a81f45fc5bf60d2fceca1fa] RESPONSE Navigate
[1779850084.475][INFO]: [6d6a54ac6a81f45fc5bf60d2fceca1fa] COMMAND FindElement {
   "using": "css selector",
   "value": ".search\\-input"
}
[1779850084.475][INFO]: Waiting for pending navigations...
[1779850084.475][DEBUG]: DevTools WebSocket Command: Runtime.evaluate (id=35) 0EA677E6C4FBD9738A81F51BE053F03D {
   "expression": "1"
}
[1779850084.496][DEBUG]: DevTools WebSocket Response: Runtime.evaluate (id=35) 0EA677E6C4FBD9738A81F51BE053F03D {
   "result": {
      "description": "1",
      "type": "number",
      "value": 1
   }
}
[1779850084.496][INFO]: Done waiting for pending navigations. Status: ok
[1779850084.500][DEBUG]: DevTools WebSocket Command: Runtime.evaluate (id=36) 0EA677E6C4FBD9738A81F51BE053F03D {
   "awaitPromise": true,
   "expression": "(function() { // Copyright (c) 2012 The Chromium Authors. All rights reserved.\n// Use of this source code is governed by a BSD-style license that can be\n// found in the LICENSE file.\n\n/**\n * Enum f...",
   "returnByValue": true
}
[1779850084.510][DEBUG]: DevTools WebSocket Response: Runtime.evaluate (id=36) 0EA677E6C4FBD9738A81F51BE053F03D {
   "result": {
      "type": "object",
      "value": {
         "status": 0,
         "value": {
            "element-6066-11e4-a52e-4f735466cecf": "ae500cfa-f158-4c1d-bc1a-a2f6bd50babc"
         }
      }
   }
}
[1779850084.510][INFO]: Waiting for pending navigations...
[1779850084.510][DEBUG]: DevTools WebSocket Command: Runtime.evaluate (id=37) 0EA677E6C4FBD9738A81F51BE053F03D {
   "expression": "1"
}
[1779850084.513][DEBUG]: DevTools WebSocket Response: Runtime.evaluate (id=37) 0EA677E6C4FBD9738A81F51BE053F03D {
   "result": {
      "description": "1",
      "type": "number",
      "value": 1
   }
}
[1779850084.513][INFO]: Done waiting for pending navigations. Status: ok
[1779850084.513][INFO]: [6d6a54ac6a81f45fc5bf60d2fceca1fa] RESPONSE FindElement {
   "element-6066-11e4-a52e-4f735466cecf": "ae500cfa-f158-4c1d-bc1a-a2f6bd50babc"
}
[1779850084.570][INFO]: [6d6a54ac6a81f45fc5bf60d2fceca1fa] COMMAND TypeElement {
   "id": "ae500cfa-f158-4c1d-bc1a-a2f6bd50babc",
   "text": "frameworks",
   "value": [ "f", "r", "a", "m", "e", "w", "o", "r", "k", "s" ]
}
[1779850084.570][INFO]: Waiting for pending navigations...
[1779850084.570][DEBUG]: DevTools WebSocket Command: Runtime.evaluate (id=38) 0EA677E6C4FBD9738A81F51BE053F03D {
   "expression": "1"
}
[1779850084.586][DEBUG]: DevTools WebSocket Response: Runtime.evaluate (id=38) 0EA677E6C4FBD9738A81F51BE053F03D {
   "result": {
      "description": "1",
      "type": "number",
      "value": 1
   }
}
[1779850084.586][INFO]: Done waiting for pending navigations. Status: ok
[1779850084.588][DEBUG]: DevTools WebSocket Command: Runtime.evaluate (id=39) 0EA677E6C4FBD9738A81F51BE053F03D {
   "awaitPromise": true,
   "expression": "(function() { // Copyright (c) 2012 The Chromium Authors. All rights reserved.\n// Use of this source code is governed by a BSD-style license that can be\n// found in the LICENSE file.\n\n/**\n * Enum f...",
   "returnByValue": true
}
[1779850084.596][DEBUG]: DevTools WebSocket Response: Runtime.evaluate (id=39) 0EA677E6C4FBD9738A81F51BE053F03D {
   "result": {
      "type": "object",
      "value": {
         "status": 0,
         "value": "INPUT"
      }
   }
}
[1779850084.600][DEBUG]: DevTools WebSocket Command: Runtime.evaluate (id=40) 0EA677E6C4FBD9738A81F51BE053F03D {
   "awaitPromise": true,
   "expression": "(function() { // Copyright (c) 2012 The Chromium Authors. All rights reserved.\n// Use of this source code is governed by a BSD-style license that can be\n// found in the LICENSE file.\n\n/**\n * Enum f...",
   "returnByValue": true
}
[1779850084.610][DEBUG]: DevTools WebSocket Response: Runtime.evaluate (id=40) 0EA677E6C4FBD9738A81F51BE053F03D {
   "result": {
      "type": "object",
      "value": {
         "status": 0,
         "value": "search"
      }
   }
}
[1779850084.611][DEBUG]: DevTools WebSocket Command: Runtime.evaluate (id=41) 0EA677E6C4FBD9738A81F51BE053F03D {
   "awaitPromise": true,
   "expression": "(function() { // Copyright (c) 2012 The Chromium Authors. All rights reserved.\n// Use of this source code is governed by a BSD-style license that can be\n// found in the LICENSE file.\n\n/**\n * Enum f...",
   "returnByValue": true
}
[1779850084.613][DEBUG]: DevTools WebSocket Response: Runtime.evaluate (id=41) 0EA677E6C4FBD9738A81F51BE053F03D {
   "result": {
      "type": "object",
      "value": {
         "status": 0,
         "value": false
      }
   }
}
[1779850084.615][DEBUG]: DevTools WebSocket Command: Runtime.evaluate (id=42) 0EA677E6C4FBD9738A81F51BE053F03D {
   "awaitPromise": true,
   "expression": "(function() { // Copyright (c) 2012 The Chromium Authors. All rights reserved.\n// Use of this source code is governed by a BSD-style license that can be\n// found in the LICENSE file.\n\n/**\n * Enum f...",
   "returnByValue": true
}
[1779850084.622][DEBUG]: DevTools WebSocket Response: Runtime.evaluate (id=42) 0EA677E6C4FBD9738A81F51BE053F03D {
   "result": {
      "type": "object",
      "value": {
         "status": 0,
         "value": "INPUT"
      }
   }
}
[1779850084.622][DEBUG]: DevTools WebSocket Command: Runtime.evaluate (id=43) 0EA677E6C4FBD9738A81F51BE053F03D {
   "awaitPromise": false,
   "expression": "document.hasFocus()",
   "returnByValue": true
}
[1779850084.626][DEBUG]: DevTools WebSocket Response: Runtime.evaluate (id=43) 0EA677E6C4FBD9738A81F51BE053F03D {
   "result": {
      "type": "boolean",
      "value": true
   }
}
[1779850084.626][DEBUG]: DevTools WebSocket Command: Runtime.evaluate (id=44) 0EA677E6C4FBD9738A81F51BE053F03D {
   "awaitPromise": true,
   "expression": "(function() { // Copyright (c) 2012 The Chromium Authors. All rights reserved.\n// Use of this source code is governed by a BSD-style license that can be\n// found in the LICENSE file.\n\n/**\n * Enum f...",
   "returnByValue": true
}
[1779850084.629][DEBUG]: DevTools WebSocket Response: Runtime.evaluate (id=44) 0EA677E6C4FBD9738A81F51BE053F03D {
   "result": {
      "type": "object",
      "value": {
         "status": 0,
         "value": {
            "element-6066-11e4-a52e-4f735466cecf": "a199620f-84a3-409d-8283-8a67b40782a0"
         }
      }
   }
}
[1779850084.631][DEBUG]: DevTools WebSocket Command: Runtime.evaluate (id=45) 0EA677E6C4FBD9738A81F51BE053F03D {
   "awaitPromise": true,
   "expression": "(function() { // Copyright (c) 2012 The Chromium Authors. All rights reserved.\n// Use of this source code is governed by a BSD-style license that can be\n// found in the LICENSE file.\n\n/**\n * Enum f...",
   "returnByValue": true
}
[1779850084.640][DEBUG]: DevTools WebSocket Response: Runtime.evaluate (id=45) 0EA677E6C4FBD9738A81F51BE053F03D {
   "result": {
      "type": "object",
      "value": {
         "status": 0,
         "value": true
      }
   }
}
[1779850084.641][DEBUG]: DevTools WebSocket Command: Runtime.evaluate (id=46) 0EA677E6C4FBD9738A81F51BE053F03D {
   "awaitPromise": true,
   "expression": "(function() { // Copyright (c) 2012 The Chromium Authors. All rights reserved.\n// Use of this source code is governed by a BSD-style license that can be\n// found in the LICENSE file.\n\n/**\n * Enum f...",
   "returnByValue": true
}
[1779850084.646][DEBUG]: DevTools WebSocket Response: Runtime.evaluate (id=46) 0EA677E6C4FBD9738A81F51BE053F03D {
   "result": {
      "type": "object",
      "value": {
         "status": 0,
         "value": true
      }
   }
}
[1779850084.647][DEBUG]: DevTools WebSocket Command: Runtime.evaluate (id=47) 0EA677E6C4FBD9738A81F51BE053F03D {
   "awaitPromise": true,
   "expression": "(function() { // Copyright (c) 2012 The Chromium Authors. All rights reserved.\n// Use of this source code is governed by a BSD-style license that can be\n// found in the LICENSE file.\n\n/**\n * Enum f...",
   "returnByValue": true
}
[1779850084.650][DEBUG]: DevTools WebSocket Response: Runtime.evaluate (id=47) 0EA677E6C4FBD9738A81F51BE053F03D {
   "result": {
      "type": "object",
      "value": {
         "status": 0,
         "value": null
      }
   }
}
[1779850084.651][DEBUG]: DevTools WebSocket Command: Runtime.evaluate (id=48) 0EA677E6C4FBD9738A81F51BE053F03D {
   "awaitPromise": true,
   "expression": "(function() { // Copyright (c) 2012 The Chromium Authors. All rights reserved.\n// Use of this source code is governed by a BSD-style license that can be\n// found in the LICENSE file.\n\n/**\n * Enum f...",
   "returnByValue": true
}
[1779850084.653][DEBUG]: DevTools WebSocket Response: Runtime.evaluate (id=48) 0EA677E6C4FBD9738A81F51BE053F03D {
   "result": {
      "type": "object",
      "value": {
         "status": 0,
         "value": null
      }
   }
}
[1779850084.654][DEBUG]: DevTools WebSocket Command: Input.dispatchKeyEvent (id=49) 0EA677E6C4FBD9738A81F51BE053F03D {
   "code": "KeyF",
   "key": "f",
   "modifiers": 0,
   "text": "f",
   "type": "rawKeyDown",
   "unmodifiedText": "f",
   "windowsVirtualKeyCode": 70
}
[1779850084.655][DEBUG]: DevTools WebSocket Command: Input.dispatchKeyEvent (id=50) 0EA677E6C4FBD9738A81F51BE053F03D {
   "code": "KeyF",
   "key": "f",
   "modifiers": 0,
   "text": "f",
   "type": "char",
   "unmodifiedText": "f",
   "windowsVirtualKeyCode": 70
}
[1779850084.655][DEBUG]: DevTools WebSocket Command: Input.dispatchKeyEvent (id=51) 0EA677E6C4FBD9738A81F51BE053F03D {
   "code": "KeyF",
   "key": "f",
   "modifiers": 0,
   "text": "f",
   "type": "keyUp",
   "unmodifiedText": "f",
   "windowsVirtualKeyCode": 70
}
[1779850084.655][DEBUG]: DevTools WebSocket Command: Input.dispatchKeyEvent (id=52) 0EA677E6C4FBD9738A81F51BE053F03D {
   "code": "KeyR",
   "key": "r",
   "modifiers": 0,
   "text": "r",
   "type": "rawKeyDown",
   "unmodifiedText": "r",
   "windowsVirtualKeyCode": 82
}
[1779850084.655][DEBUG]: DevTools WebSocket Command: Input.dispatchKeyEvent (id=53) 0EA677E6C4FBD9738A81F51BE053F03D {
   "code": "KeyR",
   "key": "r",
   "modifiers": 0,
   "text": "r",
   "type": "char",
   "unmodifiedText": "r",
   "windowsVirtualKeyCode": 82
}
[1779850084.655][DEBUG]: DevTools WebSocket Command: Input.dispatchKeyEvent (id=54) 0EA677E6C4FBD9738A81F51BE053F03D {
   "code": "KeyR",
   "key": "r",
   "modifiers": 0,
   "text": "r",
   "type": "keyUp",
   "unmodifiedText": "r",
   "windowsVirtualKeyCode": 82
}
[1779850084.655][DEBUG]: DevTools WebSocket Command: Input.dispatchKeyEvent (id=55) 0EA677E6C4FBD9738A81F51BE053F03D {
   "code": "KeyA",
   "key": "a",
   "modifiers": 0,
   "text": "a",
   "type": "rawKeyDown",
   "unmodifiedText": "a",
   "windowsVirtualKeyCode": 65
}
[1779850084.655][DEBUG]: DevTools WebSocket Command: Input.dispatchKeyEvent (id=56) 0EA677E6C4FBD9738A81F51BE053F03D {
   "code": "KeyA",
   "key": "a",
   "modifiers": 0,
   "text": "a",
   "type": "char",
   "unmodifiedText": "a",
   "windowsVirtualKeyCode": 65
}
[1779850084.656][DEBUG]: DevTools WebSocket Command: Input.dispatchKeyEvent (id=57) 0EA677E6C4FBD9738A81F51BE053F03D {
   "code": "KeyA",
   "key": "a",
   "modifiers": 0,
   "text": "a",
   "type": "keyUp",
   "unmodifiedText": "a",
   "windowsVirtualKeyCode": 65
}
[1779850084.656][DEBUG]: DevTools WebSocket Command: Input.dispatchKeyEvent (id=58) 0EA677E6C4FBD9738A81F51BE053F03D {
   "code": "KeyM",
   "key": "m",
   "modifiers": 0,
   "text": "m",
   "type": "rawKeyDown",
   "unmodifiedText": "m",
   "windowsVirtualKeyCode": 77
}
[1779850084.656][DEBUG]: DevTools WebSocket Command: Input.dispatchKeyEvent (id=59) 0EA677E6C4FBD9738A81F51BE053F03D {
   "code": "KeyM",
   "key": "m",
   "modifiers": 0,
   "text": "m",
   "type": "char",
   "unmodifiedText": "m",
   "windowsVirtualKeyCode": 77
}
[1779850084.656][DEBUG]: DevTools WebSocket Command: Input.dispatchKeyEvent (id=60) 0EA677E6C4FBD9738A81F51BE053F03D {
   "code": "KeyM",
   "key": "m",
   "modifiers": 0,
   "text": "m",
   "type": "keyUp",
   "unmodifiedText": "m",
   "windowsVirtualKeyCode": 77
}
[1779850084.656][DEBUG]: DevTools WebSocket Command: Input.dispatchKeyEvent (id=61) 0EA677E6C4FBD9738A81F51BE053F03D {
   "code": "KeyE",
   "key": "e",
   "modifiers": 0,
   "text": "e",
   "type": "rawKeyDown",
   "unmodifiedText": "e",
   "windowsVirtualKeyCode": 69
}
[1779850084.656][DEBUG]: DevTools WebSocket Command: Input.dispatchKeyEvent (id=62) 0EA677E6C4FBD9738A81F51BE053F03D {
   "code": "KeyE",
   "key": "e",
   "modifiers": 0,
   "text": "e",
   "type": "char",
   "unmodifiedText": "e",
   "windowsVirtualKeyCode": 69
}
[1779850084.656][DEBUG]: DevTools WebSocket Command: Input.dispatchKeyEvent (id=63) 0EA677E6C4FBD9738A81F51BE053F03D {
   "code": "KeyE",
   "key": "e",
   "modifiers": 0,
   "text": "e",
   "type": "keyUp",
   "unmodifiedText": "e",
   "windowsVirtualKeyCode": 69
}
[1779850084.657][DEBUG]: DevTools WebSocket Command: Input.dispatchKeyEvent (id=64) 0EA677E6C4FBD9738A81F51BE053F03D {
   "code": "KeyW",
   "key": "w",
   "modifiers": 0,
   "text": "w",
   "type": "rawKeyDown",
   "unmodifiedText": "w",
   "windowsVirtualKeyCode": 87
}
[1779850084.657][DEBUG]: DevTools WebSocket Command: Input.dispatchKeyEvent (id=65) 0EA677E6C4FBD9738A81F51BE053F03D {
   "code": "KeyW",
   "key": "w",
   "modifiers": 0,
   "text": "w",
   "type": "char",
   "unmodifiedText": "w",
   "windowsVirtualKeyCode": 87
}
[1779850084.657][DEBUG]: DevTools WebSocket Command: Input.dispatchKeyEvent (id=66) 0EA677E6C4FBD9738A81F51BE053F03D {
   "code": "KeyW",
   "key": "w",
   "modifiers": 0,
   "text": "w",
   "type": "keyUp",
   "unmodifiedText": "w",
   "windowsVirtualKeyCode": 87
}
[1779850084.657][DEBUG]: DevTools WebSocket Command: Input.dispatchKeyEvent (id=67) 0EA677E6C4FBD9738A81F51BE053F03D {
   "code": "KeyO",
   "key": "o",
   "modifiers": 0,
   "text": "o",
   "type": "rawKeyDown",
   "unmodifiedText": "o",
   "windowsVirtualKeyCode": 79
}
[1779850084.657][DEBUG]: DevTools WebSocket Command: Input.dispatchKeyEvent (id=68) 0EA677E6C4FBD9738A81F51BE053F03D {
   "code": "KeyO",
   "key": "o",
   "modifiers": 0,
   "text": "o",
   "type": "char",
   "unmodifiedText": "o",
   "windowsVirtualKeyCode": 79
}
[1779850084.657][DEBUG]: DevTools WebSocket Command: Input.dispatchKeyEvent (id=69) 0EA677E6C4FBD9738A81F51BE053F03D {
   "code": "KeyO",
   "key": "o",
   "modifiers": 0,
   "text": "o",
   "type": "keyUp",
   "unmodifiedText": "o",
   "windowsVirtualKeyCode": 79
}
[1779850084.657][DEBUG]: DevTools WebSocket Command: Input.dispatchKeyEvent (id=70) 0EA677E6C4FBD9738A81F51BE053F03D {
   "code": "KeyR",
   "key": "r",
   "modifiers": 0,
   "text": "r",
   "type": "rawKeyDown",
   "unmodifiedText": "r",
   "windowsVirtualKeyCode": 82
}
[1779850084.657][DEBUG]: DevTools WebSocket Command: Input.dispatchKeyEvent (id=71) 0EA677E6C4FBD9738A81F51BE053F03D {
   "code": "KeyR",
   "key": "r",
   "modifiers": 0,
   "text": "r",
   "type": "char",
   "unmodifiedText": "r",
   "windowsVirtualKeyCode": 82
}
[1779850084.657][DEBUG]: DevTools WebSocket Command: Input.dispatchKeyEvent (id=72) 0EA677E6C4FBD9738A81F51BE053F03D {
   "code": "KeyR",
   "key": "r",
   "modifiers": 0,
   "text": "r",
   "type": "keyUp",
   "unmodifiedText": "r",
   "windowsVirtualKeyCode": 82
}
[1779850084.657][DEBUG]: DevTools WebSocket Command: Input.dispatchKeyEvent (id=73) 0EA677E6C4FBD9738A81F51BE053F03D {
   "code": "KeyK",
   "key": "k",
   "modifiers": 0,
   "text": "k",
   "type": "rawKeyDown",
   "unmodifiedText": "k",
   "windowsVirtualKeyCode": 75
}
[1779850084.662][DEBUG]: DevTools WebSocket Command: Input.dispatchKeyEvent (id=74) 0EA677E6C4FBD9738A81F51BE053F03D {
   "code": "KeyK",
   "key": "k",
   "modifiers": 0,
   "text": "k",
   "type": "char",
   "unmodifiedText": "k",
   "windowsVirtualKeyCode": 75
}
[1779850084.662][DEBUG]: DevTools WebSocket Command: Input.dispatchKeyEvent (id=75) 0EA677E6C4FBD9738A81F51BE053F03D {
   "code": "KeyK",
   "key": "k",
   "modifiers": 0,
   "text": "k",
   "type": "keyUp",
   "unmodifiedText": "k",
   "windowsVirtualKeyCode": 75
}
[1779850084.662][DEBUG]: DevTools WebSocket Command: Input.dispatchKeyEvent (id=76) 0EA677E6C4FBD9738A81F51BE053F03D {
   "code": "KeyS",
   "key": "s",
   "modifiers": 0,
   "text": "s",
   "type": "rawKeyDown",
   "unmodifiedText": "s",
   "windowsVirtualKeyCode": 83
}
[1779850084.662][DEBUG]: DevTools WebSocket Command: Input.dispatchKeyEvent (id=77) 0EA677E6C4FBD9738A81F51BE053F03D {
   "code": "KeyS",
   "key": "s",
   "modifiers": 0,
   "text": "s",
   "type": "char",
   "unmodifiedText": "s",
   "windowsVirtualKeyCode": 83
}
[1779850084.663][DEBUG]: DevTools WebSocket Command: Input.dispatchKeyEvent (id=78) 0EA677E6C4FBD9738A81F51BE053F03D {
   "code": "KeyS",
   "key": "s",
   "modifiers": 0,
   "text": "s",
   "type": "keyUp",
   "unmodifiedText": "s",
   "windowsVirtualKeyCode": 83
}
[1779850084.666][DEBUG]: DevTools WebSocket Response: Input.dispatchKeyEvent (id=49) 0EA677E6C4FBD9738A81F51BE053F03D {

}
[1779850084.688][DEBUG]: DevTools WebSocket Response: Input.dispatchKeyEvent (id=50) 0EA677E6C4FBD9738A81F51BE053F03D {

}
[1779850084.689][DEBUG]: DevTools WebSocket Response: Input.dispatchKeyEvent (id=51) 0EA677E6C4FBD9738A81F51BE053F03D {

}
[1779850084.689][DEBUG]: DevTools WebSocket Response: Input.dispatchKeyEvent (id=52) 0EA677E6C4FBD9738A81F51BE053F03D {

}
[1779850084.692][DEBUG]: DevTools WebSocket Response: Input.dispatchKeyEvent (id=53) 0EA677E6C4FBD9738A81F51BE053F03D {

}
[1779850084.693][DEBUG]: DevTools WebSocket Response: Input.dispatchKeyEvent (id=54) 0EA677E6C4FBD9738A81F51BE053F03D {

}
[1779850084.693][DEBUG]: DevTools WebSocket Response: Input.dispatchKeyEvent (id=55) 0EA677E6C4FBD9738A81F51BE053F03D {

}
[1779850084.695][DEBUG]: DevTools WebSocket Response: Input.dispatchKeyEvent (id=56) 0EA677E6C4FBD9738A81F51BE053F03D {

}
[1779850084.695][DEBUG]: DevTools WebSocket Response: Input.dispatchKeyEvent (id=57) 0EA677E6C4FBD9738A81F51BE053F03D {

}
[1779850084.696][DEBUG]: DevTools WebSocket Response: Input.dispatchKeyEvent (id=58) 0EA677E6C4FBD9738A81F51BE053F03D {

}
[1779850084.698][DEBUG]: DevTools WebSocket Response: Input.dispatchKeyEvent (id=59) 0EA677E6C4FBD9738A81F51BE053F03D {

}
[1779850084.698][DEBUG]: DevTools WebSocket Response: Input.dispatchKeyEvent (id=60) 0EA677E6C4FBD9738A81F51BE053F03D {

}
[1779850084.698][DEBUG]: DevTools WebSocket Response: Input.dispatchKeyEvent (id=61) 0EA677E6C4FBD9738A81F51BE053F03D {

}
[1779850084.701][DEBUG]: DevTools WebSocket Response: Input.dispatchKeyEvent (id=62) 0EA677E6C4FBD9738A81F51BE053F03D {

}
[1779850084.701][DEBUG]: DevTools WebSocket Response: Input.dispatchKeyEvent (id=63) 0EA677E6C4FBD9738A81F51BE053F03D {

}
[1779850084.701][DEBUG]: DevTools WebSocket Response: Input.dispatchKeyEvent (id=64) 0EA677E6C4FBD9738A81F51BE053F03D {

}
[1779850084.703][DEBUG]: DevTools WebSocket Response: Input.dispatchKeyEvent (id=65) 0EA677E6C4FBD9738A81F51BE053F03D {

}
[1779850084.704][DEBUG]: DevTools WebSocket Response: Input.dispatchKeyEvent (id=66) 0EA677E6C4FBD9738A81F51BE053F03D {

}
[1779850084.704][DEBUG]: DevTools WebSocket Response: Input.dispatchKeyEvent (id=67) 0EA677E6C4FBD9738A81F51BE053F03D {

}
[1779850084.707][DEBUG]: DevTools WebSocket Response: Input.dispatchKeyEvent (id=68) 0EA677E6C4FBD9738A81F51BE053F03D {

}
[1779850084.707][DEBUG]: DevTools WebSocket Response: Input.dispatchKeyEvent (id=69) 0EA677E6C4FBD9738A81F51BE053F03D {

}
[1779850084.707][DEBUG]: DevTools WebSocket Response: Input.dispatchKeyEvent (id=70) 0EA677E6C4FBD9738A81F51BE053F03D {

}
[1779850084.711][DEBUG]: DevTools WebSocket Response: Input.dispatchKeyEvent (id=71) 0EA677E6C4FBD9738A81F51BE053F03D {

}
[1779850084.711][DEBUG]: DevTools WebSocket Response: Input.dispatchKeyEvent (id=72) 0EA677E6C4FBD9738A81F51BE053F03D {

}
[1779850084.712][DEBUG]: DevTools WebSocket Response: Input.dispatchKeyEvent (id=73) 0EA677E6C4FBD9738A81F51BE053F03D {

}
[1779850084.714][DEBUG]: DevTools WebSocket Response: Input.dispatchKeyEvent (id=74) 0EA677E6C4FBD9738A81F51BE053F03D {

}
[1779850084.714][DEBUG]: DevTools WebSocket Response: Input.dispatchKeyEvent (id=75) 0EA677E6C4FBD9738A81F51BE053F03D {

}
[1779850084.714][DEBUG]: DevTools WebSocket Response: Input.dispatchKeyEvent (id=76) 0EA677E6C4FBD9738A81F51BE053F03D {

}
[1779850084.717][DEBUG]: DevTools WebSocket Response: Input.dispatchKeyEvent (id=77) 0EA677E6C4FBD9738A81F51BE053F03D {

}
[1779850084.717][DEBUG]: DevTools WebSocket Response: Input.dispatchKeyEvent (id=78) 0EA677E6C4FBD9738A81F51BE053F03D {

}
[1779850084.717][INFO]: Waiting for pending navigations...
[1779850084.717][DEBUG]: DevTools WebSocket Command: Runtime.evaluate (id=79) 0EA677E6C4FBD9738A81F51BE053F03D {
   "expression": "1"
}
[1779850084.730][DEBUG]: DevTools WebSocket Response: Runtime.evaluate (id=79) 0EA677E6C4FBD9738A81F51BE053F03D {
   "result": {
      "description": "1",
      "type": "number",
      "value": 1
   }
}
[1779850084.730][INFO]: Done waiting for pending navigations. Status: ok
[1779850084.730][INFO]: [6d6a54ac6a81f45fc5bf60d2fceca1fa] RESPONSE TypeElement
[1779850084.755][INFO]: [6d6a54ac6a81f45fc5bf60d2fceca1fa] COMMAND FindElements {
   "using": "css selector",
   "value": ".video\\-title"
}
[1779850084.755][INFO]: Waiting for pending navigations...
[1779850084.755][DEBUG]: DevTools WebSocket Command: Runtime.evaluate (id=80) 0EA677E6C4FBD9738A81F51BE053F03D {
   "expression": "1"
}
[1779850084.756][DEBUG]: DevTools WebSocket Response: Runtime.evaluate (id=80) 0EA677E6C4FBD9738A81F51BE053F03D {
   "result": {
      "description": "1",
      "type": "number",
      "value": 1
   }
}
[1779850084.756][INFO]: Done waiting for pending navigations. Status: ok
[1779850084.759][DEBUG]: DevTools WebSocket Command: Runtime.evaluate (id=81) 0EA677E6C4FBD9738A81F51BE053F03D {
   "awaitPromise": true,
   "expression": "(function() { // Copyright (c) 2012 The Chromium Authors. All rights reserved.\n// Use of this source code is governed by a BSD-style license that can be\n// found in the LICENSE file.\n\n/**\n * Enum f...",
   "returnByValue": true
}
[1779850084.766][DEBUG]: DevTools WebSocket Response: Runtime.evaluate (id=81) 0EA677E6C4FBD9738A81F51BE053F03D {
   "result": {
      "type": "object",
      "value": {
         "status": 0,
         "value": [ {
            "element-6066-11e4-a52e-4f735466cecf": "40601318-f6e4-41c5-b0e3-cef3a8ce2d92"
         } ]
      }
   }
}
[1779850084.767][INFO]: Waiting for pending navigations...
[1779850084.767][DEBUG]: DevTools WebSocket Command: Runtime.evaluate (id=82) 0EA677E6C4FBD9738A81F51BE053F03D {
   "expression": "1"
}
[1779850084.767][DEBUG]: DevTools WebSocket Response: Runtime.evaluate (id=82) 0EA677E6C4FBD9738A81F51BE053F03D {
   "result": {
      "description": "1",
      "type": "number",
      "value": 1
   }
}
[1779850084.767][INFO]: Done waiting for pending navigations. Status: ok
[1779850084.767][INFO]: [6d6a54ac6a81f45fc5bf60d2fceca1fa] RESPONSE FindElements [ {
   "element-6066-11e4-a52e-4f735466cecf": "40601318-f6e4-41c5-b0e3-cef3a8ce2d92"
} ]
[1779850084.792][INFO]: [6d6a54ac6a81f45fc5bf60d2fceca1fa] COMMAND GetElementText {
   "id": "40601318-f6e4-41c5-b0e3-cef3a8ce2d92"
}
[1779850084.792][INFO]: Waiting for pending navigations...
[1779850084.792][DEBUG]: DevTools WebSocket Command: Runtime.evaluate (id=83) 0EA677E6C4FBD9738A81F51BE053F03D {
   "expression": "1"
}
[1779850084.793][DEBUG]: DevTools WebSocket Response: Runtime.evaluate (id=83) 0EA677E6C4FBD9738A81F51BE053F03D {
   "result": {
      "description": "1",
      "type": "number",
      "value": 1
   }
}
[1779850084.793][INFO]: Done waiting for pending navigations. Status: ok
[1779850084.795][DEBUG]: DevTools WebSocket Command: Runtime.evaluate (id=84) 0EA677E6C4FBD9738A81F51BE053F03D {
   "awaitPromise": true,
   "expression": "(function() { // Copyright (c) 2012 The Chromium Authors. All rights reserved.\n// Use of this source code is governed by a BSD-style license that can be\n// found in the LICENSE file.\n\n/**\n * Enum f...",
   "returnByValue": true
}
[1779850084.805][DEBUG]: DevTools WebSocket Response: Runtime.evaluate (id=84) 0EA677E6C4FBD9738A81F51BE053F03D {
   "result": {
      "type": "object",
      "value": {
         "status": 0,
         "value": "10 frameworks"
      }
   }
}
[1779850084.805][INFO]: Waiting for pending navigations...
[1779850084.805][DEBUG]: DevTools WebSocket Command: Runtime.evaluate (id=85) 0EA677E6C4FBD9738A81F51BE053F03D {
   "expression": "1"
}
[1779850084.806][DEBUG]: DevTools WebSocket Response: Runtime.evaluate (id=85) 0EA677E6C4FBD9738A81F51BE053F03D {
   "result": {
      "description": "1",
      "type": "number",
      "value": 1
   }
}
[1779850084.806][INFO]: Done waiting for pending navigations. Status: ok
[1779850084.806][INFO]: [6d6a54ac6a81f45fc5bf60d2fceca1fa] RESPONSE GetElementText "10 frameworks"
[1779850084.839][INFO]: [6d6a54ac6a81f45fc5bf60d2fceca1fa] COMMAND ClearElement {
   "id": "ae500cfa-f158-4c1d-bc1a-a2f6bd50babc"
}
[1779850084.839][INFO]: Waiting for pending navigations...
[1779850084.839][DEBUG]: DevTools WebSocket Command: Runtime.evaluate (id=86) 0EA677E6C4FBD9738A81F51BE053F03D {
   "expression": "1"
}
[1779850084.840][DEBUG]: DevTools WebSocket Response: Runtime.evaluate (id=86) 0EA677E6C4FBD9738A81F51BE053F03D {
   "result": {
      "description": "1",
      "type": "number",
      "value": 1
   }
}
[1779850084.840][INFO]: Done waiting for pending navigations. Status: ok
[1779850084.841][DEBUG]: DevTools WebSocket Command: Runtime.evaluate (id=87) 0EA677E6C4FBD9738A81F51BE053F03D {
   "awaitPromise": true,
   "expression": "(function() { // Copyright (c) 2012 The Chromium Authors. All rights reserved.\n// Use of this source code is governed by a BSD-style license that can be\n// found in the LICENSE file.\n\n/**\n * Enum f...",
   "returnByValue": true
}
[1779850084.843][DEBUG]: DevTools WebSocket Response: Runtime.evaluate (id=87) 0EA677E6C4FBD9738A81F51BE053F03D {
   "result": {
      "type": "object",
      "value": {
         "status": 0,
         "value": "input"
      }
   }
}
[1779850084.844][DEBUG]: DevTools WebSocket Command: Runtime.evaluate (id=88) 0EA677E6C4FBD9738A81F51BE053F03D {
   "awaitPromise": true,
   "expression": "(function() { // Copyright (c) 2012 The Chromium Authors. All rights reserved.\n// Use of this source code is governed by a BSD-style license that can be\n// found in the LICENSE file.\n\n/**\n * Enum f...",
   "returnByValue": true
}
[1779850084.847][DEBUG]: DevTools WebSocket Response: Runtime.evaluate (id=88) 0EA677E6C4FBD9738A81F51BE053F03D {
   "result": {
      "type": "object",
      "value": {
         "status": 0,
         "value": "search"
      }
   }
}
[1779850084.847][DEBUG]: DevTools WebSocket Command: Runtime.evaluate (id=89) 0EA677E6C4FBD9738A81F51BE053F03D {
   "awaitPromise": true,
   "expression": "(function() { // Copyright (c) 2012 The Chromium Authors. All rights reserved.\n// Use of this source code is governed by a BSD-style license that can be\n// found in the LICENSE file.\n\n/**\n * Enum f...",
   "returnByValue": true
}
[1779850084.849][DEBUG]: DevTools WebSocket Response: Runtime.evaluate (id=89) 0EA677E6C4FBD9738A81F51BE053F03D {
   "result": {
      "type": "object",
      "value": {
         "status": 0,
         "value": false
      }
   }
}
[1779850084.851][DEBUG]: DevTools WebSocket Command: Runtime.evaluate (id=90) 0EA677E6C4FBD9738A81F51BE053F03D {
   "awaitPromise": true,
   "expression": "(function() { // Copyright (c) 2012 The Chromium Authors. All rights reserved.\n// Use of this source code is governed by a BSD-style license that can be\n// found in the LICENSE file.\n\n/**\n * Enum f...",
   "returnByValue": true
}
[1779850084.854][DEBUG]: DevTools WebSocket Response: Runtime.evaluate (id=90) 0EA677E6C4FBD9738A81F51BE053F03D {
   "result": {
      "type": "object",
      "value": {
         "status": 0,
         "value": true
      }
   }
}
[1779850084.854][INFO]: 
	=== NOTE: ===
	The Clear command in ChromeDriver 2.43 and above
	has been updated to conform to the current standard,
	including raising blur event after clearing.

[1779850084.856][DEBUG]: DevTools WebSocket Command: Runtime.evaluate (id=91) 0EA677E6C4FBD9738A81F51BE053F03D {
   "awaitPromise": true,
   "expression": "(function() { // Copyright (c) 2012 The Chromium Authors. All rights reserved.\n// Use of this source code is governed by a BSD-style license that can be\n// found in the LICENSE file.\n\n/**\n * Enum f...",
   "returnByValue": true
}
[1779850084.866][DEBUG]: DevTools WebSocket Response: Runtime.evaluate (id=91) 0EA677E6C4FBD9738A81F51BE053F03D {
   "result": {
      "type": "object",
      "value": {
         "status": 0,
         "value": null
      }
   }
}
[1779850084.866][INFO]: Waiting for pending navigations...
[1779850084.866][DEBUG]: DevTools WebSocket Command: Runtime.evaluate (id=92) 0EA677E6C4FBD9738A81F51BE053F03D {
   "expression": "1"
}
[1779850084.869][DEBUG]: DevTools WebSocket Response: Runtime.evaluate (id=92) 0EA677E6C4FBD9738A81F51BE053F03D {
   "result": {
      "description": "1",
      "type": "number",
      "value": 1
   }
}
[1779850084.869][INFO]: Done waiting for pending navigations. Status: ok
[1779850084.869][INFO]: [6d6a54ac6a81f45fc5bf60d2fceca1fa] RESPONSE ClearElement
[1779850084.889][INFO]: [6d6a54ac6a81f45fc5bf60d2fceca1fa] COMMAND TypeElement {
   "id": "ae500cfa-f158-4c1d-bc1a-a2f6bd50babc",
   "text": "selenium",
   "value": [ "s", "e", "l", "e", "n", "i", "u", "m" ]
}
[1779850084.889][INFO]: Waiting for pending navigations...
[1779850084.889][DEBUG]: DevTools WebSocket Command: Runtime.evaluate (id=93) 0EA677E6C4FBD9738A81F51BE053F03D {
   "expression": "1"
}
[1779850084.890][DEBUG]: DevTools WebSocket Response: Runtime.evaluate (id=93) 0EA677E6C4FBD9738A81F51BE053F03D {
   "result": {
      "description": "1",
      "type": "number",
      "value": 1
   }
}
[1779850084.890][INFO]: Done waiting for pending navigations. Status: ok
[1779850084.893][DEBUG]: DevTools WebSocket Command: Runtime.evaluate (id=94) 0EA677E6C4FBD9738A81F51BE053F03D {
   "awaitPromise": true,
   "expression": "(function() { // Copyright (c) 2012 The Chromium Authors. All rights reserved.\n// Use of this source code is governed by a BSD-style license that can be\n// found in the LICENSE file.\n\n/**\n * Enum f...",
   "returnByValue": true
}
[1779850084.895][DEBUG]: DevTools WebSocket Response: Runtime.evaluate (id=94) 0EA677E6C4FBD9738A81F51BE053F03D {
   "result": {
      "type": "object",
      "value": {
         "status": 0,
         "value": "INPUT"
      }
   }
}
[1779850084.897][DEBUG]: DevTools WebSocket Command: Runtime.evaluate (id=95) 0EA677E6C4FBD9738A81F51BE053F03D {
   "awaitPromise": true,
   "expression": "(function() { // Copyright (c) 2012 The Chromium Authors. All rights reserved.\n// Use of this source code is governed by a BSD-style license that can be\n// found in the LICENSE file.\n\n/**\n * Enum f...",
   "returnByValue": true
}
[1779850084.901][DEBUG]: DevTools WebSocket Response: Runtime.evaluate (id=95) 0EA677E6C4FBD9738A81F51BE053F03D {
   "result": {
      "type": "object",
      "value": {
         "status": 0,
         "value": "search"
      }
   }
}
[1779850084.902][DEBUG]: DevTools WebSocket Command: Runtime.evaluate (id=96) 0EA677E6C4FBD9738A81F51BE053F03D {
   "awaitPromise": true,
   "expression": "(function() { // Copyright (c) 2012 The Chromium Authors. All rights reserved.\n// Use of this source code is governed by a BSD-style license that can be\n// found in the LICENSE file.\n\n/**\n * Enum f...",
   "returnByValue": true
}
[1779850084.903][DEBUG]: DevTools WebSocket Response: Runtime.evaluate (id=96) 0EA677E6C4FBD9738A81F51BE053F03D {
   "result": {
      "type": "object",
      "value": {
         "status": 0,
         "value": false
      }
   }
}
[1779850084.905][DEBUG]: DevTools WebSocket Command: Runtime.evaluate (id=97) 0EA677E6C4FBD9738A81F51BE053F03D {
   "awaitPromise": true,
   "expression": "(function() { // Copyright (c) 2012 The Chromium Authors. All rights reserved.\n// Use of this source code is governed by a BSD-style license that can be\n// found in the LICENSE file.\n\n/**\n * Enum f...",
   "returnByValue": true
}
[1779850084.908][DEBUG]: DevTools WebSocket Response: Runtime.evaluate (id=97) 0EA677E6C4FBD9738A81F51BE053F03D {
   "result": {
      "type": "object",
      "value": {
         "status": 0,
         "value": "INPUT"
      }
   }
}
[1779850084.908][DEBUG]: DevTools WebSocket Command: Runtime.evaluate (id=98) 0EA677E6C4FBD9738A81F51BE053F03D {
   "awaitPromise": false,
   "expression": "document.hasFocus()",
   "returnByValue": true
}
[1779850084.908][DEBUG]: DevTools WebSocket Response: Runtime.evaluate (id=98) 0EA677E6C4FBD9738A81F51BE053F03D {
   "result": {
      "type": "boolean",
      "value": true
   }
}
[1779850084.909][DEBUG]: DevTools WebSocket Command: Runtime.evaluate (id=99) 0EA677E6C4FBD9738A81F51BE053F03D {
   "awaitPromise": true,
   "expression": "(function() { // Copyright (c) 2012 The Chromium Authors. All rights reserved.\n// Use of this source code is governed by a BSD-style license that can be\n// found in the LICENSE file.\n\n/**\n * Enum f...",
   "returnByValue": true
}
[1779850084.910][DEBUG]: DevTools WebSocket Response: Runtime.evaluate (id=99) 0EA677E6C4FBD9738A81F51BE053F03D {
   "result": {
      "type": "object",
      "value": {
         "status": 0,
         "value": {
            "element-6066-11e4-a52e-4f735466cecf": "a199620f-84a3-409d-8283-8a67b40782a0"
         }
      }
   }
}
[1779850084.912][DEBUG]: DevTools WebSocket Command: Runtime.evaluate (id=100) 0EA677E6C4FBD9738A81F51BE053F03D {
   "awaitPromise": true,
   "expression": "(function() { // Copyright (c) 2012 The Chromium Authors. All rights reserved.\n// Use of this source code is governed by a BSD-style license that can be\n// found in the LICENSE file.\n\n/**\n * Enum f...",
   "returnByValue": true
}
[1779850084.915][DEBUG]: DevTools WebSocket Response: Runtime.evaluate (id=100) 0EA677E6C4FBD9738A81F51BE053F03D {
   "result": {
      "type": "object",
      "value": {
         "status": 0,
         "value": true
      }
   }
}
[1779850084.916][DEBUG]: DevTools WebSocket Command: Runtime.evaluate (id=101) 0EA677E6C4FBD9738A81F51BE053F03D {
   "awaitPromise": true,
   "expression": "(function() { // Copyright (c) 2012 The Chromium Authors. All rights reserved.\n// Use of this source code is governed by a BSD-style license that can be\n// found in the LICENSE file.\n\n/**\n * Enum f...",
   "returnByValue": true
}
[1779850084.918][DEBUG]: DevTools WebSocket Response: Runtime.evaluate (id=101) 0EA677E6C4FBD9738A81F51BE053F03D {
   "result": {
      "type": "object",
      "value": {
         "status": 0,
         "value": true
      }
   }
}
[1779850084.919][DEBUG]: DevTools WebSocket Command: Runtime.evaluate (id=102) 0EA677E6C4FBD9738A81F51BE053F03D {
   "awaitPromise": true,
   "expression": "(function() { // Copyright (c) 2012 The Chromium Authors. All rights reserved.\n// Use of this source code is governed by a BSD-style license that can be\n// found in the LICENSE file.\n\n/**\n * Enum f...",
   "returnByValue": true
}
[1779850084.921][DEBUG]: DevTools WebSocket Response: Runtime.evaluate (id=102) 0EA677E6C4FBD9738A81F51BE053F03D {
   "result": {
      "type": "object",
      "value": {
         "status": 0,
         "value": null
      }
   }
}
[1779850084.922][DEBUG]: DevTools WebSocket Command: Runtime.evaluate (id=103) 0EA677E6C4FBD9738A81F51BE053F03D {
   "awaitPromise": true,
   "expression": "(function() { // Copyright (c) 2012 The Chromium Authors. All rights reserved.\n// Use of this source code is governed by a BSD-style license that can be\n// found in the LICENSE file.\n\n/**\n * Enum f...",
   "returnByValue": true
}
[1779850084.923][DEBUG]: DevTools WebSocket Response: Runtime.evaluate (id=103) 0EA677E6C4FBD9738A81F51BE053F03D {
   "result": {
      "type": "object",
      "value": {
         "status": 0,
         "value": null
      }
   }
}
[1779850084.924][DEBUG]: DevTools WebSocket Command: Input.dispatchKeyEvent (id=104) 0EA677E6C4FBD9738A81F51BE053F03D {
   "code": "KeyS",
   "key": "s",
   "modifiers": 0,
   "text": "s",
   "type": "rawKeyDown",
   "unmodifiedText": "s",
   "windowsVirtualKeyCode": 83
}
[1779850084.924][DEBUG]: DevTools WebSocket Command: Input.dispatchKeyEvent (id=105) 0EA677E6C4FBD9738A81F51BE053F03D {
   "code": "KeyS",
   "key": "s",
   "modifiers": 0,
   "text": "s",
   "type": "char",
   "unmodifiedText": "s",
   "windowsVirtualKeyCode": 83
}
[1779850084.924][DEBUG]: DevTools WebSocket Command: Input.dispatchKeyEvent (id=106) 0EA677E6C4FBD9738A81F51BE053F03D {
   "code": "KeyS",
   "key": "s",
   "modifiers": 0,
   "text": "s",
   "type": "keyUp",
   "unmodifiedText": "s",
   "windowsVirtualKeyCode": 83
}
[1779850084.924][DEBUG]: DevTools WebSocket Command: Input.dispatchKeyEvent (id=107) 0EA677E6C4FBD9738A81F51BE053F03D {
   "code": "KeyE",
   "key": "e",
   "modifiers": 0,
   "text": "e",
   "type": "rawKeyDown",
   "unmodifiedText": "e",
   "windowsVirtualKeyCode": 69
}
[1779850084.924][DEBUG]: DevTools WebSocket Command: Input.dispatchKeyEvent (id=108) 0EA677E6C4FBD9738A81F51BE053F03D {
   "code": "KeyE",
   "key": "e",
   "modifiers": 0,
   "text": "e",
   "type": "char",
   "unmodifiedText": "e",
   "windowsVirtualKeyCode": 69
}
[1779850084.925][DEBUG]: DevTools WebSocket Command: Input.dispatchKeyEvent (id=109) 0EA677E6C4FBD9738A81F51BE053F03D {
   "code": "KeyE",
   "key": "e",
   "modifiers": 0,
   "text": "e",
   "type": "keyUp",
   "unmodifiedText": "e",
   "windowsVirtualKeyCode": 69
}
[1779850084.925][DEBUG]: DevTools WebSocket Command: Input.dispatchKeyEvent (id=110) 0EA677E6C4FBD9738A81F51BE053F03D {
   "code": "KeyL",
   "key": "l",
   "modifiers": 0,
   "text": "l",
   "type": "rawKeyDown",
   "unmodifiedText": "l",
   "windowsVirtualKeyCode": 76
}
[1779850084.925][DEBUG]: DevTools WebSocket Command: Input.dispatchKeyEvent (id=111) 0EA677E6C4FBD9738A81F51BE053F03D {
   "code": "KeyL",
   "key": "l",
   "modifiers": 0,
   "text": "l",
   "type": "char",
   "unmodifiedText": "l",
   "windowsVirtualKeyCode": 76
}
[1779850084.926][DEBUG]: DevTools WebSocket Command: Input.dispatchKeyEvent (id=112) 0EA677E6C4FBD9738A81F51BE053F03D {
   "code": "KeyL",
   "key": "l",
   "modifiers": 0,
   "text": "l",
   "type": "keyUp",
   "unmodifiedText": "l",
   "windowsVirtualKeyCode": 76
}
[1779850084.930][DEBUG]: DevTools WebSocket Command: Input.dispatchKeyEvent (id=113) 0EA677E6C4FBD9738A81F51BE053F03D {
   "code": "KeyE",
   "key": "e",
   "modifiers": 0,
   "text": "e",
   "type": "rawKeyDown",
   "unmodifiedText": "e",
   "windowsVirtualKeyCode": 69
}
[1779850084.930][DEBUG]: DevTools WebSocket Command: Input.dispatchKeyEvent (id=114) 0EA677E6C4FBD9738A81F51BE053F03D {
   "code": "KeyE",
   "key": "e",
   "modifiers": 0,
   "text": "e",
   "type": "char",
   "unmodifiedText": "e",
   "windowsVirtualKeyCode": 69
}
[1779850084.930][DEBUG]: DevTools WebSocket Command: Input.dispatchKeyEvent (id=115) 0EA677E6C4FBD9738A81F51BE053F03D {
   "code": "KeyE",
   "key": "e",
   "modifiers": 0,
   "text": "e",
   "type": "keyUp",
   "unmodifiedText": "e",
   "windowsVirtualKeyCode": 69
}
[1779850084.931][DEBUG]: DevTools WebSocket Command: Input.dispatchKeyEvent (id=116) 0EA677E6C4FBD9738A81F51BE053F03D {
   "code": "KeyN",
   "key": "n",
   "modifiers": 0,
   "text": "n",
   "type": "rawKeyDown",
   "unmodifiedText": "n",
   "windowsVirtualKeyCode": 78
}
[1779850084.931][DEBUG]: DevTools WebSocket Command: Input.dispatchKeyEvent (id=117) 0EA677E6C4FBD9738A81F51BE053F03D {
   "code": "KeyN",
   "key": "n",
   "modifiers": 0,
   "text": "n",
   "type": "char",
   "unmodifiedText": "n",
   "windowsVirtualKeyCode": 78
}
[1779850084.931][DEBUG]: DevTools WebSocket Command: Input.dispatchKeyEvent (id=118) 0EA677E6C4FBD9738A81F51BE053F03D {
   "code": "KeyN",
   "key": "n",
   "modifiers": 0,
   "text": "n",
   "type": "keyUp",
   "unmodifiedText": "n",
   "windowsVirtualKeyCode": 78
}
[1779850084.931][DEBUG]: DevTools WebSocket Command: Input.dispatchKeyEvent (id=119) 0EA677E6C4FBD9738A81F51BE053F03D {
   "code": "KeyI",
   "key": "i",
   "modifiers": 0,
   "text": "i",
   "type": "rawKeyDown",
   "unmodifiedText": "i",
   "windowsVirtualKeyCode": 73
}
[1779850084.931][DEBUG]: DevTools WebSocket Command: Input.dispatchKeyEvent (id=120) 0EA677E6C4FBD9738A81F51BE053F03D {
   "code": "KeyI",
   "key": "i",
   "modifiers": 0,
   "text": "i",
   "type": "char",
   "unmodifiedText": "i",
   "windowsVirtualKeyCode": 73
}
[1779850084.931][DEBUG]: DevTools WebSocket Command: Input.dispatchKeyEvent (id=121) 0EA677E6C4FBD9738A81F51BE053F03D {
   "code": "KeyI",
   "key": "i",
   "modifiers": 0,
   "text": "i",
   "type": "keyUp",
   "unmodifiedText": "i",
   "windowsVirtualKeyCode": 73
}
[1779850084.932][DEBUG]: DevTools WebSocket Command: Input.dispatchKeyEvent (id=122) 0EA677E6C4FBD9738A81F51BE053F03D {
   "code": "KeyU",
   "key": "u",
   "modifiers": 0,
   "text": "u",
   "type": "rawKeyDown",
   "unmodifiedText": "u",
   "windowsVirtualKeyCode": 85
}
[1779850084.932][DEBUG]: DevTools WebSocket Command: Input.dispatchKeyEvent (id=123) 0EA677E6C4FBD9738A81F51BE053F03D {
   "code": "KeyU",
   "key": "u",
   "modifiers": 0,
   "text": "u",
   "type": "char",
   "unmodifiedText": "u",
   "windowsVirtualKeyCode": 85
}
[1779850084.936][DEBUG]: DevTools WebSocket Command: Input.dispatchKeyEvent (id=124) 0EA677E6C4FBD9738A81F51BE053F03D {
   "code": "KeyU",
   "key": "u",
   "modifiers": 0,
   "text": "u",
   "type": "keyUp",
   "unmodifiedText": "u",
   "windowsVirtualKeyCode": 85
}
[1779850084.936][DEBUG]: DevTools WebSocket Command: Input.dispatchKeyEvent (id=125) 0EA677E6C4FBD9738A81F51BE053F03D {
   "code": "KeyM",
   "key": "m",
   "modifiers": 0,
   "text": "m",
   "type": "rawKeyDown",
   "unmodifiedText": "m",
   "windowsVirtualKeyCode": 77
}
[1779850084.936][DEBUG]: DevTools WebSocket Command: Input.dispatchKeyEvent (id=126) 0EA677E6C4FBD9738A81F51BE053F03D {
   "code": "KeyM",
   "key": "m",
   "modifiers": 0,
   "text": "m",
   "type": "char",
   "unmodifiedText": "m",
   "windowsVirtualKeyCode": 77
}
[1779850084.936][DEBUG]: DevTools WebSocket Command: Input.dispatchKeyEvent (id=127) 0EA677E6C4FBD9738A81F51BE053F03D {
   "code": "KeyM",
   "key": "m",
   "modifiers": 0,
   "text": "m",
   "type": "keyUp",
   "unmodifiedText": "m",
   "windowsVirtualKeyCode": 77
}
[1779850084.936][DEBUG]: DevTools WebSocket Response: Input.dispatchKeyEvent (id=104) 0EA677E6C4FBD9738A81F51BE053F03D {

}
[1779850084.952][DEBUG]: DevTools WebSocket Response: Input.dispatchKeyEvent (id=105) 0EA677E6C4FBD9738A81F51BE053F03D {

}
[1779850084.953][DEBUG]: DevTools WebSocket Response: Input.dispatchKeyEvent (id=106) 0EA677E6C4FBD9738A81F51BE053F03D {

}
[1779850084.953][DEBUG]: DevTools WebSocket Response: Input.dispatchKeyEvent (id=107) 0EA677E6C4FBD9738A81F51BE053F03D {

}
[1779850084.957][DEBUG]: DevTools WebSocket Response: Input.dispatchKeyEvent (id=108) 0EA677E6C4FBD9738A81F51BE053F03D {

}
[1779850084.957][DEBUG]: DevTools WebSocket Response: Input.dispatchKeyEvent (id=109) 0EA677E6C4FBD9738A81F51BE053F03D {

}
[1779850084.957][DEBUG]: DevTools WebSocket Response: Input.dispatchKeyEvent (id=110) 0EA677E6C4FBD9738A81F51BE053F03D {

}
[1779850084.960][DEBUG]: DevTools WebSocket Response: Input.dispatchKeyEvent (id=111) 0EA677E6C4FBD9738A81F51BE053F03D {

}
[1779850084.960][DEBUG]: DevTools WebSocket Response: Input.dispatchKeyEvent (id=112) 0EA677E6C4FBD9738A81F51BE053F03D {

}
[1779850084.960][DEBUG]: DevTools WebSocket Response: Input.dispatchKeyEvent (id=113) 0EA677E6C4FBD9738A81F51BE053F03D {

}
[1779850084.963][DEBUG]: DevTools WebSocket Response: Input.dispatchKeyEvent (id=114) 0EA677E6C4FBD9738A81F51BE053F03D {

}
[1779850084.963][DEBUG]: DevTools WebSocket Response: Input.dispatchKeyEvent (id=115) 0EA677E6C4FBD9738A81F51BE053F03D {

}
[1779850084.963][DEBUG]: DevTools WebSocket Response: Input.dispatchKeyEvent (id=116) 0EA677E6C4FBD9738A81F51BE053F03D {

}
[1779850084.964][DEBUG]: DevTools WebSocket Response: Input.dispatchKeyEvent (id=117) 0EA677E6C4FBD9738A81F51BE053F03D {

}
[1779850084.964][DEBUG]: DevTools WebSocket Response: Input.dispatchKeyEvent (id=118) 0EA677E6C4FBD9738A81F51BE053F03D {

}
[1779850084.964][DEBUG]: DevTools WebSocket Response: Input.dispatchKeyEvent (id=119) 0EA677E6C4FBD9738A81F51BE053F03D {

}
[1779850084.966][DEBUG]: DevTools WebSocket Response: Input.dispatchKeyEvent (id=120) 0EA677E6C4FBD9738A81F51BE053F03D {

}
[1779850084.966][DEBUG]: DevTools WebSocket Response: Input.dispatchKeyEvent (id=121) 0EA677E6C4FBD9738A81F51BE053F03D {

}
[1779850084.966][DEBUG]: DevTools WebSocket Response: Input.dispatchKeyEvent (id=122) 0EA677E6C4FBD9738A81F51BE053F03D {

}
[1779850084.968][DEBUG]: DevTools WebSocket Response: Input.dispatchKeyEvent (id=123) 0EA677E6C4FBD9738A81F51BE053F03D {

}
[1779850084.968][DEBUG]: DevTools WebSocket Response: Input.dispatchKeyEvent (id=124) 0EA677E6C4FBD9738A81F51BE053F03D {

}
[1779850084.968][DEBUG]: DevTools WebSocket Response: Input.dispatchKeyEvent (id=125) 0EA677E6C4FBD9738A81F51BE053F03D {

}
[1779850084.969][DEBUG]: DevTools WebSocket Response: Input.dispatchKeyEvent (id=126) 0EA677E6C4FBD9738A81F51BE053F03D {

}
[1779850084.970][DEBUG]: DevTools WebSocket Response: Input.dispatchKeyEvent (id=127) 0EA677E6C4FBD9738A81F51BE053F03D {

}
[1779850084.970][INFO]: Waiting for pending navigations...
[1779850084.970][DEBUG]: DevTools WebSocket Command: Runtime.evaluate (id=128) 0EA677E6C4FBD9738A81F51BE053F03D {
   "expression": "1"
}
[1779850084.977][DEBUG]: DevTools WebSocket Response: Runtime.evaluate (id=128) 0EA677E6C4FBD9738A81F51BE053F03D {
   "result": {
      "description": "1",
      "type": "number",
      "value": 1
   }
}
[1779850084.977][INFO]: Done waiting for pending navigations. Status: ok
[1779850084.977][INFO]: [6d6a54ac6a81f45fc5bf60d2fceca1fa] RESPONSE TypeElement
[1779850085.011][INFO]: [6d6a54ac6a81f45fc5bf60d2fceca1fa] COMMAND FindElement {
   "using": "css selector",
   "value": ".no\\-search\\-txt"
}
[1779850085.011][INFO]: Waiting for pending navigations...
[1779850085.011][DEBUG]: DevTools WebSocket Command: Runtime.evaluate (id=129) 0EA677E6C4FBD9738A81F51BE053F03D {
   "expression": "1"
}
[1779850085.011][DEBUG]: DevTools WebSocket Response: Runtime.evaluate (id=129) 0EA677E6C4FBD9738A81F51BE053F03D {
   "result": {
      "description": "1",
      "type": "number",
      "value": 1
   }
}
[1779850085.011][INFO]: Done waiting for pending navigations. Status: ok
[1779850085.014][DEBUG]: DevTools WebSocket Command: Runtime.evaluate (id=130) 0EA677E6C4FBD9738A81F51BE053F03D {
   "awaitPromise": true,
   "expression": "(function() { // Copyright (c) 2012 The Chromium Authors. All rights reserved.\n// Use of this source code is governed by a BSD-style license that can be\n// found in the LICENSE file.\n\n/**\n * Enum f...",
   "returnByValue": true
}
[1779850085.022][DEBUG]: DevTools WebSocket Response: Runtime.evaluate (id=130) 0EA677E6C4FBD9738A81F51BE053F03D {
   "result": {
      "type": "object",
      "value": {
         "status": 0,
         "value": {
            "element-6066-11e4-a52e-4f735466cecf": "51e8ccb3-cbaa-4305-b6ca-518a4a0e4499"
         }
      }
   }
}
[1779850085.023][INFO]: Waiting for pending navigations...
[1779850085.023][DEBUG]: DevTools WebSocket Command: Runtime.evaluate (id=131) 0EA677E6C4FBD9738A81F51BE053F03D {
   "expression": "1"
}
[1779850085.023][DEBUG]: DevTools WebSocket Response: Runtime.evaluate (id=131) 0EA677E6C4FBD9738A81F51BE053F03D {
   "result": {
      "description": "1",
      "type": "number",
      "value": 1
   }
}
[1779850085.023][INFO]: Done waiting for pending navigations. Status: ok
[1779850085.023][INFO]: [6d6a54ac6a81f45fc5bf60d2fceca1fa] RESPONSE FindElement {
   "element-6066-11e4-a52e-4f735466cecf": "51e8ccb3-cbaa-4305-b6ca-518a4a0e4499"
}
[1779850085.167][INFO]: [6d6a54ac6a81f45fc5bf60d2fceca1fa] COMMAND ExecuteScript {
   "args": [ {
      "element-6066-11e4-a52e-4f735466cecf": "51e8ccb3-cbaa-4305-b6ca-518a4a0e4499"
   } ],
   "script": "return (function(){return function(){var k=this;function l(a){return void 0!==a}function m(a){return\"string\"==typeof a}function aa(a,b){a=a.split(\".\");var c=k;a[0]in c||!c.execScript||c.execScript(\"var \"+a[0]);for(var d;a.length&&(d=a.shift());)!a.length&&l(b)?c[d]=b:c[d]&&c[d]!==Object.prototype[d]?c=c[d]:c=c[d]={}}\nfunction ba(a){var b=typeof a;if(\"object\"==b)if(a){if(a instanceof Array)return\"array\";if(a instanceof Object)return b;var c=Object.prototype.toString.call(a);if(\"[object Window]\"==c)return\"object\";if(\"[object Array]\"==c||\"number\"==typeof a.length&&\"undefined\"!=typeof a.splice&&\"undefined\"!=typeof a.propertyIsEnumerable&&!a.propertyIsEnumerable(\"splice\"))return\"array\";if(\"[object Function]\"==c||\"undefined\"!=typeof a.call&&\"undefined\"!=typeof a.propertyIsEnumerable&&!a.propertyIsEnumerable(\"call\"))return\"function\"}else return\"null\";\nelse if(\"function\"==b&&\"undefined\"==typeof a.call)return\"object\";return b}function ca(a,b,c){return a.call.apply(a.bind,arguments)}function da(a,b,c){if(!a)throw Error();if(2\u003Carguments.length){var d=Array.prototype.slice.call(arguments,2);return function(){var c=Array.prototype.slice.call(arguments);Array.prototype.unshift.apply(c,d);return a.apply(b,c)}}return function(){return a.apply(b,arguments)}}\nfunction ea(a,b,c){Function.prototype.bind&&-1!=Function.prototype.bind.toString().indexOf(\"native code\")?ea=ca:ea=da;return ea.apply(null,arguments)}function fa(a,b){var c=Array.prototype.slice.call(arguments,1);return function(){var b=c.slice();b.push.apply(b,arguments);return a.apply(this,b)}}\nfunction p(a,b){function c(){}c.prototype=b.prototype;a.L=b.prototype;a.prototype=new c;a.prototype.constructor=a;a.K=function(a,c,f){for(var d=Array(arguments.length-2),e=2;e\u003Carguments.length;e++)d[e-2]=arguments[e];return b.prototype[c].apply(a,d)}};function ha(a,b){this.code=a;this.a=q[a]||ia;this.message=b||\"\";a=this.a.replace(/((?:^|\\s+)[a-z])/g,function(a){return a.toUpperCase().replace(/^[\\s\\xa0]+/g,\"\")});b=a.length-5;if(0>b||a.indexOf(\"Error\",b)!=b)a+=\"Error\";this.name=a;a=Error(this.message);a.name=this.name;this.stack=a.stack||\"\"}p(ha,Error);var ia=\"unknown error\",q={15:\"element not selectable\",11:\"element not visible\"};q[31]=ia;q[30]=ia;q[24]=\"invalid cookie domain\";q[29]=\"invalid element coordinates\";q[12]=\"invalid element state\";\nq[32]=\"invalid selector\";q[51]=\"invalid selector\";q[52]=\"invalid selector\";q[17]=\"javascript error\";q[405]=\"unsupported operation\";q[34]=\"move target out of bounds\";q[27]=\"no such alert\";q[7]=\"no such element\";q[8]=\"no such frame\";q[23]=\"no such window\";q[28]=\"script timeout\";q[33]=\"session not created\";q[10]=\"stale element reference\";q[21]=\"timeout\";q[25]=\"unable to set cookie\";q[26]=\"unexpected alert open\";q[13]=ia;q[9]=\"unknown command\";ha.prototype.toString=function(){return this.name+\": \"+this.message};var ja={aliceblue:\"#f0f8ff\",antiquewhite:\"#faebd7\",aqua:\"#00ffff\",aquamarine:\"#7fffd4\",azure:\"#f0ffff\",beige:\"#f5f5dc\",bisque:\"#ffe4c4\",black:\"#000000\",blanchedalmond:\"#ffebcd\",blue:\"#0000ff\",blueviolet:\"#8a2be2\",brown:\"#a52a2a\",burlywood:\"#deb887\",cadetblue:\"#5f9ea0\",chartreuse:\"#7fff00\",chocolate:\"#d2691e\",coral:\"#ff7f50\",cornflowerblue:\"#6495ed\",cornsilk:\"#fff8dc\",crimson:\"#dc143c\",cyan:\"#00ffff\",darkblue:\"#00008b\",darkcyan:\"#008b8b\",darkgoldenrod:\"#b8860b\",darkgray:\"#a9a9a9\",darkgreen:\"#006400\",\ndarkgrey:\"#a9a9a9\",darkkhaki:\"#bdb76b\",darkmagenta:\"#8b008b\",darkolivegreen:\"#556b2f\",darkorange:\"#ff8c00\",darkorchid:\"#9932cc\",darkred:\"#8b0000\",darksalmon:\"#e9967a\",darkseagreen:\"#8fbc8f\",darkslateblue:\"#483d8b\",darkslategray:\"#2f4f4f\",darkslategrey:\"#2f4f4f\",darkturquoise:\"#00ced1\",darkviolet:\"#9400d3\",deeppink:\"#ff1493\",deepskyblue:\"#00bfff\",dimgray:\"#696969\",dimgrey:\"#696969\",dodgerblue:\"#1e90ff\",firebrick:\"#b22222\",floralwhite:\"#fffaf0\",forestgreen:\"#228b22\",fuchsia:\"#ff00ff\",gainsboro:\"#dcdcdc\",\nghostwhite:\"#f8f8ff\",gold:\"#ffd700\",goldenrod:\"#daa520\",gray:\"#808080\",green:\"#008000\",greenyellow:\"#adff2f\",grey:\"#808080\",honeydew:\"#f0fff0\",hotpink:\"#ff69b4\",indianred:\"#cd5c5c\",indigo:\"#4b0082\",ivory:\"#fffff0\",khaki:\"#f0e68c\",lavender:\"#e6e6fa\",lavenderblush:\"#fff0f5\",lawngreen:\"#7cfc00\",lemonchiffon:\"#fffacd\",lightblue:\"#add8e6\",lightcoral:\"#f08080\",lightcyan:\"#e0ffff\",lightgoldenrodyellow:\"#fafad2\",lightgray:\"#d3d3d3\",lightgreen:\"#90ee90\",lightgrey:\"#d3d3d3\",lightpink:\"#ffb6c1\",lightsalmon:\"#ffa07a\",\nlightseagreen:\"#20b2aa\",lightskyblue:\"#87cefa\",lightslategray:\"#778899\",lightslategrey:\"#778899\",lightsteelblue:\"#b0c4de\",lightyellow:\"#ffffe0\",lime:\"#00ff00\",limegreen:\"#32cd32\",linen:\"#faf0e6\",magenta:\"#ff00ff\",maroon:\"#800000\",mediumaquamarine:\"#66cdaa\",mediumblue:\"#0000cd\",mediumorchid:\"#ba55d3\",mediumpurple:\"#9370db\",mediumseagreen:\"#3cb371\",mediumslateblue:\"#7b68ee\",mediumspringgreen:\"#00fa9a\",mediumturquoise:\"#48d1cc\",mediumvioletred:\"#c71585\",midnightblue:\"#191970\",mintcream:\"#f5fffa\",mistyrose:\"#ffe4e1\",\nmoccasin:\"#ffe4b5\",navajowhite:\"#ffdead\",navy:\"#000080\",oldlace:\"#fdf5e6\",olive:\"#808000\",olivedrab:\"#6b8e23\",orange:\"#ffa500\",orangered:\"#ff4500\",orchid:\"#da70d6\",palegoldenrod:\"#eee8aa\",palegreen:\"#98fb98\",paleturquoise:\"#afeeee\",palevioletred:\"#db7093\",papayawhip:\"#ffefd5\",peachpuff:\"#ffdab9\",peru:\"#cd853f\",pink:\"#ffc0cb\",plum:\"#dda0dd\",powderblue:\"#b0e0e6\",purple:\"#800080\",red:\"#ff0000\",rosybrown:\"#bc8f8f\",royalblue:\"#4169e1\",saddlebrown:\"#8b4513\",salmon:\"#fa8072\",sandybrown:\"#f4a460\",seagreen:\"#2e8b57\",\nseashell:\"#fff5ee\",sienna:\"#a0522d\",silver:\"#c0c0c0\",skyblue:\"#87ceeb\",slateblue:\"#6a5acd\",slategray:\"#708090\",slategrey:\"#708090\",snow:\"#fffafa\",springgreen:\"#00ff7f\",steelblue:\"#4682b4\",tan:\"#d2b48c\",teal:\"#008080\",thistle:\"#d8bfd8\",tomato:\"#ff6347\",turquoise:\"#40e0d0\",violet:\"#ee82ee\",wheat:\"#f5deb3\",white:\"#ffffff\",whitesmoke:\"#f5f5f5\",yellow:\"#ffff00\",yellowgreen:\"#9acd32\"};function ka(a,b){this.width=a;this.height=b}ka.prototype.toString=function(){return\"(\"+this.width+\" x \"+this.height+\")\"};ka.prototype.aspectRatio=function(){return this.width/this.height};ka.prototype.ceil=function(){this.width=Math.ceil(this.width);this.height=Math.ceil(this.height);return this};ka.prototype.floor=function(){this.width=Math.floor(this.width);this.height=Math.floor(this.height);return this};\nka.prototype.round=function(){this.width=Math.round(this.width);this.height=Math.round(this.height);return this};function la(a,b){var c=ma;return Object.prototype.hasOwnProperty.call(c,a)?c[a]:c[a]=b(a)};var na=String.prototype.trim?function(a){return a.trim()}:function(a){return a.replace(/^[\\s\\xa0]+|[\\s\\xa0]+$/g,\"\")};function oa(a,b){return a\u003Cb?-1:a>b?1:0}function pa(a){return String(a).replace(/\\-([a-z])/g,function(a,c){return c.toUpperCase()})};/*\n\n The MIT License\n\n Copyright (c) 2007 Cybozu Labs, Inc.\n Copyright (c) 2012 Google Inc.\n\n Permission is hereby granted, free of charge, to any person obtaining a copy\n of this software and associated documentation files (the \"Software\"), to\n deal in the Software without restriction, including without limitation the\n rights to use, copy, modify, merge, publish, distribute, sublicense, and/or\n sell copies of the Software, and to permit persons to whom the Software is\n furnished to do so, subject to the following conditions:\n\n The above copyright notice and this permission notice shall be included in\n all copies or substantial portions of the Software.\n\n THE SOFTWARE IS PROVIDED \"AS IS\", WITHOUT WARRANTY OF ANY KIND, EXPRESS OR\n IMPLIED, INCLUDING BUT NOT LIMITED TO THE WARRANTIES OF MERCHANTABILITY,\n FITNESS FOR A PARTICULAR PURPOSE AND NONINFRINGEMENT. IN NO EVENT SHALL THE\n AUTHORS OR COPYRIGHT HOLDERS BE LIABLE FOR ANY CLAIM, DAMAGES OR OTHER\n LIABILITY, WHETHER IN AN ACTION OF CONTRACT, TORT OR OTHERWISE, ARISING\n FROM, OUT OF OR IN CONNECTION WITH THE SOFTWARE OR THE USE OR OTHER DEALINGS\n IN THE SOFTWARE.\n*/\nfunction qa(a,b,c){this.a=a;this.b=b||1;this.f=c||1};function ra(a){this.b=a;this.a=0}function sa(a){a=a.match(ta);for(var b=0;b\u003Ca.length;b++)ua.test(a[b])&&a.splice(b,1);return new ra(a)}var ta=/\\$?(?:(?![0-9-\\.])(?:\\*|[\\w-\\.]+):)?(?![0-9-\\.])(?:\\*|[\\w-\\.]+)|\\/\\/|\\.\\.|::|\\d+(?:\\.\\d*)?|\\.\\d+|\"[^\"]*\"|'[^']*'|[!\u003C>]=|\\s+|./g,ua=/^\\s/;function r(a,b){return a.b[a.a+(b||0)]}function u(a){return a.b[a.a++]}function va(a){return a.b.length\u003C=a.a};var w;a:{var wa=k.navigator;if(wa){var xa=wa.userAgent;if(xa){w=xa;break a}}w=\"\"}function x(a){return-1!=w.indexOf(a)};function y(a,b){this.h=a;this.c=l(b)?b:null;this.b=null;switch(a){case \"comment\":this.b=8;break;case \"text\":this.b=3;break;case \"processing-instruction\":this.b=7;break;case \"node\":break;default:throw Error(\"Unexpected argument\");}}function ya(a){return\"comment\"==a||\"text\"==a||\"processing-instruction\"==a||\"node\"==a}y.prototype.a=function(a){return null===this.b||this.b==a.nodeType};y.prototype.f=function(){return this.h};\ny.prototype.toString=function(){var a=\"Kind Test: \"+this.h;null===this.c||(a+=z(this.c));return a};function A(a,b){this.j=a.toLowerCase();a=\"*\"==this.j?\"*\":\"http://www.w3.org/1999/xhtml\";this.c=b?b.toLowerCase():a}A.prototype.a=function(a){var b=a.nodeType;if(1!=b&&2!=b)return!1;b=l(a.localName)?a.localName:a.nodeName;return\"*\"!=this.j&&this.j!=b.toLowerCase()?!1:\"*\"==this.c?!0:this.c==(a.namespaceURI?a.namespaceURI.toLowerCase():\"http://www.w3.org/1999/xhtml\")};A.prototype.f=function(){return this.j};\nA.prototype.toString=function(){return\"Name Test: \"+(\"http://www.w3.org/1999/xhtml\"==this.c?\"\":this.c+\":\")+this.j};function za(a){switch(a.nodeType){case 1:return fa(Aa,a);case 9:return za(a.documentElement);case 11:case 10:case 6:case 12:return Ba;default:return a.parentNode?za(a.parentNode):Ba}}function Ba(){return null}function Aa(a,b){if(a.prefix==b)return a.namespaceURI||\"http://www.w3.org/1999/xhtml\";var c=a.getAttributeNode(\"xmlns:\"+b);return c&&c.specified?c.value||null:a.parentNode&&9!=a.parentNode.nodeType?Aa(a.parentNode,b):null};function Ca(a,b){if(m(a))return m(b)&&1==b.length?a.indexOf(b,0):-1;for(var c=0;c\u003Ca.length;c++)if(c in a&&a[c]===b)return c;return-1}function C(a,b){for(var c=a.length,d=m(a)?a.split(\"\"):a,e=0;e\u003Cc;e++)e in d&&b.call(void 0,d[e],e,a)}function Da(a,b){for(var c=a.length,d=[],e=0,f=m(a)?a.split(\"\"):a,g=0;g\u003Cc;g++)if(g in f){var h=f[g];b.call(void 0,h,g,a)&&(d[e++]=h)}return d}function Ea(a,b,c){var d=c;C(a,function(c,f){d=b.call(void 0,d,c,f,a)});return d}\nfunction Fa(a,b){for(var c=a.length,d=m(a)?a.split(\"\"):a,e=0;e\u003Cc;e++)if(e in d&&b.call(void 0,d[e],e,a))return!0;return!1}function Ga(a,b){for(var c=a.length,d=m(a)?a.split(\"\"):a,e=0;e\u003Cc;e++)if(e in d&&!b.call(void 0,d[e],e,a))return!1;return!0}function Ha(a,b){a:{for(var c=a.length,d=m(a)?a.split(\"\"):a,e=0;e\u003Cc;e++)if(e in d&&b.call(void 0,d[e],e,a)){b=e;break a}b=-1}return 0>b?null:m(a)?a.charAt(b):a[b]}function Ia(a){return Array.prototype.concat.apply([],arguments)}\nfunction Ja(a,b,c){return 2>=arguments.length?Array.prototype.slice.call(a,b):Array.prototype.slice.call(a,b,c)};function Ka(){return x(\"iPhone\")&&!x(\"iPod\")&&!x(\"iPad\")};var La=\"backgroundColor borderTopColor borderRightColor borderBottomColor borderLeftColor color outlineColor\".split(\" \"),Ma=/#([0-9a-fA-F])([0-9a-fA-F])([0-9a-fA-F])/,Na=/^#(?:[0-9a-f]{3}){1,2}$/i,Oa=/^(?:rgba)?\\((\\d{1,3}),\\s?(\\d{1,3}),\\s?(\\d{1,3}),\\s?(0|1|0\\.\\d*)\\)$/i,Pa=/^(?:rgb)?\\((0|[1-9]\\d{0,2}),\\s?(0|[1-9]\\d{0,2}),\\s?(0|[1-9]\\d{0,2})\\)$/i;function Qa(){return(x(\"Chrome\")||x(\"CriOS\"))&&!x(\"Edge\")};function Ra(a,b){this.x=l(a)?a:0;this.y=l(b)?b:0}Ra.prototype.toString=function(){return\"(\"+this.x+\", \"+this.y+\")\"};Ra.prototype.ceil=function(){this.x=Math.ceil(this.x);this.y=Math.ceil(this.y);return this};Ra.prototype.floor=function(){this.x=Math.floor(this.x);this.y=Math.floor(this.y);return this};Ra.prototype.round=function(){this.x=Math.round(this.x);this.y=Math.round(this.y);return this};var Sa=x(\"Opera\"),D=x(\"Trident\")||x(\"MSIE\"),Ta=x(\"Edge\"),Ua=x(\"Gecko\")&&!(-1!=w.toLowerCase().indexOf(\"webkit\")&&!x(\"Edge\"))&&!(x(\"Trident\")||x(\"MSIE\"))&&!x(\"Edge\"),Va=-1!=w.toLowerCase().indexOf(\"webkit\")&&!x(\"Edge\");function Wa(){var a=k.document;return a?a.documentMode:void 0}var Xa;\na:{var Ya=\"\",Za=function(){var a=w;if(Ua)return/rv:([^\\);]+)(\\)|;)/.exec(a);if(Ta)return/Edge\\/([\\d\\.]+)/.exec(a);if(D)return/\\b(?:MSIE|rv)[: ]([^\\);]+)(\\)|;)/.exec(a);if(Va)return/WebKit\\/(\\S+)/.exec(a);if(Sa)return/(?:Version)[ \\/]?(\\S+)/.exec(a)}();Za&&(Ya=Za?Za[1]:\"\");if(D){var $a=Wa();if(null!=$a&&$a>parseFloat(Ya)){Xa=String($a);break a}}Xa=Ya}var ma={};\nfunction ab(a){return la(a,function(){for(var b=0,c=na(String(Xa)).split(\".\"),d=na(String(a)).split(\".\"),e=Math.max(c.length,d.length),f=0;0==b&&f\u003Ce;f++){var g=c[f]||\"\",h=d[f]||\"\";do{g=/(\\d*)(\\D*)(.*)/.exec(g)||[\"\",\"\",\"\",\"\"];h=/(\\d*)(\\D*)(.*)/.exec(h)||[\"\",\"\",\"\",\"\"];if(0==g[0].length&&0==h[0].length)break;b=oa(0==g[1].length?0:parseInt(g[1],10),0==h[1].length?0:parseInt(h[1],10))||oa(0==g[2].length,0==h[2].length)||oa(g[2],h[2]);g=g[3];h=h[3]}while(0==b)}return 0\u003C=b})}var bb;var cb=k.document;\nbb=cb&&D?Wa()||(\"CSS1Compat\"==cb.compatMode?parseInt(Xa,10):5):void 0;function db(a,b,c,d){this.c=a;this.a=b;this.b=c;this.f=d}db.prototype.toString=function(){return\"(\"+this.c+\"t, \"+this.a+\"r, \"+this.b+\"b, \"+this.f+\"l)\"};db.prototype.ceil=function(){this.c=Math.ceil(this.c);this.a=Math.ceil(this.a);this.b=Math.ceil(this.b);this.f=Math.ceil(this.f);return this};db.prototype.floor=function(){this.c=Math.floor(this.c);this.a=Math.floor(this.a);this.b=Math.floor(this.b);this.f=Math.floor(this.f);return this};\ndb.prototype.round=function(){this.c=Math.round(this.c);this.a=Math.round(this.a);this.b=Math.round(this.b);this.f=Math.round(this.f);return this};var eb=x(\"Firefox\"),fb=Ka()||x(\"iPod\"),gb=x(\"iPad\"),hb=x(\"Android\")&&!(Qa()||x(\"Firefox\")||x(\"Opera\")||x(\"Silk\")),ib=Qa(),jb=x(\"Safari\")&&!(Qa()||x(\"Coast\")||x(\"Opera\")||x(\"Edge\")||x(\"Silk\")||x(\"Android\"))&&!(Ka()||x(\"iPad\")||x(\"iPod\"));var E=D&&!(9\u003C=Number(bb)),kb=D&&!(8\u003C=Number(bb));function F(a,b,c,d){this.a=a;this.b=b;this.width=c;this.height=d}F.prototype.toString=function(){return\"(\"+this.a+\", \"+this.b+\" - \"+this.width+\"w x \"+this.height+\"h)\"};F.prototype.ceil=function(){this.a=Math.ceil(this.a);this.b=Math.ceil(this.b);this.width=Math.ceil(this.width);this.height=Math.ceil(this.height);return this};F.prototype.floor=function(){this.a=Math.floor(this.a);this.b=Math.floor(this.b);this.width=Math.floor(this.width);this.height=Math.floor(this.height);return this};\nF.prototype.round=function(){this.a=Math.round(this.a);this.b=Math.round(this.b);this.width=Math.round(this.width);this.height=Math.round(this.height);return this};function lb(a){return(a=a.exec(w))?a[1]:\"\"}(function(){if(eb)return lb(/Firefox\\/([0-9.]+)/);if(D||Ta||Sa)return Xa;if(ib)return Ka()||x(\"iPad\")||x(\"iPod\")?lb(/CriOS\\/([0-9.]+)/):lb(/Chrome\\/([0-9.]+)/);if(jb&&!(Ka()||x(\"iPad\")||x(\"iPod\")))return lb(/Version\\/([0-9.]+)/);if(fb||gb){var a=/Version\\/(\\S+).*Mobile\\/(\\S+)/.exec(w);if(a)return a[1]+\".\"+a[2]}else if(hb)return(a=lb(/Android\\s+([0-9.]+)/))?a:lb(/Version\\/([0-9.]+)/);return\"\"})();function mb(a,b,c,d){this.a=a;this.nodeName=c;this.nodeValue=d;this.nodeType=2;this.parentNode=this.ownerElement=b}function nb(a,b){var c=kb&&\"href\"==b.nodeName?a.getAttribute(b.nodeName,2):b.nodeValue;return new mb(b,a,b.nodeName,c)};var ob,pb=function(){if(!Ua)return!1;var a=k.Components;if(!a)return!1;try{if(!a.classes)return!1}catch(e){return!1}var b=a.classes;a=a.interfaces;var c=b[\"@mozilla.org/xpcom/version-comparator;1\"].getService(a.nsIVersionComparator),d=b[\"@mozilla.org/xre/app-info;1\"].getService(a.nsIXULAppInfo).version;ob=function(a){c.compare(d,\"\"+a)};return!0}(),qb=D&&!(9\u003C=Number(bb));hb&&pb&&ob(2.3);hb&&pb&&ob(4);jb&&pb&&ob(6);function rb(a,b){if(!a||!b)return!1;if(a.contains&&1==b.nodeType)return a==b||a.contains(b);if(\"undefined\"!=typeof a.compareDocumentPosition)return a==b||!!(a.compareDocumentPosition(b)&16);for(;b&&a!=b;)b=b.parentNode;return b==a}\nfunction sb(a,b){if(a==b)return 0;if(a.compareDocumentPosition)return a.compareDocumentPosition(b)&2?1:-1;if(D&&!(9\u003C=Number(bb))){if(9==a.nodeType)return-1;if(9==b.nodeType)return 1}if(\"sourceIndex\"in a||a.parentNode&&\"sourceIndex\"in a.parentNode){var c=1==a.nodeType,d=1==b.nodeType;if(c&&d)return a.sourceIndex-b.sourceIndex;var e=a.parentNode,f=b.parentNode;return e==f?tb(a,b):!c&&rb(e,b)?-1*ub(a,b):!d&&rb(f,a)?ub(b,a):(c?a.sourceIndex:e.sourceIndex)-(d?b.sourceIndex:f.sourceIndex)}d=G(a);c=d.createRange();\nc.selectNode(a);c.collapse(!0);a=d.createRange();a.selectNode(b);a.collapse(!0);return c.compareBoundaryPoints(k.Range.START_TO_END,a)}function ub(a,b){var c=a.parentNode;if(c==b)return-1;for(;b.parentNode!=c;)b=b.parentNode;return tb(b,a)}function tb(a,b){for(;b=b.previousSibling;)if(b==a)return-1;return 1}function G(a){return 9==a.nodeType?a:a.ownerDocument||a.document}function vb(a,b){a&&(a=a.parentNode);for(var c=0;a;){if(b(a))return a;a=a.parentNode;c++}return null}\nfunction wb(a){this.a=a||k.document||document}wb.prototype.getElementsByTagName=function(a,b){return(b||this.a).getElementsByTagName(String(a))};function H(a){var b=null,c=a.nodeType;1==c&&(b=a.textContent,b=void 0==b||null==b?a.innerText:b,b=void 0==b||null==b?\"\":b);if(\"string\"!=typeof b)if(E&&\"title\"==a.nodeName.toLowerCase()&&1==c)b=a.text;else if(9==c||1==c){a=9==c?a.documentElement:a.firstChild;c=0;var d=[];for(b=\"\";a;){do 1!=a.nodeType&&(b+=a.nodeValue),E&&\"title\"==a.nodeName.toLowerCase()&&(b+=a.text),d[c++]=a;while(a=a.firstChild);for(;c&&!(a=d[--c].nextSibling););}}else b=a.nodeValue;return b}\nfunction I(a,b,c){if(null===b)return!0;try{if(!a.getAttribute)return!1}catch(d){return!1}kb&&\"class\"==b&&(b=\"className\");return null==c?!!a.getAttribute(b):a.getAttribute(b,2)==c}function xb(a,b,c,d,e){return(E?yb:zb).call(null,a,b,m(c)?c:null,m(d)?d:null,e||new J)}\nfunction yb(a,b,c,d,e){if(a instanceof A||8==a.b||c&&null===a.b){var f=b.all;if(!f)return e;a=Ab(a);if(\"*\"!=a&&(f=b.getElementsByTagName(a),!f))return e;if(c){for(var g=[],h=0;b=f[h++];)I(b,c,d)&&g.push(b);f=g}for(h=0;b=f[h++];)\"*\"==a&&\"!\"==b.tagName||e.add(b);return e}Bb(a,b,c,d,e);return e}\nfunction zb(a,b,c,d,e){b.getElementsByName&&d&&\"name\"==c&&!D?(b=b.getElementsByName(d),C(b,function(b){a.a(b)&&e.add(b)})):b.getElementsByClassName&&d&&\"class\"==c?(b=b.getElementsByClassName(d),C(b,function(b){b.className==d&&a.a(b)&&e.add(b)})):a instanceof y?Bb(a,b,c,d,e):b.getElementsByTagName&&(b=b.getElementsByTagName(a.f()),C(b,function(a){I(a,c,d)&&e.add(a)}));return e}\nfunction Cb(a,b,c,d,e){var f;if((a instanceof A||8==a.b||c&&null===a.b)&&(f=b.childNodes)){var g=Ab(a);if(\"*\"!=g&&(f=Da(f,function(a){return a.tagName&&a.tagName.toLowerCase()==g}),!f))return e;c&&(f=Da(f,function(a){return I(a,c,d)}));C(f,function(a){\"*\"==g&&(\"!\"==a.tagName||\"*\"==g&&1!=a.nodeType)||e.add(a)});return e}return Db(a,b,c,d,e)}function Db(a,b,c,d,e){for(b=b.firstChild;b;b=b.nextSibling)I(b,c,d)&&a.a(b)&&e.add(b);return e}\nfunction Bb(a,b,c,d,e){for(b=b.firstChild;b;b=b.nextSibling)I(b,c,d)&&a.a(b)&&e.add(b),Bb(a,b,c,d,e)}function Ab(a){if(a instanceof y){if(8==a.b)return\"!\";if(null===a.b)return\"*\"}return a.f()};function K(a,b){b&&\"string\"!==typeof b&&(b=b.toString());return!!a&&1==a.nodeType&&(!b||a.tagName.toUpperCase()==b)};function J(){this.b=this.a=null;this.l=0}function Eb(a){this.f=a;this.a=this.b=null}function Fb(a,b){if(!a.a)return b;if(!b.a)return a;var c=a.a;b=b.a;for(var d=null,e,f=0;c&&b;){e=c.f;var g=b.f;e==g||e instanceof mb&&g instanceof mb&&e.a==g.a?(e=c,c=c.a,b=b.a):0\u003Csb(c.f,b.f)?(e=b,b=b.a):(e=c,c=c.a);(e.b=d)?d.a=e:a.a=e;d=e;f++}for(e=c||b;e;)e.b=d,d=d.a=e,f++,e=e.a;a.b=d;a.l=f;return a}function Gb(a,b){b=new Eb(b);b.a=a.a;a.b?a.a.b=b:a.a=a.b=b;a.a=b;a.l++}\nJ.prototype.add=function(a){a=new Eb(a);a.b=this.b;this.a?this.b.a=a:this.a=this.b=a;this.b=a;this.l++};function Hb(a){return(a=a.a)?a.f:null}function Ib(a){return(a=Hb(a))?H(a):\"\"}function M(a,b){return new Jb(a,!!b)}function Jb(a,b){this.f=a;this.b=(this.s=b)?a.b:a.a;this.a=null}function N(a){var b=a.b;if(null==b)return null;var c=a.a=b;a.b=a.s?b.b:b.a;return c.f};function P(a){this.i=a;this.b=this.g=!1;this.f=null}function z(a){return\"\\n  \"+a.toString().split(\"\\n\").join(\"\\n  \")}function Kb(a,b){a.g=b}function Lb(a,b){a.b=b}function Q(a,b){a=a.a(b);return a instanceof J?+Ib(a):+a}function R(a,b){a=a.a(b);return a instanceof J?Ib(a):\"\"+a}function Mb(a,b){a=a.a(b);return a instanceof J?!!a.l:!!a};function Nb(a,b,c){P.call(this,a.i);this.c=a;this.h=b;this.o=c;this.g=b.g||c.g;this.b=b.b||c.b;this.c==Ob&&(c.b||c.g||4==c.i||0==c.i||!b.f?b.b||b.g||4==b.i||0==b.i||!c.f||(this.f={name:c.f.name,u:b}):this.f={name:b.f.name,u:c})}p(Nb,P);\nfunction Pb(a,b,c,d,e){b=b.a(d);c=c.a(d);var f;if(b instanceof J&&c instanceof J){b=M(b);for(d=N(b);d;d=N(b))for(e=M(c),f=N(e);f;f=N(e))if(a(H(d),H(f)))return!0;return!1}if(b instanceof J||c instanceof J){b instanceof J?(e=b,d=c):(e=c,d=b);f=M(e);for(var g=typeof d,h=N(f);h;h=N(f)){switch(g){case \"number\":h=+H(h);break;case \"boolean\":h=!!H(h);break;case \"string\":h=H(h);break;default:throw Error(\"Illegal primitive type for comparison.\");}if(e==b&&a(h,d)||e==c&&a(d,h))return!0}return!1}return e?\"boolean\"==\ntypeof b||\"boolean\"==typeof c?a(!!b,!!c):\"number\"==typeof b||\"number\"==typeof c?a(+b,+c):a(b,c):a(+b,+c)}Nb.prototype.a=function(a){return this.c.m(this.h,this.o,a)};Nb.prototype.toString=function(){var a=\"Binary Expression: \"+this.c;a+=z(this.h);return a+=z(this.o)};function Qb(a,b,c,d){this.I=a;this.D=b;this.i=c;this.m=d}Qb.prototype.toString=function(){return this.I};var Rb={};\nfunction S(a,b,c,d){if(Rb.hasOwnProperty(a))throw Error(\"Binary operator already created: \"+a);a=new Qb(a,b,c,d);return Rb[a.toString()]=a}S(\"div\",6,1,function(a,b,c){return Q(a,c)/Q(b,c)});S(\"mod\",6,1,function(a,b,c){return Q(a,c)%Q(b,c)});S(\"*\",6,1,function(a,b,c){return Q(a,c)*Q(b,c)});S(\"+\",5,1,function(a,b,c){return Q(a,c)+Q(b,c)});S(\"-\",5,1,function(a,b,c){return Q(a,c)-Q(b,c)});S(\"\u003C\",4,2,function(a,b,c){return Pb(function(a,b){return a\u003Cb},a,b,c)});\nS(\">\",4,2,function(a,b,c){return Pb(function(a,b){return a>b},a,b,c)});S(\"\u003C=\",4,2,function(a,b,c){return Pb(function(a,b){return a\u003C=b},a,b,c)});S(\">=\",4,2,function(a,b,c){return Pb(function(a,b){return a>=b},a,b,c)});var Ob=S(\"=\",3,2,function(a,b,c){return Pb(function(a,b){return a==b},a,b,c,!0)});S(\"!=\",3,2,function(a,b,c){return Pb(function(a,b){return a!=b},a,b,c,!0)});S(\"and\",2,2,function(a,b,c){return Mb(a,c)&&Mb(b,c)});S(\"or\",1,2,function(a,b,c){return Mb(a,c)||Mb(b,c)});function Sb(a,b){if(b.a.length&&4!=a.i)throw Error(\"Primary expression must evaluate to nodeset if filter has predicate(s).\");P.call(this,a.i);this.c=a;this.h=b;this.g=a.g;this.b=a.b}p(Sb,P);Sb.prototype.a=function(a){a=this.c.a(a);return Tb(this.h,a)};Sb.prototype.toString=function(){var a=\"Filter:\"+z(this.c);return a+=z(this.h)};function Ub(a,b){if(b.length\u003Ca.C)throw Error(\"Function \"+a.j+\" expects at least\"+a.C+\" arguments, \"+b.length+\" given\");if(null!==a.A&&b.length>a.A)throw Error(\"Function \"+a.j+\" expects at most \"+a.A+\" arguments, \"+b.length+\" given\");a.H&&C(b,function(b,d){if(4!=b.i)throw Error(\"Argument \"+d+\" to function \"+a.j+\" is not of type Nodeset: \"+b);});P.call(this,a.i);this.v=a;this.c=b;Kb(this,a.g||Fa(b,function(a){return a.g}));Lb(this,a.G&&!b.length||a.F&&!!b.length||Fa(b,function(a){return a.b}))}\np(Ub,P);Ub.prototype.a=function(a){return this.v.m.apply(null,Ia(a,this.c))};Ub.prototype.toString=function(){var a=\"Function: \"+this.v;if(this.c.length){var b=Ea(this.c,function(a,b){return a+z(b)},\"Arguments:\");a+=z(b)}return a};function Vb(a,b,c,d,e,f,g,h){this.j=a;this.i=b;this.g=c;this.G=d;this.F=!1;this.m=e;this.C=f;this.A=l(g)?g:f;this.H=!!h}Vb.prototype.toString=function(){return this.j};var Wb={};\nfunction T(a,b,c,d,e,f,g,h){if(Wb.hasOwnProperty(a))throw Error(\"Function already created: \"+a+\".\");Wb[a]=new Vb(a,b,c,d,e,f,g,h)}T(\"boolean\",2,!1,!1,function(a,b){return Mb(b,a)},1);T(\"ceiling\",1,!1,!1,function(a,b){return Math.ceil(Q(b,a))},1);T(\"concat\",3,!1,!1,function(a,b){return Ea(Ja(arguments,1),function(b,d){return b+R(d,a)},\"\")},2,null);T(\"contains\",2,!1,!1,function(a,b,c){b=R(b,a);a=R(c,a);return-1!=b.indexOf(a)},2);T(\"count\",1,!1,!1,function(a,b){return b.a(a).l},1,1,!0);\nT(\"false\",2,!1,!1,function(){return!1},0);T(\"floor\",1,!1,!1,function(a,b){return Math.floor(Q(b,a))},1);T(\"id\",4,!1,!1,function(a,b){function c(a){if(E){var b=e.all[a];if(b){if(b.nodeType&&a==b.id)return b;if(b.length)return Ha(b,function(b){return a==b.id})}return null}return e.getElementById(a)}var d=a.a,e=9==d.nodeType?d:d.ownerDocument;a=R(b,a).split(/\\s+/);var f=[];C(a,function(a){a=c(a);!a||0\u003C=Ca(f,a)||f.push(a)});f.sort(sb);var g=new J;C(f,function(a){g.add(a)});return g},1);\nT(\"lang\",2,!1,!1,function(){return!1},1);T(\"last\",1,!0,!1,function(a){if(1!=arguments.length)throw Error(\"Function last expects ()\");return a.f},0);T(\"local-name\",3,!1,!0,function(a,b){return(a=b?Hb(b.a(a)):a.a)?a.localName||a.nodeName.toLowerCase():\"\"},0,1,!0);T(\"name\",3,!1,!0,function(a,b){return(a=b?Hb(b.a(a)):a.a)?a.nodeName.toLowerCase():\"\"},0,1,!0);T(\"namespace-uri\",3,!0,!1,function(){return\"\"},0,1,!0);\nT(\"normalize-space\",3,!1,!0,function(a,b){return(b?R(b,a):H(a.a)).replace(/[\\s\\xa0]+/g,\" \").replace(/^\\s+|\\s+$/g,\"\")},0,1);T(\"not\",2,!1,!1,function(a,b){return!Mb(b,a)},1);T(\"number\",1,!1,!0,function(a,b){return b?Q(b,a):+H(a.a)},0,1);T(\"position\",1,!0,!1,function(a){return a.b},0);T(\"round\",1,!1,!1,function(a,b){return Math.round(Q(b,a))},1);T(\"starts-with\",2,!1,!1,function(a,b,c){b=R(b,a);a=R(c,a);return 0==b.lastIndexOf(a,0)},2);T(\"string\",3,!1,!0,function(a,b){return b?R(b,a):H(a.a)},0,1);\nT(\"string-length\",1,!1,!0,function(a,b){return(b?R(b,a):H(a.a)).length},0,1);T(\"substring\",3,!1,!1,function(a,b,c,d){c=Q(c,a);if(isNaN(c)||Infinity==c||-Infinity==c)return\"\";d=d?Q(d,a):Infinity;if(isNaN(d)||-Infinity===d)return\"\";c=Math.round(c)-1;var e=Math.max(c,0);a=R(b,a);return Infinity==d?a.substring(e):a.substring(e,c+Math.round(d))},2,3);T(\"substring-after\",3,!1,!1,function(a,b,c){b=R(b,a);a=R(c,a);c=b.indexOf(a);return-1==c?\"\":b.substring(c+a.length)},2);\nT(\"substring-before\",3,!1,!1,function(a,b,c){b=R(b,a);a=R(c,a);a=b.indexOf(a);return-1==a?\"\":b.substring(0,a)},2);T(\"sum\",1,!1,!1,function(a,b){a=M(b.a(a));b=0;for(var c=N(a);c;c=N(a))b+=+H(c);return b},1,1,!0);T(\"translate\",3,!1,!1,function(a,b,c,d){b=R(b,a);c=R(c,a);var e=R(d,a);a={};for(d=0;d\u003Cc.length;d++){var f=c.charAt(d);f in a||(a[f]=e.charAt(d))}c=\"\";for(d=0;d\u003Cb.length;d++)f=b.charAt(d),c+=f in a?a[f]:f;return c},3);T(\"true\",2,!1,!1,function(){return!0},0);function Xb(a){P.call(this,3);this.c=a.substring(1,a.length-1)}p(Xb,P);Xb.prototype.a=function(){return this.c};Xb.prototype.toString=function(){return\"Literal: \"+this.c};function Yb(a){P.call(this,1);this.c=a}p(Yb,P);Yb.prototype.a=function(){return this.c};Yb.prototype.toString=function(){return\"Number: \"+this.c};function Zb(a,b){P.call(this,a.i);this.h=a;this.c=b;this.g=a.g;this.b=a.b;1==this.c.length&&(a=this.c[0],a.w||a.c!=$b||(a=a.o,\"*\"!=a.f()&&(this.f={name:a.f(),u:null})))}p(Zb,P);function ac(){P.call(this,4)}p(ac,P);ac.prototype.a=function(a){var b=new J;a=a.a;9==a.nodeType?b.add(a):b.add(a.ownerDocument);return b};ac.prototype.toString=function(){return\"Root Helper Expression\"};function bc(){P.call(this,4)}p(bc,P);bc.prototype.a=function(a){var b=new J;b.add(a.a);return b};bc.prototype.toString=function(){return\"Context Helper Expression\"};\nfunction cc(a){return\"/\"==a||\"//\"==a}Zb.prototype.a=function(a){var b=this.h.a(a);if(!(b instanceof J))throw Error(\"Filter expression must evaluate to nodeset.\");a=this.c;for(var c=0,d=a.length;c\u003Cd&&b.l;c++){var e=a[c],f=M(b,e.c.s);if(e.g||e.c!=dc)if(e.g||e.c!=ec){var g=N(f);for(b=e.a(new qa(g));null!=(g=N(f));)g=e.a(new qa(g)),b=Fb(b,g)}else g=N(f),b=e.a(new qa(g));else{for(g=N(f);(b=N(f))&&(!g.contains||g.contains(b))&&b.compareDocumentPosition(g)&8;g=b);b=e.a(new qa(g))}}return b};\nZb.prototype.toString=function(){var a=\"Path Expression:\"+z(this.h);if(this.c.length){var b=Ea(this.c,function(a,b){return a+z(b)},\"Steps:\");a+=z(b)}return a};function fc(a,b){this.a=a;this.s=!!b}\nfunction Tb(a,b,c){for(c=c||0;c\u003Ca.a.length;c++)for(var d=a.a[c],e=M(b),f=b.l,g,h=0;g=N(e);h++){var t=a.s?f-h:h+1;g=d.a(new qa(g,t,f));if(\"number\"==typeof g)t=t==g;else if(\"string\"==typeof g||\"boolean\"==typeof g)t=!!g;else if(g instanceof J)t=0\u003Cg.l;else throw Error(\"Predicate.evaluate returned an unexpected type.\");if(!t){t=e;g=t.f;var v=t.a;if(!v)throw Error(\"Next must be called at least once before remove.\");var n=v.b;v=v.a;n?n.a=v:g.a=v;v?v.b=n:g.b=n;g.l--;t.a=null}}return b}\nfc.prototype.toString=function(){return Ea(this.a,function(a,b){return a+z(b)},\"Predicates:\")};function gc(a){P.call(this,1);this.c=a;this.g=a.g;this.b=a.b}p(gc,P);gc.prototype.a=function(a){return-Q(this.c,a)};gc.prototype.toString=function(){return\"Unary Expression: -\"+z(this.c)};function hc(a){P.call(this,4);this.c=a;Kb(this,Fa(this.c,function(a){return a.g}));Lb(this,Fa(this.c,function(a){return a.b}))}p(hc,P);hc.prototype.a=function(a){var b=new J;C(this.c,function(c){c=c.a(a);if(!(c instanceof J))throw Error(\"Path expression must evaluate to NodeSet.\");b=Fb(b,c)});return b};hc.prototype.toString=function(){return Ea(this.c,function(a,b){return a+z(b)},\"Union Expression:\")};function U(a,b,c,d){P.call(this,4);this.c=a;this.o=b;this.h=c||new fc([]);this.w=!!d;b=this.h;b=0\u003Cb.a.length?b.a[0].f:null;a.J&&b&&(a=b.name,a=E?a.toLowerCase():a,this.f={name:a,u:b.u});a:{a=this.h;for(b=0;b\u003Ca.a.length;b++)if(c=a.a[b],c.g||1==c.i||0==c.i){a=!0;break a}a=!1}this.g=a}p(U,P);\nU.prototype.a=function(a){var b=a.a,c=this.f,d=null,e=null,f=0;c&&(d=c.name,e=c.u?R(c.u,a):null,f=1);if(this.w)if(this.g||this.c!=ic)if(b=M((new U(jc,new y(\"node\"))).a(a)),c=N(b))for(a=this.m(c,d,e,f);null!=(c=N(b));)a=Fb(a,this.m(c,d,e,f));else a=new J;else a=xb(this.o,b,d,e),a=Tb(this.h,a,f);else a=this.m(a.a,d,e,f);return a};U.prototype.m=function(a,b,c,d){a=this.c.v(this.o,a,b,c);return a=Tb(this.h,a,d)};\nU.prototype.toString=function(){var a=\"Step:\"+z(\"Operator: \"+(this.w?\"//\":\"/\"));this.c.j&&(a+=z(\"Axis: \"+this.c));a+=z(this.o);if(this.h.a.length){var b=Ea(this.h.a,function(a,b){return a+z(b)},\"Predicates:\");a+=z(b)}return a};function kc(a,b,c,d){this.j=a;this.v=b;this.s=c;this.J=d}kc.prototype.toString=function(){return this.j};var lc={};function V(a,b,c,d){if(lc.hasOwnProperty(a))throw Error(\"Axis already created: \"+a);b=new kc(a,b,c,!!d);return lc[a]=b}\nV(\"ancestor\",function(a,b){for(var c=new J;b=b.parentNode;)a.a(b)&&Gb(c,b);return c},!0);V(\"ancestor-or-self\",function(a,b){var c=new J;do a.a(b)&&Gb(c,b);while(b=b.parentNode);return c},!0);\nvar $b=V(\"attribute\",function(a,b){var c=new J,d=a.f();if(\"style\"==d&&E&&b.style)return c.add(new mb(b.style,b,\"style\",b.style.cssText)),c;var e=b.attributes;if(e)if(a instanceof y&&null===a.b||\"*\"==d)for(a=0;d=e[a];a++)E?d.nodeValue&&c.add(nb(b,d)):c.add(d);else(d=e.getNamedItem(d))&&(E?d.nodeValue&&c.add(nb(b,d)):c.add(d));return c},!1),ic=V(\"child\",function(a,b,c,d,e){return(E?Cb:Db).call(null,a,b,m(c)?c:null,m(d)?d:null,e||new J)},!1,!0);V(\"descendant\",xb,!1,!0);\nvar jc=V(\"descendant-or-self\",function(a,b,c,d){var e=new J;I(b,c,d)&&a.a(b)&&e.add(b);return xb(a,b,c,d,e)},!1,!0),dc=V(\"following\",function(a,b,c,d){var e=new J;do for(var f=b;f=f.nextSibling;)I(f,c,d)&&a.a(f)&&e.add(f),e=xb(a,f,c,d,e);while(b=b.parentNode);return e},!1,!0);V(\"following-sibling\",function(a,b){for(var c=new J;b=b.nextSibling;)a.a(b)&&c.add(b);return c},!1);V(\"namespace\",function(){return new J},!1);\nvar mc=V(\"parent\",function(a,b){var c=new J;if(9==b.nodeType)return c;if(2==b.nodeType)return c.add(b.ownerElement),c;b=b.parentNode;a.a(b)&&c.add(b);return c},!1),ec=V(\"preceding\",function(a,b,c,d){var e=new J,f=[];do f.unshift(b);while(b=b.parentNode);for(var g=1,h=f.length;g\u003Ch;g++){var t=[];for(b=f[g];b=b.previousSibling;)t.unshift(b);for(var v=0,n=t.length;v\u003Cn;v++)b=t[v],I(b,c,d)&&a.a(b)&&e.add(b),e=xb(a,b,c,d,e)}return e},!0,!0);\nV(\"preceding-sibling\",function(a,b){for(var c=new J;b=b.previousSibling;)a.a(b)&&Gb(c,b);return c},!0);var nc=V(\"self\",function(a,b){var c=new J;a.a(b)&&c.add(b);return c},!1);function oc(a,b){this.a=a;this.b=b}function pc(a){for(var b,c=[];;){W(a,\"Missing right hand side of binary expression.\");b=qc(a);var d=u(a.a);if(!d)break;var e=(d=Rb[d]||null)&&d.D;if(!e){a.a.a--;break}for(;c.length&&e\u003C=c[c.length-1].D;)b=new Nb(c.pop(),c.pop(),b);c.push(b,d)}for(;c.length;)b=new Nb(c.pop(),c.pop(),b);return b}function W(a,b){if(va(a.a))throw Error(b);}function rc(a,b){a=u(a.a);if(a!=b)throw Error(\"Bad token, expected: \"+b+\" got: \"+a);}\nfunction sc(a){a=u(a.a);if(\")\"!=a)throw Error(\"Bad token: \"+a);}function tc(a){a=u(a.a);if(2>a.length)throw Error(\"Unclosed literal string\");return new Xb(a)}\nfunction uc(a){var b=[];if(cc(r(a.a))){var c=u(a.a);var d=r(a.a);if(\"/\"==c&&(va(a.a)||\".\"!=d&&\"..\"!=d&&\"@\"!=d&&\"*\"!=d&&!/(?![0-9])[\\w]/.test(d)))return new ac;d=new ac;W(a,\"Missing next location step.\");c=vc(a,c);b.push(c)}else{a:{c=r(a.a);d=c.charAt(0);switch(d){case \"$\":throw Error(\"Variable reference not allowed in HTML XPath\");case \"(\":u(a.a);c=pc(a);W(a,'unclosed \"(\"');rc(a,\")\");break;case '\"':case \"'\":c=tc(a);break;default:if(isNaN(+c))if(!ya(c)&&/(?![0-9])[\\w]/.test(d)&&\"(\"==r(a.a,1)){c=u(a.a);\nc=Wb[c]||null;u(a.a);for(d=[];\")\"!=r(a.a);){W(a,\"Missing function argument list.\");d.push(pc(a));if(\",\"!=r(a.a))break;u(a.a)}W(a,\"Unclosed function argument list.\");sc(a);c=new Ub(c,d)}else{c=null;break a}else c=new Yb(+u(a.a))}\"[\"==r(a.a)&&(d=new fc(wc(a)),c=new Sb(c,d))}if(c)if(cc(r(a.a)))d=c;else return c;else c=vc(a,\"/\"),d=new bc,b.push(c)}for(;cc(r(a.a));)c=u(a.a),W(a,\"Missing next location step.\"),c=vc(a,c),b.push(c);return new Zb(d,b)}\nfunction vc(a,b){if(\"/\"!=b&&\"//\"!=b)throw Error('Step op should be \"/\" or \"//\"');if(\".\"==r(a.a)){var c=new U(nc,new y(\"node\"));u(a.a);return c}if(\"..\"==r(a.a))return c=new U(mc,new y(\"node\")),u(a.a),c;if(\"@\"==r(a.a)){var d=$b;u(a.a);W(a,\"Missing attribute name\")}else if(\"::\"==r(a.a,1)){if(!/(?![0-9])[\\w]/.test(r(a.a).charAt(0)))throw Error(\"Bad token: \"+u(a.a));var e=u(a.a);d=lc[e]||null;if(!d)throw Error(\"No axis with name: \"+e);u(a.a);W(a,\"Missing node name\")}else d=ic;e=r(a.a);if(/(?![0-9])[\\w\\*]/.test(e.charAt(0)))if(\"(\"==\nr(a.a,1)){if(!ya(e))throw Error(\"Invalid node type: \"+e);e=u(a.a);if(!ya(e))throw Error(\"Invalid type name: \"+e);rc(a,\"(\");W(a,\"Bad nodetype\");var f=r(a.a).charAt(0),g=null;if('\"'==f||\"'\"==f)g=tc(a);W(a,\"Bad nodetype\");sc(a);e=new y(e,g)}else if(e=u(a.a),f=e.indexOf(\":\"),-1==f)e=new A(e);else{g=e.substring(0,f);if(\"*\"==g)var h=\"*\";else if(h=a.b(g),!h)throw Error(\"Namespace prefix not declared: \"+g);e=e.substr(f+1);e=new A(e,h)}else throw Error(\"Bad token: \"+u(a.a));a=new fc(wc(a),d.s);return c||new U(d,\ne,a,\"//\"==b)}function wc(a){for(var b=[];\"[\"==r(a.a);){u(a.a);W(a,\"Missing predicate expression.\");var c=pc(a);b.push(c);W(a,\"Unclosed predicate expression.\");rc(a,\"]\")}return b}function qc(a){if(\"-\"==r(a.a))return u(a.a),new gc(qc(a));var b=uc(a);if(\"|\"!=r(a.a))a=b;else{for(b=[b];\"|\"==u(a.a);)W(a,\"Missing next union location path.\"),b.push(uc(a));a.a.a--;a=new hc(b)}return a};function xc(a,b){if(!a.length)throw Error(\"Empty XPath expression.\");a=sa(a);if(va(a))throw Error(\"Invalid XPath expression.\");b?\"function\"==ba(b)||(b=ea(b.lookupNamespaceURI,b)):b=function(){return null};var c=pc(new oc(a,b));if(!va(a))throw Error(\"Bad token: \"+u(a));this.evaluate=function(a,b){a=c.a(new qa(a));return new X(a,b)}}\nfunction X(a,b){if(0==b)if(a instanceof J)b=4;else if(\"string\"==typeof a)b=2;else if(\"number\"==typeof a)b=1;else if(\"boolean\"==typeof a)b=3;else throw Error(\"Unexpected evaluation result.\");if(2!=b&&1!=b&&3!=b&&!(a instanceof J))throw Error(\"value could not be converted to the specified type\");this.resultType=b;switch(b){case 2:this.stringValue=a instanceof J?Ib(a):\"\"+a;break;case 1:this.numberValue=a instanceof J?+Ib(a):+a;break;case 3:this.booleanValue=a instanceof J?0\u003Ca.l:!!a;break;case 4:case 5:case 6:case 7:var c=\nM(a);var d=[];for(var e=N(c);e;e=N(c))d.push(e instanceof mb?e.a:e);this.snapshotLength=a.l;this.invalidIteratorState=!1;break;case 8:case 9:a=Hb(a);this.singleNodeValue=a instanceof mb?a.a:a;break;default:throw Error(\"Unknown XPathResult type.\");}var f=0;this.iterateNext=function(){if(4!=b&&5!=b)throw Error(\"iterateNext called with wrong result type\");return f>=d.length?null:d[f++]};this.snapshotItem=function(a){if(6!=b&&7!=b)throw Error(\"snapshotItem called with wrong result type\");return a>=d.length||\n0>a?null:d[a]}}X.ANY_TYPE=0;X.NUMBER_TYPE=1;X.STRING_TYPE=2;X.BOOLEAN_TYPE=3;X.UNORDERED_NODE_ITERATOR_TYPE=4;X.ORDERED_NODE_ITERATOR_TYPE=5;X.UNORDERED_NODE_SNAPSHOT_TYPE=6;X.ORDERED_NODE_SNAPSHOT_TYPE=7;X.ANY_UNORDERED_NODE_TYPE=8;X.FIRST_ORDERED_NODE_TYPE=9;function yc(a){this.lookupNamespaceURI=za(a)}\nfunction zc(a,b){a=a||k;var c=a.Document&&a.Document.prototype||a.document;if(!c.evaluate||b)a.XPathResult=X,c.evaluate=function(a,b,c,g){return(new xc(a,c)).evaluate(b,g)},c.createExpression=function(a,b){return new xc(a,b)},c.createNSResolver=function(a){return new yc(a)}}aa(\"wgxpath.install\",zc);var Ac=function(){var a={M:\"http://www.w3.org/2000/svg\"};return function(b){return a[b]||null}}();\nfunction Bc(a,b){var c=G(a);if(!c.documentElement)return null;(D||hb)&&zc(c?c.parentWindow||c.defaultView:window);try{var d=c.createNSResolver?c.createNSResolver(c.documentElement):Ac;if(D&&!ab(7))return c.evaluate.call(c,b,a,d,9,null);if(!D||9\u003C=Number(bb)){for(var e={},f=c.getElementsByTagName(\"*\"),g=0;g\u003Cf.length;++g){var h=f[g],t=h.namespaceURI;if(t&&!e[t]){var v=h.lookupPrefix(t);if(!v){var n=t.match(\".*/(\\\\w+)/?$\");v=n?n[1]:\"xhtml\"}e[t]=v}}var B={},L;for(L in e)B[e[L]]=L;d=function(a){return B[a]||\nnull}}try{return c.evaluate(b,a,d,9,null)}catch(O){if(\"TypeError\"===O.name)return d=c.createNSResolver?c.createNSResolver(c.documentElement):Ac,c.evaluate(b,a,d,9,null);throw O;}}catch(O){if(!Ua||\"NS_ERROR_ILLEGAL_VALUE\"!=O.name)throw new ha(32,\"Unable to locate an element with the xpath expression \"+b+\" because of the following error:\\n\"+O);}}\nfunction Cc(a,b){var c=function(){var c=Bc(b,a);return c?c.singleNodeValue||null:b.selectSingleNode?(c=G(b),c.setProperty&&c.setProperty(\"SelectionLanguage\",\"XPath\"),b.selectSingleNode(a)):null}();if(null!==c&&(!c||1!=c.nodeType))throw new ha(32,'The result of the xpath expression \"'+a+'\" is: '+c+\". It should be an element.\");return c};var Dc=\"function\"===typeof ShadowRoot;function Ec(a){for(a=a.parentNode;a&&1!=a.nodeType&&9!=a.nodeType&&11!=a.nodeType;)a=a.parentNode;return K(a)?a:null}\nfunction Y(a,b){b=pa(b);if(\"float\"==b||\"cssFloat\"==b||\"styleFloat\"==b)b=qb?\"styleFloat\":\"cssFloat\";a:{var c=b;var d=G(a);if(d.defaultView&&d.defaultView.getComputedStyle&&(d=d.defaultView.getComputedStyle(a,null))){c=d[c]||d.getPropertyValue(c)||\"\";break a}c=\"\"}a=c||Fc(a,b);if(null===a)a=null;else if(0\u003C=Ca(La,b)){b:{var e=a.match(Oa);if(e&&(b=Number(e[1]),c=Number(e[2]),d=Number(e[3]),e=Number(e[4]),0\u003C=b&&255>=b&&0\u003C=c&&255>=c&&0\u003C=d&&255>=d&&0\u003C=e&&1>=e)){b=[b,c,d,e];break b}b=null}if(!b)b:{if(d=a.match(Pa))if(b=\nNumber(d[1]),c=Number(d[2]),d=Number(d[3]),0\u003C=b&&255>=b&&0\u003C=c&&255>=c&&0\u003C=d&&255>=d){b=[b,c,d,1];break b}b=null}if(!b)b:{b=a.toLowerCase();c=ja[b.toLowerCase()];if(!c&&(c=\"#\"==b.charAt(0)?b:\"#\"+b,4==c.length&&(c=c.replace(Ma,\"#$1$1$2$2$3$3\")),!Na.test(c))){b=null;break b}b=[parseInt(c.substr(1,2),16),parseInt(c.substr(3,2),16),parseInt(c.substr(5,2),16),1]}a=b?\"rgba(\"+b.join(\", \")+\")\":a}return a}\nfunction Fc(a,b){var c=a.currentStyle||a.style,d=c[b];!l(d)&&\"function\"==ba(c.getPropertyValue)&&(d=c.getPropertyValue(b));return\"inherit\"!=d?l(d)?d:null:(a=Ec(a))?Fc(a,b):null}\nfunction Gc(a,b,c){function d(a){var b=Hc(a);return 0\u003Cb.height&&0\u003Cb.width?!0:K(a,\"PATH\")&&(0\u003Cb.height||0\u003Cb.width)?(a=Y(a,\"stroke-width\"),!!a&&0\u003CparseInt(a,10)):\"hidden\"!=Y(a,\"overflow\")&&Fa(a.childNodes,function(a){return 3==a.nodeType||K(a)&&d(a)})}function e(a){return Ic(a)==Z&&Ga(a.childNodes,function(a){return!K(a)||e(a)||!d(a)})}if(!K(a))throw Error(\"Argument to isShown must be of type Element\");if(K(a,\"BODY\"))return!0;var f=Ec(a);if(f&&K(f,\"DETAILS\")&&!f.open&&!K(a,\"SUMMARY\"))return!1;if(K(a,\n\"OPTION\")||K(a,\"OPTGROUP\"))return a=vb(a,function(a){return K(a,\"SELECT\")}),!!a&&Gc(a,!0,c);if(f=Jc(a))return!!f.B&&0\u003Cf.rect.width&&0\u003Cf.rect.height&&Gc(f.B,b,c);if(K(a,\"INPUT\")&&\"hidden\"==a.type.toLowerCase()||K(a,\"NOSCRIPT\"))return!1;f=Y(a,\"visibility\");return\"collapse\"!=f&&\"hidden\"!=f&&c(a)&&(b||0!=Kc(a))&&d(a)?!e(a):!1}var Z=\"hidden\";\nfunction Ic(a){function b(a){function b(a){if(a==g)return!0;var b=Y(a,\"display\");return 0==b.lastIndexOf(\"inline\",0)||\"contents\"==b||\"absolute\"==c&&\"static\"==Y(a,\"position\")?!1:!0}var c=Y(a,\"position\");if(\"fixed\"==c)return v=!0,a==g?null:g;for(a=Ec(a);a&&!b(a);)a=Ec(a);return a}function c(a){var b=a;if(\"visible\"==t)if(a==g&&h)b=h;else if(a==h)return{x:\"visible\",y:\"visible\"};b={x:Y(b,\"overflow-x\"),y:Y(b,\"overflow-y\")};a==g&&(b.x=\"visible\"==b.x?\"auto\":b.x,b.y=\"visible\"==b.y?\"auto\":b.y);return b}function d(a){if(a==\ng){var b=(new wb(f)).a;a=b.scrollingElement?b.scrollingElement:Va||\"CSS1Compat\"!=b.compatMode?b.body||b.documentElement:b.documentElement;b=b.parentWindow||b.defaultView;a=D&&ab(\"10\")&&b.pageYOffset!=a.scrollTop?new Ra(a.scrollLeft,a.scrollTop):new Ra(b.pageXOffset||a.scrollLeft,b.pageYOffset||a.scrollTop)}else a=new Ra(a.scrollLeft,a.scrollTop);return a}var e=Lc(a),f=G(a),g=f.documentElement,h=f.body,t=Y(g,\"overflow\"),v;for(a=b(a);a;a=b(a)){var n=c(a);if(\"visible\"!=n.x||\"visible\"!=n.y){var B=Hc(a);\nif(0==B.width||0==B.height)return Z;var L=e.a\u003CB.a,O=e.b\u003CB.b;if(L&&\"hidden\"==n.x||O&&\"hidden\"==n.y)return Z;if(L&&\"visible\"!=n.x||O&&\"visible\"!=n.y){L=d(a);O=e.b\u003CB.b-L.y;if(e.a\u003CB.a-L.x&&\"visible\"!=n.x||O&&\"visible\"!=n.x)return Z;e=Ic(a);return e==Z?Z:\"scroll\"}L=e.f>=B.a+B.width;B=e.c>=B.b+B.height;if(L&&\"hidden\"==n.x||B&&\"hidden\"==n.y)return Z;if(L&&\"visible\"!=n.x||B&&\"visible\"!=n.y){if(v&&(n=d(a),e.f>=g.scrollWidth-n.x||e.a>=g.scrollHeight-n.y))return Z;e=Ic(a);return e==Z?Z:\"scroll\"}}}return\"none\"}\nfunction Hc(a){var b=Jc(a);if(b)return b.rect;if(K(a,\"HTML\"))return a=G(a),a=((a?a.parentWindow||a.defaultView:window)||window).document,a=\"CSS1Compat\"==a.compatMode?a.documentElement:a.body,a=new ka(a.clientWidth,a.clientHeight),new F(0,0,a.width,a.height);try{var c=a.getBoundingClientRect()}catch(d){return new F(0,0,0,0)}b=new F(c.left,c.top,c.right-c.left,c.bottom-c.top);D&&a.ownerDocument.body&&(a=G(a),b.a-=a.documentElement.clientLeft+a.body.clientLeft,b.b-=a.documentElement.clientTop+a.body.clientTop);\nreturn b}function Jc(a){var b=K(a,\"MAP\");if(!b&&!K(a,\"AREA\"))return null;var c=b?a:K(a.parentNode,\"MAP\")?a.parentNode:null,d=null,e=null;c&&c.name&&(d=Cc('/descendant::*[@usemap = \"#'+c.name+'\"]',G(c)))&&(e=Hc(d),b||\"default\"==a.shape.toLowerCase()||(a=Mc(a),b=Math.min(Math.max(a.a,0),e.width),c=Math.min(Math.max(a.b,0),e.height),e=new F(b+e.a,c+e.b,Math.min(a.width,e.width-b),Math.min(a.height,e.height-c))));return{B:d,rect:e||new F(0,0,0,0)}}\nfunction Mc(a){var b=a.shape.toLowerCase();a=a.coords.split(\",\");if(\"rect\"==b&&4==a.length){b=a[0];var c=a[1];return new F(b,c,a[2]-b,a[3]-c)}if(\"circle\"==b&&3==a.length)return b=a[2],new F(a[0]-b,a[1]-b,2*b,2*b);if(\"poly\"==b&&2\u003Ca.length){b=a[0];c=a[1];for(var d=b,e=c,f=2;f+1\u003Ca.length;f+=2)b=Math.min(b,a[f]),d=Math.max(d,a[f]),c=Math.min(c,a[f+1]),e=Math.max(e,a[f+1]);return new F(b,c,d-b,e-c)}return new F(0,0,0,0)}function Lc(a){a=Hc(a);return new db(a.b,a.a+a.width,a.b+a.height,a.a)}\nfunction Kc(a){if(qb){if(\"relative\"==Y(a,\"position\"))return 1;a=Y(a,\"filter\");return(a=a.match(/^alpha\\(opacity=(\\d*)\\)/)||a.match(/^progid:DXImageTransform.Microsoft.Alpha\\(Opacity=(\\d*)\\)/))?Number(a[1])/100:1}return Nc(a)}function Nc(a){var b=1,c=Y(a,\"opacity\");c&&(b=Number(c));(a=Ec(a))&&(b*=Nc(a));return b};aa(\"_\",function(a,b){function c(a){if(K(a)&&\"none\"==Y(a,\"display\"))return!1;var b;(b=a.parentNode)&&b.shadowRoot&&void 0!==a.assignedSlot?b=a.assignedSlot?a.assignedSlot.parentNode:null:a.getDestinationInsertionPoints&&(a=a.getDestinationInsertionPoints(),0\u003Ca.length&&(b=a[a.length-1]));if(Dc&&b instanceof ShadowRoot){if(b.host.shadowRoot!==b)return!1;b=b.host}return!b||9!=b.nodeType&&11!=b.nodeType?b&&c(b):!0}return Gc(a,!!b,c)});; return this._.apply(null,arguments);}.apply({navigator:typeof window!='undefined'?window.navigator:null,document:typeof window!='undefined'?window.document:null}, arguments);}\n).apply(null, arguments);"
}
[1779850085.168][INFO]: Waiting for pending navigations...
[1779850085.168][DEBUG]: DevTools WebSocket Command: Runtime.evaluate (id=132) 0EA677E6C4FBD9738A81F51BE053F03D {
   "expression": "1"
}
[1779850085.171][DEBUG]: DevTools WebSocket Response: Runtime.evaluate (id=132) 0EA677E6C4FBD9738A81F51BE053F03D {
   "result": {
      "description": "1",
      "type": "number",
      "value": 1
   }
}
[1779850085.171][INFO]: Done waiting for pending navigations. Status: ok
[1779850085.175][DEBUG]: DevTools WebSocket Command: Runtime.evaluate (id=133) 0EA677E6C4FBD9738A81F51BE053F03D {
   "awaitPromise": true,
   "expression": "(function() { // Copyright (c) 2012 The Chromium Authors. All rights reserved.\n// Use of this source code is governed by a BSD-style license that can be\n// found in the LICENSE file.\n\n/**\n * Enum f...",
   "returnByValue": true
}
[1779850085.184][DEBUG]: DevTools WebSocket Response: Runtime.evaluate (id=133) 0EA677E6C4FBD9738A81F51BE053F03D {
   "result": {
      "type": "object",
      "value": {
         "status": 0,
         "value": true
      }
   }
}
[1779850085.185][INFO]: Waiting for pending navigations...
[1779850085.185][DEBUG]: DevTools WebSocket Command: Runtime.evaluate (id=134) 0EA677E6C4FBD9738A81F51BE053F03D {
   "expression": "1"
}
[1779850085.185][DEBUG]: DevTools WebSocket Response: Runtime.evaluate (id=134) 0EA677E6C4FBD9738A81F51BE053F03D {
   "result": {
      "description": "1",
      "type": "number",
      "value": 1
   }
}
[1779850085.185][INFO]: Done waiting for pending navigations. Status: ok
[1779850085.185][INFO]: [6d6a54ac6a81f45fc5bf60d2fceca1fa] RESPONSE ExecuteScript true
[1779850085.209][INFO]: [6d6a54ac6a81f45fc5bf60d2fceca1fa] COMMAND Navigate {
   "url": "https://xflix-qa.vercel.app/"
}
[1779850085.209][INFO]: Waiting for pending navigations...
[1779850085.209][DEBUG]: DevTools WebSocket Command: Runtime.evaluate (id=135) 0EA677E6C4FBD9738A81F51BE053F03D {
   "expression": "1"
}
[1779850085.210][DEBUG]: DevTools WebSocket Response: Runtime.evaluate (id=135) 0EA677E6C4FBD9738A81F51BE053F03D {
   "result": {
      "description": "1",
      "type": "number",
      "value": 1
   }
}
[1779850085.210][INFO]: Done waiting for pending navigations. Status: ok
[1779850085.210][DEBUG]: DevTools WebSocket Command: Page.navigate (id=136) 0EA677E6C4FBD9738A81F51BE053F03D {
   "url": "https://xflix-qa.vercel.app/"
}
[1779850085.224][DEBUG]: DevTools WebSocket Response: Page.navigate (id=136) 0EA677E6C4FBD9738A81F51BE053F03D {
   "frameId": "0EA677E6C4FBD9738A81F51BE053F03D",
   "loaderId": "368C7CD5EA80B9996CD97D385EC5F09B"
}
[1779850085.224][DEBUG]: DevTools WebSocket Command: Runtime.evaluate (id=137) 0EA677E6C4FBD9738A81F51BE053F03D {
   "expression": "document.URL"
}
[1779850085.229][DEBUG]: DevTools WebSocket Event: Page.frameStartedLoading 0EA677E6C4FBD9738A81F51BE053F03D {
   "frameId": "0EA677E6C4FBD9738A81F51BE053F03D"
}
[1779850085.246][DEBUG]: DevTools WebSocket Event: Runtime.executionContextsCleared 0EA677E6C4FBD9738A81F51BE053F03D {

}
[1779850085.246][DEBUG]: DevTools WebSocket Event: Page.frameNavigated 0EA677E6C4FBD9738A81F51BE053F03D {
   "frame": {
      "adFrameType": "none",
      "crossOriginIsolatedContextType": "NotIsolated",
      "domainAndRegistry": "xflix-qa.vercel.app",
      "gatedAPIFeatures": [ "SharedArrayBuffersTransferAllowed" ],
      "id": "0EA677E6C4FBD9738A81F51BE053F03D",
      "loaderId": "368C7CD5EA80B9996CD97D385EC5F09B",
      "mimeType": "text/html",
      "secureContextType": "Secure",
      "securityOrigin": "https://xflix-qa.vercel.app",
      "url": "https://xflix-qa.vercel.app/"
   }
}
[1779850085.246][DEBUG]: DevTools WebSocket Event: Runtime.executionContextCreated 0EA677E6C4FBD9738A81F51BE053F03D {
   "context": {
      "auxData": {
         "frameId": "0EA677E6C4FBD9738A81F51BE053F03D",
         "isDefault": true,
         "type": "default"
      },
      "id": 3,
      "name": "",
      "origin": "https://xflix-qa.vercel.app",
      "uniqueId": "-540029103493392113.-1637685056700017199"
   }
}
[1779850085.246][DEBUG]: DevTools WebSocket Event: DOM.documentUpdated 0EA677E6C4FBD9738A81F51BE053F03D {

}
[1779850085.246][DEBUG]: DevTools WebSocket Command: DOM.getDocument (id=138) 0EA677E6C4FBD9738A81F51BE053F03D {

}
[1779850085.247][DEBUG]: DevTools WebSocket Response: Runtime.evaluate (id=137) 0EA677E6C4FBD9738A81F51BE053F03D {
   "result": {
      "type": "string",
      "value": "https://xflix-qa.vercel.app/"
   }
}
[1779850085.247][INFO]: Waiting for pending navigations...
[1779850085.247][DEBUG]: DevTools WebSocket Command: Runtime.evaluate (id=139) 0EA677E6C4FBD9738A81F51BE053F03D {
   "expression": "1"
}
[1779850085.249][DEBUG]: DevTools WebSocket Response: DOM.getDocument (id=138) 0EA677E6C4FBD9738A81F51BE053F03D {
   "root": {
      "backendNodeId": 233,
      "baseURL": "https://xflix-qa.vercel.app/",
      "childNodeCount": 2,
      "children": [ {
         "backendNodeId": 234,
         "localName": "",
         "nodeId": 22,
         "nodeName": "html",
         "nodeType": 10,
         "nodeValue": "",
         "parentId": 21,
         "publicId": "",
         "systemId": ""
      }, {
         "attributes": [ "lang", "en" ],
         "backendNodeId": 235,
         "childNodeCount": 2,
         "children": [ {
            "attributes": [  ],
            "backendNodeId": 236,
            "childNodeCount": 7,
            "localName": "head",
            "nodeId": 24,
            "nodeName": "HEAD",
            "nodeType": 1,
            "nodeValue": "",
            "parentId": 23
         }, {
            "attributes": [  ],
            "backendNodeId": 237,
            "childNodeCount": 1,
            "localName": "body",
            "nodeId": 25,
            "nodeName": "BODY",
            "nodeType": 1,
            "nodeValue": "",
            "parentId": 23
         } ],
         "frameId": "0EA677E6C4FBD9738A81F51BE053F03D",
         "localName": "html",
         "nodeId": 23,
         "nodeName": "HTML",
         "nodeType": 1,
         "nodeValue": "",
         "parentId": 21
      } ],
      "documentURL": "https://xflix-qa.vercel.app/",
      "localName": "",
      "nodeId": 21,
      "nodeName": "#document",
      "nodeType": 9,
      "nodeValue": "",
      "xmlVersion": ""
   }
}
[1779850085.250][DEBUG]: DevTools WebSocket Response: Runtime.evaluate (id=139) 0EA677E6C4FBD9738A81F51BE053F03D {
   "result": {
      "description": "1",
      "type": "number",
      "value": 1
   }
}
[1779850085.264][DEBUG]: DevTools WebSocket Event: DOM.documentUpdated 0EA677E6C4FBD9738A81F51BE053F03D {

}
[1779850085.265][DEBUG]: DevTools WebSocket Command: DOM.getDocument (id=140) 0EA677E6C4FBD9738A81F51BE053F03D {

}
[1779850085.265][DEBUG]: DevTools WebSocket Event: Page.domContentEventFired 0EA677E6C4FBD9738A81F51BE053F03D {
   "timestamp": 4588.326976
}
[1779850085.265][DEBUG]: DevTools WebSocket Command: Runtime.evaluate (id=141) 0EA677E6C4FBD9738A81F51BE053F03D {
   "expression": "1"
}
[1779850085.267][DEBUG]: DevTools WebSocket Event: Page.loadEventFired 0EA677E6C4FBD9738A81F51BE053F03D {
   "timestamp": 4588.327131
}
[1779850085.267][DEBUG]: DevTools WebSocket Command: Runtime.evaluate (id=142) 0EA677E6C4FBD9738A81F51BE053F03D {
   "awaitPromise": false,
   "expression": "document.readyState",
   "returnByValue": true
}
[1779850085.267][DEBUG]: DevTools WebSocket Event: Page.frameStoppedLoading 0EA677E6C4FBD9738A81F51BE053F03D {
   "frameId": "0EA677E6C4FBD9738A81F51BE053F03D"
}
[1779850085.301][DEBUG]: DevTools WebSocket Response: DOM.getDocument (id=140) 0EA677E6C4FBD9738A81F51BE053F03D {
   "root": {
      "backendNodeId": 233,
      "baseURL": "https://xflix-qa.vercel.app/",
      "childNodeCount": 2,
      "children": [ {
         "backendNodeId": 234,
         "localName": "",
         "nodeId": 27,
         "nodeName": "html",
         "nodeType": 10,
         "nodeValue": "",
         "parentId": 26,
         "publicId": "",
         "systemId": ""
      }, {
         "attributes": [ "lang", "en" ],
         "backendNodeId": 235,
         "childNodeCount": 2,
         "children": [ {
            "attributes": [  ],
            "backendNodeId": 236,
            "childNodeCount": 7,
            "localName": "head",
            "nodeId": 29,
            "nodeName": "HEAD",
            "nodeType": 1,
            "nodeValue": "",
            "parentId": 28
         }, {
            "attributes": [  ],
            "backendNodeId": 237,
            "childNodeCount": 1,
            "localName": "body",
            "nodeId": 30,
            "nodeName": "BODY",
            "nodeType": 1,
            "nodeValue": "",
            "parentId": 28
         } ],
         "frameId": "0EA677E6C4FBD9738A81F51BE053F03D",
         "localName": "html",
         "nodeId": 28,
         "nodeName": "HTML",
         "nodeType": 1,
         "nodeValue": "",
         "parentId": 26
      } ],
      "documentURL": "https://xflix-qa.vercel.app/",
      "localName": "",
      "nodeId": 26,
      "nodeName": "#document",
      "nodeType": 9,
      "nodeValue": "",
      "xmlVersion": ""
   }
}
[1779850085.301][DEBUG]: DevTools WebSocket Response: Runtime.evaluate (id=141) 0EA677E6C4FBD9738A81F51BE053F03D {
   "result": {
      "description": "1",
      "type": "number",
      "value": 1
   }
}
[1779850085.302][DEBUG]: DevTools WebSocket Response: Runtime.evaluate (id=142) 0EA677E6C4FBD9738A81F51BE053F03D {
   "result": {
      "type": "string",
      "value": "complete"
   }
}
[1779850085.302][INFO]: Done waiting for pending navigations. Status: ok
[1779850085.302][INFO]: [6d6a54ac6a81f45fc5bf60d2fceca1fa] RESPONSE Navigate
[1779850085.329][INFO]: [6d6a54ac6a81f45fc5bf60d2fceca1fa] COMMAND FindElements {
   "using": "css selector",
   "value": ".video\\-title"
}
[1779850085.329][INFO]: Waiting for pending navigations...
[1779850085.329][DEBUG]: DevTools WebSocket Command: Runtime.evaluate (id=143) 0EA677E6C4FBD9738A81F51BE053F03D {
   "expression": "1"
}
[1779850085.332][DEBUG]: DevTools WebSocket Response: Runtime.evaluate (id=143) 0EA677E6C4FBD9738A81F51BE053F03D {
   "result": {
      "description": "1",
      "type": "number",
      "value": 1
   }
}
[1779850085.332][INFO]: Done waiting for pending navigations. Status: ok
[1779850085.335][DEBUG]: DevTools WebSocket Command: Runtime.evaluate (id=144) 0EA677E6C4FBD9738A81F51BE053F03D {
   "awaitPromise": true,
   "expression": "(function() { // Copyright (c) 2012 The Chromium Authors. All rights reserved.\n// Use of this source code is governed by a BSD-style license that can be\n// found in the LICENSE file.\n\n/**\n * Enum f...",
   "returnByValue": true
}
[1779850085.344][DEBUG]: DevTools WebSocket Response: Runtime.evaluate (id=144) 0EA677E6C4FBD9738A81F51BE053F03D {
   "result": {
      "type": "object",
      "value": {
         "status": 0,
         "value": [ {
            "element-6066-11e4-a52e-4f735466cecf": "9a928871-a6bc-4002-a579-be7472b02413"
         }, {
            "element-6066-11e4-a52e-4f735466cecf": "b74cf5e9-4a86-4980-8f07-cd27b5d8e9be"
         }, {
            "element-6066-11e4-a52e-4f735466cecf": "f92cec3d-c7cc-4407-992f-755afffdde18"
         }, {
            "element-6066-11e4-a52e-4f735466cecf": "34e5988c-8763-43ff-82d7-69ea7b6c3683"
         }, {
            "element-6066-11e4-a52e-4f735466cecf": "9ffc03b9-c8a7-4d27-b2cb-103f2fb7bf44"
         }, {
            "element-6066-11e4-a52e-4f735466cecf": "85785b08-7215-497e-b49f-6d3863122649"
         }, {
            "element-6066-11e4-a52e-4f735466cecf": "52680c6c-4c8a-4ab2-ba94-cd8d20fa8263"
         }, {
            "element-6066-11e4-a52e-4f735466cecf": "fd25956f-fa07-45fe-989a-007a3d82fff3"
         }, {
            "element-6066-11e4-a52e-4f735466cecf": "90297242-3feb-4476-92cf-77acdde5bd86"
         }, {
            "element-6066-11e4-a52e-4f735466cecf": "39034eda-3982-4eba-9f4c-c158524759de"
         }, {
            "element-6066-11e4-a52e-4f735466cecf": "16e643b7-7a94-461b-98e2-21a65be8be52"
         }, {
            "element-6066-11e4-a52e-4f735466cecf": "bd52d731-9d80-4586-b36d-54b00e8ee32b"
         }, {
            "element-6066-11e4-a52e-4f735466cecf": "84d72b78-e247-440b-95a4-5f358db4bdbd"
         }, {
            "element-6066-11e4-a52e-4f735466cecf": "152e5e97-6cb8-4e76-bfaa-9cba5da04324"
         }, {
            "element-6066-11e4-a52e-4f735466cecf": "bc95483b-617b-477f-87ea-985b28a7fbaa"
         }, {
            "element-6066-11e4-a52e-4f735466cecf": "03dc018f-aef3-4fa5-96de-d0a45beda485"
         }, {
            "element-6066-11e4-a52e-4f735466cecf": "d2898210-234e-453e-a574-686ad81cd702"
         }, {
            "element-6066-11e4-a52e-4f735466cecf": "92786182-79a7-46c0-a884-39a6de5a1ea5"
         }, {
            "element-6066-11e4-a52e-4f735466cecf": "95928873-960c-4a47-9e9a-ea4e59e85dbe"
         }, "..." ]
      }
   }
}
[1779850085.344][INFO]: Waiting for pending navigations...
[1779850085.344][DEBUG]: DevTools WebSocket Command: Runtime.evaluate (id=145) 0EA677E6C4FBD9738A81F51BE053F03D {
   "expression": "1"
}
[1779850085.344][DEBUG]: DevTools WebSocket Response: Runtime.evaluate (id=145) 0EA677E6C4FBD9738A81F51BE053F03D {
   "result": {
      "description": "1",
      "type": "number",
      "value": 1
   }
}
[1779850085.344][INFO]: Done waiting for pending navigations. Status: ok
[1779850085.344][INFO]: [6d6a54ac6a81f45fc5bf60d2fceca1fa] RESPONSE FindElements [ {
   "element-6066-11e4-a52e-4f735466cecf": "9a928871-a6bc-4002-a579-be7472b02413"
}, {
   "element-6066-11e4-a52e-4f735466cecf": "b74cf5e9-4a86-4980-8f07-cd27b5d8e9be"
}, {
   "element-6066-11e4-a52e-4f735466cecf": "f92cec3d-c7cc-4407-992f-755afffdde18"
}, {
   "element-6066-11e4-a52e-4f735466cecf": "34e5988c-8763-43ff-82d7-69ea7b6c3683"
}, {
   "element-6066-11e4-a52e-4f735466cecf": "9ffc03b9-c8a7-4d27-b2cb-103f2fb7bf44"
}, {
   "element-6066-11e4-a52e-4f735466cecf": "85785b08-7215-497e-b49f-6d3863122649"
}, {
   "element-6066-11e4-a52e-4f735466cecf": "52680c6c-4c8a-4ab2-ba94-cd8d20fa8263"
}, {
   "element-6066-11e4-a52e-4f735466cecf": "fd25956f-fa07-45fe-989a-007a3d82fff3"
}, {
   "element-6066-11e4-a52e-4f735466cecf": "90297242-3feb-4476-92cf-77acdde5bd86"
}, {
   "element-6066-11e4-a52e-4f735466cecf": "39034eda-3982-4eba-9f4c-c158524759de"
}, {
   "element-6066-11e4-a52e-4f735466cecf": "16e643b7-7a94-461b-98e2-21a65be8be52"
}, {
   "element-6066-11e4-a52e-4f735466cecf": "bd52d731-9d80-4586-b36d-54b00e8ee32b"
}, {
   "element-6066-11e4-a52e-4f735466cecf": "84d72b78-e247-440b-95a4-5f358db4bdbd"
}, {
   "element-6066-11e4-a52e-4f735466cecf": "152e5e97-6cb8-4e76-bfaa-9cba5da04324"
}, {
   "element-6066-11e4-a52e-4f735466cecf": "bc95483b-617b-477f-87ea-985b28a7fbaa"
}, {
   "element-6066-11e4-a52e-4f735466cecf": "03dc018f-aef3-4fa5-96de-d0a45beda485"
}, {
   "element-6066-11e4-a52e-4f735466cecf": "d2898210-234e-453e-a574-686ad81cd702"
}, {
   "element-6066-11e4-a52e-4f735466cecf": "92786182-79a7-46c0-a884-39a6de5a1ea5"
}, {
   "element-6066-11e4-a52e-4f735466cecf": "95928873-960c-4a47-9e9a-ea4e59e85dbe"
}, "..." ]
[1779850085.404][INFO]: [6d6a54ac6a81f45fc5bf60d2fceca1fa] COMMAND GetElementText {
   "id": "9a928871-a6bc-4002-a579-be7472b02413"
}
[1779850085.404][INFO]: Waiting for pending navigations...
[1779850085.404][DEBUG]: DevTools WebSocket Command: Runtime.evaluate (id=146) 0EA677E6C4FBD9738A81F51BE053F03D {
   "expression": "1"
}
[1779850085.405][DEBUG]: DevTools WebSocket Response: Runtime.evaluate (id=146) 0EA677E6C4FBD9738A81F51BE053F03D {
   "result": {
      "description": "1",
      "type": "number",
      "value": 1
   }
}
[1779850085.405][INFO]: Done waiting for pending navigations. Status: ok
[1779850085.408][DEBUG]: DevTools WebSocket Command: Runtime.evaluate (id=147) 0EA677E6C4FBD9738A81F51BE053F03D {
   "awaitPromise": true,
   "expression": "(function() { // Copyright (c) 2012 The Chromium Authors. All rights reserved.\n// Use of this source code is governed by a BSD-style license that can be\n// found in the LICENSE file.\n\n/**\n * Enum f...",
   "returnByValue": true
}
[1779850085.417][DEBUG]: DevTools WebSocket Response: Runtime.evaluate (id=147) 0EA677E6C4FBD9738A81F51BE053F03D {
   "result": {
      "type": "object",
      "value": {
         "status": 0,
         "value": "3,000,000 - Q&A"
      }
   }
}
[1779850085.418][INFO]: Waiting for pending navigations...
[1779850085.418][DEBUG]: DevTools WebSocket Command: Runtime.evaluate (id=148) 0EA677E6C4FBD9738A81F51BE053F03D {
   "expression": "1"
}
[1779850085.418][DEBUG]: DevTools WebSocket Response: Runtime.evaluate (id=148) 0EA677E6C4FBD9738A81F51BE053F03D {
   "result": {
      "description": "1",
      "type": "number",
      "value": 1
   }
}
[1779850085.418][INFO]: Done waiting for pending navigations. Status: ok
[1779850085.418][INFO]: [6d6a54ac6a81f45fc5bf60d2fceca1fa] RESPONSE GetElementText "3,000,000 - Q&A"
[1779850085.432][INFO]: [6d6a54ac6a81f45fc5bf60d2fceca1fa] COMMAND GetElementText {
   "id": "b74cf5e9-4a86-4980-8f07-cd27b5d8e9be"
}
[1779850085.432][INFO]: Waiting for pending navigations...
[1779850085.432][DEBUG]: DevTools WebSocket Command: Runtime.evaluate (id=149) 0EA677E6C4FBD9738A81F51BE053F03D {
   "expression": "1"
}
[1779850085.433][DEBUG]: DevTools WebSocket Response: Runtime.evaluate (id=149) 0EA677E6C4FBD9738A81F51BE053F03D {
   "result": {
      "description": "1",
      "type": "number",
      "value": 1
   }
}
[1779850085.433][INFO]: Done waiting for pending navigations. Status: ok
[1779850085.436][DEBUG]: DevTools WebSocket Command: Runtime.evaluate (id=150) 0EA677E6C4FBD9738A81F51BE053F03D {
   "awaitPromise": true,
   "expression": "(function() { // Copyright (c) 2012 The Chromium Authors. All rights reserved.\n// Use of this source code is governed by a BSD-style license that can be\n// found in the LICENSE file.\n\n/**\n * Enum f...",
   "returnByValue": true
}
[1779850085.445][DEBUG]: DevTools WebSocket Response: Runtime.evaluate (id=150) 0EA677E6C4FBD9738A81F51BE053F03D {
   "result": {
      "type": "object",
      "value": {
         "status": 0,
         "value": "Top 10 Facts - Space [Part 5]"
      }
   }
}
[1779850085.445][INFO]: Waiting for pending navigations...
[1779850085.446][DEBUG]: DevTools WebSocket Command: Runtime.evaluate (id=151) 0EA677E6C4FBD9738A81F51BE053F03D {
   "expression": "1"
}
[1779850085.446][DEBUG]: DevTools WebSocket Response: Runtime.evaluate (id=151) 0EA677E6C4FBD9738A81F51BE053F03D {
   "result": {
      "description": "1",
      "type": "number",
      "value": 1
   }
}
[1779850085.446][INFO]: Done waiting for pending navigations. Status: ok
[1779850085.446][INFO]: [6d6a54ac6a81f45fc5bf60d2fceca1fa] RESPONSE GetElementText "Top 10 Facts - Space [Part 5]"
[1779850085.462][INFO]: [6d6a54ac6a81f45fc5bf60d2fceca1fa] COMMAND GetElementText {
   "id": "f92cec3d-c7cc-4407-992f-755afffdde18"
}
[1779850085.462][INFO]: Waiting for pending navigations...
[1779850085.462][DEBUG]: DevTools WebSocket Command: Runtime.evaluate (id=152) 0EA677E6C4FBD9738A81F51BE053F03D {
   "expression": "1"
}
[1779850085.466][DEBUG]: DevTools WebSocket Response: Runtime.evaluate (id=152) 0EA677E6C4FBD9738A81F51BE053F03D {
   "result": {
      "description": "1",
      "type": "number",
      "value": 1
   }
}
[1779850085.466][INFO]: Done waiting for pending navigations. Status: ok
[1779850085.469][DEBUG]: DevTools WebSocket Command: Runtime.evaluate (id=153) 0EA677E6C4FBD9738A81F51BE053F03D {
   "awaitPromise": true,
   "expression": "(function() { // Copyright (c) 2012 The Chromium Authors. All rights reserved.\n// Use of this source code is governed by a BSD-style license that can be\n// found in the LICENSE file.\n\n/**\n * Enum f...",
   "returnByValue": true
}
[1779850085.478][DEBUG]: DevTools WebSocket Response: Runtime.evaluate (id=153) 0EA677E6C4FBD9738A81F51BE053F03D {
   "result": {
      "type": "object",
      "value": {
         "status": 0,
         "value": "The Legend of the Bermuda Triangle"
      }
   }
}
[1779850085.478][INFO]: Waiting for pending navigations...
[1779850085.478][DEBUG]: DevTools WebSocket Command: Runtime.evaluate (id=154) 0EA677E6C4FBD9738A81F51BE053F03D {
   "expression": "1"
}
[1779850085.478][DEBUG]: DevTools WebSocket Response: Runtime.evaluate (id=154) 0EA677E6C4FBD9738A81F51BE053F03D {
   "result": {
      "description": "1",
      "type": "number",
      "value": 1
   }
}
[1779850085.478][INFO]: Done waiting for pending navigations. Status: ok
[1779850085.479][INFO]: [6d6a54ac6a81f45fc5bf60d2fceca1fa] RESPONSE GetElementText "The Legend of the Bermuda Triangle"
[1779850085.498][INFO]: [6d6a54ac6a81f45fc5bf60d2fceca1fa] COMMAND GetElementText {
   "id": "34e5988c-8763-43ff-82d7-69ea7b6c3683"
}
[1779850085.500][INFO]: Waiting for pending navigations...
[1779850085.500][DEBUG]: DevTools WebSocket Command: Runtime.evaluate (id=155) 0EA677E6C4FBD9738A81F51BE053F03D {
   "expression": "1"
}
[1779850085.503][DEBUG]: DevTools WebSocket Response: Runtime.evaluate (id=155) 0EA677E6C4FBD9738A81F51BE053F03D {
   "result": {
      "description": "1",
      "type": "number",
      "value": 1
   }
}
[1779850085.503][INFO]: Done waiting for pending navigations. Status: ok
[1779850085.506][DEBUG]: DevTools WebSocket Command: Runtime.evaluate (id=156) 0EA677E6C4FBD9738A81F51BE053F03D {
   "awaitPromise": true,
   "expression": "(function() { // Copyright (c) 2012 The Chromium Authors. All rights reserved.\n// Use of this source code is governed by a BSD-style license that can be\n// found in the LICENSE file.\n\n/**\n * Enum f...",
   "returnByValue": true
}
[1779850085.518][DEBUG]: DevTools WebSocket Response: Runtime.evaluate (id=156) 0EA677E6C4FBD9738A81F51BE053F03D {
   "result": {
      "type": "object",
      "value": {
         "status": 0,
         "value": "The Mandela Effect: A Critical Analysis"
      }
   }
}
[1779850085.518][INFO]: Waiting for pending navigations...
[1779850085.518][DEBUG]: DevTools WebSocket Command: Runtime.evaluate (id=157) 0EA677E6C4FBD9738A81F51BE053F03D {
   "expression": "1"
}
[1779850085.519][DEBUG]: DevTools WebSocket Response: Runtime.evaluate (id=157) 0EA677E6C4FBD9738A81F51BE053F03D {
   "result": {
      "description": "1",
      "type": "number",
      "value": 1
   }
}
[1779850085.519][INFO]: Done waiting for pending navigations. Status: ok
[1779850085.519][INFO]: [6d6a54ac6a81f45fc5bf60d2fceca1fa] RESPONSE GetElementText "The Mandela Effect: A Critical Analysis"
[1779850085.542][INFO]: [6d6a54ac6a81f45fc5bf60d2fceca1fa] COMMAND GetElementText {
   "id": "9ffc03b9-c8a7-4d27-b2cb-103f2fb7bf44"
}
[1779850085.542][INFO]: Waiting for pending navigations...
[1779850085.542][DEBUG]: DevTools WebSocket Command: Runtime.evaluate (id=158) 0EA677E6C4FBD9738A81F51BE053F03D {
   "expression": "1"
}
[1779850085.543][DEBUG]: DevTools WebSocket Response: Runtime.evaluate (id=158) 0EA677E6C4FBD9738A81F51BE053F03D {
   "result": {
      "description": "1",
      "type": "number",
      "value": 1
   }
}
[1779850085.543][INFO]: Done waiting for pending navigations. Status: ok
[1779850085.546][DEBUG]: DevTools WebSocket Command: Runtime.evaluate (id=159) 0EA677E6C4FBD9738A81F51BE053F03D {
   "awaitPromise": true,
   "expression": "(function() { // Copyright (c) 2012 The Chromium Authors. All rights reserved.\n// Use of this source code is governed by a BSD-style license that can be\n// found in the LICENSE file.\n\n/**\n * Enum f...",
   "returnByValue": true
}
[1779850085.557][DEBUG]: DevTools WebSocket Response: Runtime.evaluate (id=159) 0EA677E6C4FBD9738A81F51BE053F03D {
   "result": {
      "type": "object",
      "value": {
         "status": 0,
         "value": "Top 10 Facts - Half-Life"
      }
   }
}
[1779850085.557][INFO]: Waiting for pending navigations...
[1779850085.557][DEBUG]: DevTools WebSocket Command: Runtime.evaluate (id=160) 0EA677E6C4FBD9738A81F51BE053F03D {
   "expression": "1"
}
[1779850085.558][DEBUG]: DevTools WebSocket Response: Runtime.evaluate (id=160) 0EA677E6C4FBD9738A81F51BE053F03D {
   "result": {
      "description": "1",
      "type": "number",
      "value": 1
   }
}
[1779850085.558][INFO]: Done waiting for pending navigations. Status: ok
[1779850085.558][INFO]: [6d6a54ac6a81f45fc5bf60d2fceca1fa] RESPONSE GetElementText "Top 10 Facts - Half-Life"
[1779850085.578][INFO]: [6d6a54ac6a81f45fc5bf60d2fceca1fa] COMMAND GetElementText {
   "id": "85785b08-7215-497e-b49f-6d3863122649"
}
[1779850085.578][INFO]: Waiting for pending navigations...
[1779850085.578][DEBUG]: DevTools WebSocket Command: Runtime.evaluate (id=161) 0EA677E6C4FBD9738A81F51BE053F03D {
   "expression": "1"
}
[1779850085.579][DEBUG]: DevTools WebSocket Response: Runtime.evaluate (id=161) 0EA677E6C4FBD9738A81F51BE053F03D {
   "result": {
      "description": "1",
      "type": "number",
      "value": 1
   }
}
[1779850085.579][INFO]: Done waiting for pending navigations. Status: ok
[1779850085.581][DEBUG]: DevTools WebSocket Command: Runtime.evaluate (id=162) 0EA677E6C4FBD9738A81F51BE053F03D {
   "awaitPromise": true,
   "expression": "(function() { // Copyright (c) 2012 The Chromium Authors. All rights reserved.\n// Use of this source code is governed by a BSD-style license that can be\n// found in the LICENSE file.\n\n/**\n * Enum f...",
   "returnByValue": true
}
[1779850085.591][DEBUG]: DevTools WebSocket Response: Runtime.evaluate (id=162) 0EA677E6C4FBD9738A81F51BE053F03D {
   "result": {
      "type": "object",
      "value": {
         "status": 0,
         "value": "Top 10 Facts - Space [Part 6]"
      }
   }
}
[1779850085.591][INFO]: Waiting for pending navigations...
[1779850085.591][DEBUG]: DevTools WebSocket Command: Runtime.evaluate (id=163) 0EA677E6C4FBD9738A81F51BE053F03D {
   "expression": "1"
}
[1779850085.592][DEBUG]: DevTools WebSocket Response: Runtime.evaluate (id=163) 0EA677E6C4FBD9738A81F51BE053F03D {
   "result": {
      "description": "1",
      "type": "number",
      "value": 1
   }
}
[1779850085.592][INFO]: Done waiting for pending navigations. Status: ok
[1779850085.592][INFO]: [6d6a54ac6a81f45fc5bf60d2fceca1fa] RESPONSE GetElementText "Top 10 Facts - Space [Part 6]"
[1779850085.608][INFO]: [6d6a54ac6a81f45fc5bf60d2fceca1fa] COMMAND GetElementText {
   "id": "52680c6c-4c8a-4ab2-ba94-cd8d20fa8263"
}
[1779850085.608][INFO]: Waiting for pending navigations...
[1779850085.608][DEBUG]: DevTools WebSocket Command: Runtime.evaluate (id=164) 0EA677E6C4FBD9738A81F51BE053F03D {
   "expression": "1"
}
[1779850085.609][DEBUG]: DevTools WebSocket Response: Runtime.evaluate (id=164) 0EA677E6C4FBD9738A81F51BE053F03D {
   "result": {
      "description": "1",
      "type": "number",
      "value": 1
   }
}
[1779850085.609][INFO]: Done waiting for pending navigations. Status: ok
[1779850085.611][DEBUG]: DevTools WebSocket Command: Runtime.evaluate (id=165) 0EA677E6C4FBD9738A81F51BE053F03D {
   "awaitPromise": true,
   "expression": "(function() { // Copyright (c) 2012 The Chromium Authors. All rights reserved.\n// Use of this source code is governed by a BSD-style license that can be\n// found in the LICENSE file.\n\n/**\n * Enum f...",
   "returnByValue": true
}
[1779850085.623][DEBUG]: DevTools WebSocket Response: Runtime.evaluate (id=165) 0EA677E6C4FBD9738A81F51BE053F03D {
   "result": {
      "type": "object",
      "value": {
         "status": 0,
         "value": "Top 10 Facts - Space [Part 8]"
      }
   }
}
[1779850085.623][INFO]: Waiting for pending navigations...
[1779850085.623][DEBUG]: DevTools WebSocket Command: Runtime.evaluate (id=166) 0EA677E6C4FBD9738A81F51BE053F03D {
   "expression": "1"
}
[1779850085.624][DEBUG]: DevTools WebSocket Response: Runtime.evaluate (id=166) 0EA677E6C4FBD9738A81F51BE053F03D {
   "result": {
      "description": "1",
      "type": "number",
      "value": 1
   }
}
[1779850085.624][INFO]: Done waiting for pending navigations. Status: ok
[1779850085.624][INFO]: [6d6a54ac6a81f45fc5bf60d2fceca1fa] RESPONSE GetElementText "Top 10 Facts - Space [Part 8]"
[1779850085.644][INFO]: [6d6a54ac6a81f45fc5bf60d2fceca1fa] COMMAND GetElementText {
   "id": "fd25956f-fa07-45fe-989a-007a3d82fff3"
}
[1779850085.644][INFO]: Waiting for pending navigations...
[1779850085.644][DEBUG]: DevTools WebSocket Command: Runtime.evaluate (id=167) 0EA677E6C4FBD9738A81F51BE053F03D {
   "expression": "1"
}
[1779850085.645][DEBUG]: DevTools WebSocket Response: Runtime.evaluate (id=167) 0EA677E6C4FBD9738A81F51BE053F03D {
   "result": {
      "description": "1",
      "type": "number",
      "value": 1
   }
}
[1779850085.645][INFO]: Done waiting for pending navigations. Status: ok
[1779850085.647][DEBUG]: DevTools WebSocket Command: Runtime.evaluate (id=168) 0EA677E6C4FBD9738A81F51BE053F03D {
   "awaitPromise": true,
   "expression": "(function() { // Copyright (c) 2012 The Chromium Authors. All rights reserved.\n// Use of this source code is governed by a BSD-style license that can be\n// found in the LICENSE file.\n\n/**\n * Enum f...",
   "returnByValue": true
}
[1779850085.656][DEBUG]: DevTools WebSocket Response: Runtime.evaluate (id=168) 0EA677E6C4FBD9738A81F51BE053F03D {
   "result": {
      "type": "object",
      "value": {
         "status": 0,
         "value": "Top 10 Facts - Reddit"
      }
   }
}
[1779850085.656][INFO]: Waiting for pending navigations...
[1779850085.656][DEBUG]: DevTools WebSocket Command: Runtime.evaluate (id=169) 0EA677E6C4FBD9738A81F51BE053F03D {
   "expression": "1"
}
[1779850085.657][DEBUG]: DevTools WebSocket Response: Runtime.evaluate (id=169) 0EA677E6C4FBD9738A81F51BE053F03D {
   "result": {
      "description": "1",
      "type": "number",
      "value": 1
   }
}
[1779850085.657][INFO]: Done waiting for pending navigations. Status: ok
[1779850085.657][INFO]: [6d6a54ac6a81f45fc5bf60d2fceca1fa] RESPONSE GetElementText "Top 10 Facts - Reddit"
[1779850085.671][INFO]: [6d6a54ac6a81f45fc5bf60d2fceca1fa] COMMAND GetElementText {
   "id": "90297242-3feb-4476-92cf-77acdde5bd86"
}
[1779850085.671][INFO]: Waiting for pending navigations...
[1779850085.671][DEBUG]: DevTools WebSocket Command: Runtime.evaluate (id=170) 0EA677E6C4FBD9738A81F51BE053F03D {
   "expression": "1"
}
[1779850085.672][DEBUG]: DevTools WebSocket Response: Runtime.evaluate (id=170) 0EA677E6C4FBD9738A81F51BE053F03D {
   "result": {
      "description": "1",
      "type": "number",
      "value": 1
   }
}
[1779850085.672][INFO]: Done waiting for pending navigations. Status: ok
[1779850085.674][DEBUG]: DevTools WebSocket Command: Runtime.evaluate (id=171) 0EA677E6C4FBD9738A81F51BE053F03D {
   "awaitPromise": true,
   "expression": "(function() { // Copyright (c) 2012 The Chromium Authors. All rights reserved.\n// Use of this source code is governed by a BSD-style license that can be\n// found in the LICENSE file.\n\n/**\n * Enum f...",
   "returnByValue": true
}
[1779850085.684][DEBUG]: DevTools WebSocket Response: Runtime.evaluate (id=171) 0EA677E6C4FBD9738A81F51BE053F03D {
   "result": {
      "type": "object",
      "value": {
         "status": 0,
         "value": "The Universal S"
      }
   }
}
[1779850085.684][INFO]: Waiting for pending navigations...
[1779850085.684][DEBUG]: DevTools WebSocket Command: Runtime.evaluate (id=172) 0EA677E6C4FBD9738A81F51BE053F03D {
   "expression": "1"
}
[1779850085.684][DEBUG]: DevTools WebSocket Response: Runtime.evaluate (id=172) 0EA677E6C4FBD9738A81F51BE053F03D {
   "result": {
      "description": "1",
      "type": "number",
      "value": 1
   }
}
[1779850085.684][INFO]: Done waiting for pending navigations. Status: ok
[1779850085.684][INFO]: [6d6a54ac6a81f45fc5bf60d2fceca1fa] RESPONSE GetElementText "The Universal S"
[1779850085.700][INFO]: [6d6a54ac6a81f45fc5bf60d2fceca1fa] COMMAND GetElementText {
   "id": "39034eda-3982-4eba-9f4c-c158524759de"
}
[1779850085.700][INFO]: Waiting for pending navigations...
[1779850085.700][DEBUG]: DevTools WebSocket Command: Runtime.evaluate (id=173) 0EA677E6C4FBD9738A81F51BE053F03D {
   "expression": "1"
}
[1779850085.703][DEBUG]: DevTools WebSocket Response: Runtime.evaluate (id=173) 0EA677E6C4FBD9738A81F51BE053F03D {
   "result": {
      "description": "1",
      "type": "number",
      "value": 1
   }
}
[1779850085.704][INFO]: Done waiting for pending navigations. Status: ok
[1779850085.706][DEBUG]: DevTools WebSocket Command: Runtime.evaluate (id=174) 0EA677E6C4FBD9738A81F51BE053F03D {
   "awaitPromise": true,
   "expression": "(function() { // Copyright (c) 2012 The Chromium Authors. All rights reserved.\n// Use of this source code is governed by a BSD-style license that can be\n// found in the LICENSE file.\n\n/**\n * Enum f...",
   "returnByValue": true
}
[1779850085.718][DEBUG]: DevTools WebSocket Response: Runtime.evaluate (id=174) 0EA677E6C4FBD9738A81F51BE053F03D {
   "result": {
      "type": "object",
      "value": {
         "status": 0,
         "value": "The Battle of Los Angeles"
      }
   }
}
[1779850085.718][INFO]: Waiting for pending navigations...
[1779850085.718][DEBUG]: DevTools WebSocket Command: Runtime.evaluate (id=175) 0EA677E6C4FBD9738A81F51BE053F03D {
   "expression": "1"
}
[1779850085.719][DEBUG]: DevTools WebSocket Response: Runtime.evaluate (id=175) 0EA677E6C4FBD9738A81F51BE053F03D {
   "result": {
      "description": "1",
      "type": "number",
      "value": 1
   }
}
[1779850085.719][INFO]: Done waiting for pending navigations. Status: ok
[1779850085.719][INFO]: [6d6a54ac6a81f45fc5bf60d2fceca1fa] RESPONSE GetElementText "The Battle of Los Angeles"
[1779850085.741][INFO]: [6d6a54ac6a81f45fc5bf60d2fceca1fa] COMMAND GetElementText {
   "id": "16e643b7-7a94-461b-98e2-21a65be8be52"
}
[1779850085.741][INFO]: Waiting for pending navigations...
[1779850085.741][DEBUG]: DevTools WebSocket Command: Runtime.evaluate (id=176) 0EA677E6C4FBD9738A81F51BE053F03D {
   "expression": "1"
}
[1779850085.742][DEBUG]: DevTools WebSocket Response: Runtime.evaluate (id=176) 0EA677E6C4FBD9738A81F51BE053F03D {
   "result": {
      "description": "1",
      "type": "number",
      "value": 1
   }
}
[1779850085.742][INFO]: Done waiting for pending navigations. Status: ok
[1779850085.745][DEBUG]: DevTools WebSocket Command: Runtime.evaluate (id=177) 0EA677E6C4FBD9738A81F51BE053F03D {
   "awaitPromise": true,
   "expression": "(function() { // Copyright (c) 2012 The Chromium Authors. All rights reserved.\n// Use of this source code is governed by a BSD-style license that can be\n// found in the LICENSE file.\n\n/**\n * Enum f...",
   "returnByValue": true
}
[1779850085.757][DEBUG]: DevTools WebSocket Response: Runtime.evaluate (id=177) 0EA677E6C4FBD9738A81F51BE053F03D {
   "result": {
      "type": "object",
      "value": {
         "status": 0,
         "value": "Top 10 Facts - Counter-Strike"
      }
   }
}
[1779850085.757][INFO]: Waiting for pending navigations...
[1779850085.757][DEBUG]: DevTools WebSocket Command: Runtime.evaluate (id=178) 0EA677E6C4FBD9738A81F51BE053F03D {
   "expression": "1"
}
[1779850085.758][DEBUG]: DevTools WebSocket Response: Runtime.evaluate (id=178) 0EA677E6C4FBD9738A81F51BE053F03D {
   "result": {
      "description": "1",
      "type": "number",
      "value": 1
   }
}
[1779850085.758][INFO]: Done waiting for pending navigations. Status: ok
[1779850085.758][INFO]: [6d6a54ac6a81f45fc5bf60d2fceca1fa] RESPONSE GetElementText "Top 10 Facts - Counter-Strike"
[1779850085.774][INFO]: [6d6a54ac6a81f45fc5bf60d2fceca1fa] COMMAND GetElementText {
   "id": "bd52d731-9d80-4586-b36d-54b00e8ee32b"
}
[1779850085.774][INFO]: Waiting for pending navigations...
[1779850085.774][DEBUG]: DevTools WebSocket Command: Runtime.evaluate (id=179) 0EA677E6C4FBD9738A81F51BE053F03D {
   "expression": "1"
}
[1779850085.775][DEBUG]: DevTools WebSocket Response: Runtime.evaluate (id=179) 0EA677E6C4FBD9738A81F51BE053F03D {
   "result": {
      "description": "1",
      "type": "number",
      "value": 1
   }
}
[1779850085.775][INFO]: Done waiting for pending navigations. Status: ok
[1779850085.777][DEBUG]: DevTools WebSocket Command: Runtime.evaluate (id=180) 0EA677E6C4FBD9738A81F51BE053F03D {
   "awaitPromise": true,
   "expression": "(function() { // Copyright (c) 2012 The Chromium Authors. All rights reserved.\n// Use of this source code is governed by a BSD-style license that can be\n// found in the LICENSE file.\n\n/**\n * Enum f...",
   "returnByValue": true
}
[1779850085.788][DEBUG]: DevTools WebSocket Response: Runtime.evaluate (id=180) 0EA677E6C4FBD9738A81F51BE053F03D {
   "result": {
      "type": "object",
      "value": {
         "status": 0,
         "value": "Top 10 Facts - Death"
      }
   }
}
[1779850085.788][INFO]: Waiting for pending navigations...
[1779850085.788][DEBUG]: DevTools WebSocket Command: Runtime.evaluate (id=181) 0EA677E6C4FBD9738A81F51BE053F03D {
   "expression": "1"
}
[1779850085.789][DEBUG]: DevTools WebSocket Response: Runtime.evaluate (id=181) 0EA677E6C4FBD9738A81F51BE053F03D {
   "result": {
      "description": "1",
      "type": "number",
      "value": 1
   }
}
[1779850085.789][INFO]: Done waiting for pending navigations. Status: ok
[1779850085.789][INFO]: [6d6a54ac6a81f45fc5bf60d2fceca1fa] RESPONSE GetElementText "Top 10 Facts - Death"
[1779850085.807][INFO]: [6d6a54ac6a81f45fc5bf60d2fceca1fa] COMMAND GetElementText {
   "id": "84d72b78-e247-440b-95a4-5f358db4bdbd"
}
[1779850085.807][INFO]: Waiting for pending navigations...
[1779850085.807][DEBUG]: DevTools WebSocket Command: Runtime.evaluate (id=182) 0EA677E6C4FBD9738A81F51BE053F03D {
   "expression": "1"
}
[1779850085.811][DEBUG]: DevTools WebSocket Response: Runtime.evaluate (id=182) 0EA677E6C4FBD9738A81F51BE053F03D {
   "result": {
      "description": "1",
      "type": "number",
      "value": 1
   }
}
[1779850085.811][INFO]: Done waiting for pending navigations. Status: ok
[1779850085.813][DEBUG]: DevTools WebSocket Command: Runtime.evaluate (id=183) 0EA677E6C4FBD9738A81F51BE053F03D {
   "awaitPromise": true,
   "expression": "(function() { // Copyright (c) 2012 The Chromium Authors. All rights reserved.\n// Use of this source code is governed by a BSD-style license that can be\n// found in the LICENSE file.\n\n/**\n * Enum f...",
   "returnByValue": true
}
[1779850085.824][DEBUG]: DevTools WebSocket Response: Runtime.evaluate (id=183) 0EA677E6C4FBD9738A81F51BE053F03D {
   "result": {
      "type": "object",
      "value": {
         "status": 0,
         "value": "Top 10 Facts - 2017"
      }
   }
}
[1779850085.824][INFO]: Waiting for pending navigations...
[1779850085.824][DEBUG]: DevTools WebSocket Command: Runtime.evaluate (id=184) 0EA677E6C4FBD9738A81F51BE053F03D {
   "expression": "1"
}
[1779850085.825][DEBUG]: DevTools WebSocket Response: Runtime.evaluate (id=184) 0EA677E6C4FBD9738A81F51BE053F03D {
   "result": {
      "description": "1",
      "type": "number",
      "value": 1
   }
}
[1779850085.825][INFO]: Done waiting for pending navigations. Status: ok
[1779850085.825][INFO]: [6d6a54ac6a81f45fc5bf60d2fceca1fa] RESPONSE GetElementText "Top 10 Facts - 2017"
[1779850085.842][INFO]: [6d6a54ac6a81f45fc5bf60d2fceca1fa] COMMAND GetElementText {
   "id": "152e5e97-6cb8-4e76-bfaa-9cba5da04324"
}
[1779850085.842][INFO]: Waiting for pending navigations...
[1779850085.842][DEBUG]: DevTools WebSocket Command: Runtime.evaluate (id=185) 0EA677E6C4FBD9738A81F51BE053F03D {
   "expression": "1"
}
[1779850085.843][DEBUG]: DevTools WebSocket Response: Runtime.evaluate (id=185) 0EA677E6C4FBD9738A81F51BE053F03D {
   "result": {
      "description": "1",
      "type": "number",
      "value": 1
   }
}
[1779850085.843][INFO]: Done waiting for pending navigations. Status: ok
[1779850085.845][DEBUG]: DevTools WebSocket Command: Runtime.evaluate (id=186) 0EA677E6C4FBD9738A81F51BE053F03D {
   "awaitPromise": true,
   "expression": "(function() { // Copyright (c) 2012 The Chromium Authors. All rights reserved.\n// Use of this source code is governed by a BSD-style license that can be\n// found in the LICENSE file.\n\n/**\n * Enum f...",
   "returnByValue": true
}
[1779850085.856][DEBUG]: DevTools WebSocket Response: Runtime.evaluate (id=186) 0EA677E6C4FBD9738A81F51BE053F03D {
   "result": {
      "type": "object",
      "value": {
         "status": 0,
         "value": "Top 10 Facts - Money"
      }
   }
}
[1779850085.856][INFO]: Waiting for pending navigations...
[1779850085.856][DEBUG]: DevTools WebSocket Command: Runtime.evaluate (id=187) 0EA677E6C4FBD9738A81F51BE053F03D {
   "expression": "1"
}
[1779850085.856][DEBUG]: DevTools WebSocket Response: Runtime.evaluate (id=187) 0EA677E6C4FBD9738A81F51BE053F03D {
   "result": {
      "description": "1",
      "type": "number",
      "value": 1
   }
}
[1779850085.856][INFO]: Done waiting for pending navigations. Status: ok
[1779850085.856][INFO]: [6d6a54ac6a81f45fc5bf60d2fceca1fa] RESPONSE GetElementText "Top 10 Facts - Money"
[1779850085.870][INFO]: [6d6a54ac6a81f45fc5bf60d2fceca1fa] COMMAND GetElementText {
   "id": "bc95483b-617b-477f-87ea-985b28a7fbaa"
}
[1779850085.870][INFO]: Waiting for pending navigations...
[1779850085.870][DEBUG]: DevTools WebSocket Command: Runtime.evaluate (id=188) 0EA677E6C4FBD9738A81F51BE053F03D {
   "expression": "1"
}
[1779850085.871][DEBUG]: DevTools WebSocket Response: Runtime.evaluate (id=188) 0EA677E6C4FBD9738A81F51BE053F03D {
   "result": {
      "description": "1",
      "type": "number",
      "value": 1
   }
}
[1779850085.871][INFO]: Done waiting for pending navigations. Status: ok
[1779850085.874][DEBUG]: DevTools WebSocket Command: Runtime.evaluate (id=189) 0EA677E6C4FBD9738A81F51BE053F03D {
   "awaitPromise": true,
   "expression": "(function() { // Copyright (c) 2012 The Chromium Authors. All rights reserved.\n// Use of this source code is governed by a BSD-style license that can be\n// found in the LICENSE file.\n\n/**\n * Enum f...",
   "returnByValue": true
}
[1779850085.886][DEBUG]: DevTools WebSocket Response: Runtime.evaluate (id=189) 0EA677E6C4FBD9738A81F51BE053F03D {
   "result": {
      "type": "object",
      "value": {
         "status": 0,
         "value": "Top 10 Facts - Space [Part 3]"
      }
   }
}
[1779850085.886][INFO]: Waiting for pending navigations...
[1779850085.886][DEBUG]: DevTools WebSocket Command: Runtime.evaluate (id=190) 0EA677E6C4FBD9738A81F51BE053F03D {
   "expression": "1"
}
[1779850085.887][DEBUG]: DevTools WebSocket Response: Runtime.evaluate (id=190) 0EA677E6C4FBD9738A81F51BE053F03D {
   "result": {
      "description": "1",
      "type": "number",
      "value": 1
   }
}
[1779850085.887][INFO]: Done waiting for pending navigations. Status: ok
[1779850085.887][INFO]: [6d6a54ac6a81f45fc5bf60d2fceca1fa] RESPONSE GetElementText "Top 10 Facts - Space [Part 3]"
[1779850085.900][INFO]: [6d6a54ac6a81f45fc5bf60d2fceca1fa] COMMAND GetElementText {
   "id": "03dc018f-aef3-4fa5-96de-d0a45beda485"
}
[1779850085.900][INFO]: Waiting for pending navigations...
[1779850085.900][DEBUG]: DevTools WebSocket Command: Runtime.evaluate (id=191) 0EA677E6C4FBD9738A81F51BE053F03D {
   "expression": "1"
}
[1779850085.901][DEBUG]: DevTools WebSocket Response: Runtime.evaluate (id=191) 0EA677E6C4FBD9738A81F51BE053F03D {
   "result": {
      "description": "1",
      "type": "number",
      "value": 1
   }
}
[1779850085.901][INFO]: Done waiting for pending navigations. Status: ok
[1779850085.903][DEBUG]: DevTools WebSocket Command: Runtime.evaluate (id=192) 0EA677E6C4FBD9738A81F51BE053F03D {
   "awaitPromise": true,
   "expression": "(function() { // Copyright (c) 2012 The Chromium Authors. All rights reserved.\n// Use of this source code is governed by a BSD-style license that can be\n// found in the LICENSE file.\n\n/**\n * Enum f...",
   "returnByValue": true
}
[1779850085.913][DEBUG]: DevTools WebSocket Response: Runtime.evaluate (id=192) 0EA677E6C4FBD9738A81F51BE053F03D {
   "result": {
      "type": "object",
      "value": {
         "status": 0,
         "value": "Top 10 Facts - Fallout"
      }
   }
}
[1779850085.913][INFO]: Waiting for pending navigations...
[1779850085.913][DEBUG]: DevTools WebSocket Command: Runtime.evaluate (id=193) 0EA677E6C4FBD9738A81F51BE053F03D {
   "expression": "1"
}
[1779850085.913][DEBUG]: DevTools WebSocket Response: Runtime.evaluate (id=193) 0EA677E6C4FBD9738A81F51BE053F03D {
   "result": {
      "description": "1",
      "type": "number",
      "value": 1
   }
}
[1779850085.913][INFO]: Done waiting for pending navigations. Status: ok
[1779850085.913][INFO]: [6d6a54ac6a81f45fc5bf60d2fceca1fa] RESPONSE GetElementText "Top 10 Facts - Fallout"
[1779850085.928][INFO]: [6d6a54ac6a81f45fc5bf60d2fceca1fa] COMMAND GetElementText {
   "id": "d2898210-234e-453e-a574-686ad81cd702"
}
[1779850085.928][INFO]: Waiting for pending navigations...
[1779850085.928][DEBUG]: DevTools WebSocket Command: Runtime.evaluate (id=194) 0EA677E6C4FBD9738A81F51BE053F03D {
   "expression": "1"
}
[1779850085.929][DEBUG]: DevTools WebSocket Response: Runtime.evaluate (id=194) 0EA677E6C4FBD9738A81F51BE053F03D {
   "result": {
      "description": "1",
      "type": "number",
      "value": 1
   }
}
[1779850085.929][INFO]: Done waiting for pending navigations. Status: ok
[1779850085.931][DEBUG]: DevTools WebSocket Command: Runtime.evaluate (id=195) 0EA677E6C4FBD9738A81F51BE053F03D {
   "awaitPromise": true,
   "expression": "(function() { // Copyright (c) 2012 The Chromium Authors. All rights reserved.\n// Use of this source code is governed by a BSD-style license that can be\n// found in the LICENSE file.\n\n/**\n * Enum f...",
   "returnByValue": true
}
[1779850085.940][DEBUG]: DevTools WebSocket Response: Runtime.evaluate (id=195) 0EA677E6C4FBD9738A81F51BE053F03D {
   "result": {
      "type": "object",
      "value": {
         "status": 0,
         "value": "The Great Silence"
      }
   }
}
[1779850085.940][INFO]: Waiting for pending navigations...
[1779850085.940][DEBUG]: DevTools WebSocket Command: Runtime.evaluate (id=196) 0EA677E6C4FBD9738A81F51BE053F03D {
   "expression": "1"
}
[1779850085.941][DEBUG]: DevTools WebSocket Response: Runtime.evaluate (id=196) 0EA677E6C4FBD9738A81F51BE053F03D {
   "result": {
      "description": "1",
      "type": "number",
      "value": 1
   }
}
[1779850085.941][INFO]: Done waiting for pending navigations. Status: ok
[1779850085.941][INFO]: [6d6a54ac6a81f45fc5bf60d2fceca1fa] RESPONSE GetElementText "The Great Silence"
[1779850085.954][INFO]: [6d6a54ac6a81f45fc5bf60d2fceca1fa] COMMAND GetElementText {
   "id": "92786182-79a7-46c0-a884-39a6de5a1ea5"
}
[1779850085.954][INFO]: Waiting for pending navigations...
[1779850085.954][DEBUG]: DevTools WebSocket Command: Runtime.evaluate (id=197) 0EA677E6C4FBD9738A81F51BE053F03D {
   "expression": "1"
}
[1779850085.955][DEBUG]: DevTools WebSocket Response: Runtime.evaluate (id=197) 0EA677E6C4FBD9738A81F51BE053F03D {
   "result": {
      "description": "1",
      "type": "number",
      "value": 1
   }
}
[1779850085.955][INFO]: Done waiting for pending navigations. Status: ok
[1779850085.957][DEBUG]: DevTools WebSocket Command: Runtime.evaluate (id=198) 0EA677E6C4FBD9738A81F51BE053F03D {
   "awaitPromise": true,
   "expression": "(function() { // Copyright (c) 2012 The Chromium Authors. All rights reserved.\n// Use of this source code is governed by a BSD-style license that can be\n// found in the LICENSE file.\n\n/**\n * Enum f...",
   "returnByValue": true
}
[1779850085.966][DEBUG]: DevTools WebSocket Response: Runtime.evaluate (id=198) 0EA677E6C4FBD9738A81F51BE053F03D {
   "result": {
      "type": "object",
      "value": {
         "status": 0,
         "value": "Top 10 Facts - The Witcher"
      }
   }
}
[1779850085.966][INFO]: Waiting for pending navigations...
[1779850085.966][DEBUG]: DevTools WebSocket Command: Runtime.evaluate (id=199) 0EA677E6C4FBD9738A81F51BE053F03D {
   "expression": "1"
}
[1779850085.967][DEBUG]: DevTools WebSocket Response: Runtime.evaluate (id=199) 0EA677E6C4FBD9738A81F51BE053F03D {
   "result": {
      "description": "1",
      "type": "number",
      "value": 1
   }
}
[1779850085.967][INFO]: Done waiting for pending navigations. Status: ok
[1779850085.967][INFO]: [6d6a54ac6a81f45fc5bf60d2fceca1fa] RESPONSE GetElementText "Top 10 Facts - The Witcher"
[1779850085.981][INFO]: [6d6a54ac6a81f45fc5bf60d2fceca1fa] COMMAND GetElementText {
   "id": "95928873-960c-4a47-9e9a-ea4e59e85dbe"
}
[1779850085.981][INFO]: Waiting for pending navigations...
[1779850085.981][DEBUG]: DevTools WebSocket Command: Runtime.evaluate (id=200) 0EA677E6C4FBD9738A81F51BE053F03D {
   "expression": "1"
}
[1779850085.982][DEBUG]: DevTools WebSocket Response: Runtime.evaluate (id=200) 0EA677E6C4FBD9738A81F51BE053F03D {
   "result": {
      "description": "1",
      "type": "number",
      "value": 1
   }
}
[1779850085.982][INFO]: Done waiting for pending navigations. Status: ok
[1779850085.985][DEBUG]: DevTools WebSocket Command: Runtime.evaluate (id=201) 0EA677E6C4FBD9738A81F51BE053F03D {
   "awaitPromise": true,
   "expression": "(function() { // Copyright (c) 2012 The Chromium Authors. All rights reserved.\n// Use of this source code is governed by a BSD-style license that can be\n// found in the LICENSE file.\n\n/**\n * Enum f...",
   "returnByValue": true
}
[1779850085.993][DEBUG]: DevTools WebSocket Response: Runtime.evaluate (id=201) 0EA677E6C4FBD9738A81F51BE053F03D {
   "result": {
      "type": "object",
      "value": {
         "status": 0,
         "value": "Top 10 Facts - Space [Part 4]"
      }
   }
}
[1779850085.993][INFO]: Waiting for pending navigations...
[1779850085.993][DEBUG]: DevTools WebSocket Command: Runtime.evaluate (id=202) 0EA677E6C4FBD9738A81F51BE053F03D {
   "expression": "1"
}
[1779850085.994][DEBUG]: DevTools WebSocket Response: Runtime.evaluate (id=202) 0EA677E6C4FBD9738A81F51BE053F03D {
   "result": {
      "description": "1",
      "type": "number",
      "value": 1
   }
}
[1779850085.994][INFO]: Done waiting for pending navigations. Status: ok
[1779850085.994][INFO]: [6d6a54ac6a81f45fc5bf60d2fceca1fa] RESPONSE GetElementText "Top 10 Facts - Space [Part 4]"
[1779850086.020][INFO]: [6d6a54ac6a81f45fc5bf60d2fceca1fa] COMMAND GetElementText {
   "id": "bf91e398-4034-4754-931a-9e3058b6b8ad"
}
[1779850086.020][INFO]: Waiting for pending navigations...
[1779850086.020][DEBUG]: DevTools WebSocket Command: Runtime.evaluate (id=203) 0EA677E6C4FBD9738A81F51BE053F03D {
   "expression": "1"
}
[1779850086.021][DEBUG]: DevTools WebSocket Response: Runtime.evaluate (id=203) 0EA677E6C4FBD9738A81F51BE053F03D {
   "result": {
      "description": "1",
      "type": "number",
      "value": 1
   }
}
[1779850086.021][INFO]: Done waiting for pending navigations. Status: ok
[1779850086.023][DEBUG]: DevTools WebSocket Command: Runtime.evaluate (id=204) 0EA677E6C4FBD9738A81F51BE053F03D {
   "awaitPromise": true,
   "expression": "(function() { // Copyright (c) 2012 The Chromium Authors. All rights reserved.\n// Use of this source code is governed by a BSD-style license that can be\n// found in the LICENSE file.\n\n/**\n * Enum f...",
   "returnByValue": true
}
[1779850086.036][DEBUG]: DevTools WebSocket Response: Runtime.evaluate (id=204) 0EA677E6C4FBD9738A81F51BE053F03D {
   "result": {
      "type": "object",
      "value": {
         "status": 0,
         "value": "Top 10 Facts - Music"
      }
   }
}
[1779850086.037][INFO]: Waiting for pending navigations...
[1779850086.037][DEBUG]: DevTools WebSocket Command: Runtime.evaluate (id=205) 0EA677E6C4FBD9738A81F51BE053F03D {
   "expression": "1"
}
[1779850086.037][DEBUG]: DevTools WebSocket Response: Runtime.evaluate (id=205) 0EA677E6C4FBD9738A81F51BE053F03D {
   "result": {
      "description": "1",
      "type": "number",
      "value": 1
   }
}
[1779850086.037][INFO]: Done waiting for pending navigations. Status: ok
[1779850086.037][INFO]: [6d6a54ac6a81f45fc5bf60d2fceca1fa] RESPONSE GetElementText "Top 10 Facts - Music"
[1779850086.052][INFO]: [6d6a54ac6a81f45fc5bf60d2fceca1fa] COMMAND GetElementText {
   "id": "928a02c9-82f0-403d-bcc3-58ad605647b6"
}
[1779850086.052][INFO]: Waiting for pending navigations...
[1779850086.052][DEBUG]: DevTools WebSocket Command: Runtime.evaluate (id=206) 0EA677E6C4FBD9738A81F51BE053F03D {
   "expression": "1"
}
[1779850086.053][DEBUG]: DevTools WebSocket Response: Runtime.evaluate (id=206) 0EA677E6C4FBD9738A81F51BE053F03D {
   "result": {
      "description": "1",
      "type": "number",
      "value": 1
   }
}
[1779850086.053][INFO]: Done waiting for pending navigations. Status: ok
[1779850086.055][DEBUG]: DevTools WebSocket Command: Runtime.evaluate (id=207) 0EA677E6C4FBD9738A81F51BE053F03D {
   "awaitPromise": true,
   "expression": "(function() { // Copyright (c) 2012 The Chromium Authors. All rights reserved.\n// Use of this source code is governed by a BSD-style license that can be\n// found in the LICENSE file.\n\n/**\n * Enum f...",
   "returnByValue": true
}
[1779850086.064][DEBUG]: DevTools WebSocket Response: Runtime.evaluate (id=207) 0EA677E6C4FBD9738A81F51BE053F03D {
   "result": {
      "type": "object",
      "value": {
         "status": 0,
         "value": "Top 10 Facts - The Elder Scrolls"
      }
   }
}
[1779850086.064][INFO]: Waiting for pending navigations...
[1779850086.064][DEBUG]: DevTools WebSocket Command: Runtime.evaluate (id=208) 0EA677E6C4FBD9738A81F51BE053F03D {
   "expression": "1"
}
[1779850086.065][DEBUG]: DevTools WebSocket Response: Runtime.evaluate (id=208) 0EA677E6C4FBD9738A81F51BE053F03D {
   "result": {
      "description": "1",
      "type": "number",
      "value": 1
   }
}
[1779850086.065][INFO]: Done waiting for pending navigations. Status: ok
[1779850086.065][INFO]: [6d6a54ac6a81f45fc5bf60d2fceca1fa] RESPONSE GetElementText "Top 10 Facts - The Elder Scrolls"
[1779850086.080][INFO]: [6d6a54ac6a81f45fc5bf60d2fceca1fa] COMMAND GetElementText {
   "id": "3f220967-e7fc-4a84-9057-4c46cf79ae8d"
}
[1779850086.080][INFO]: Waiting for pending navigations...
[1779850086.080][DEBUG]: DevTools WebSocket Command: Runtime.evaluate (id=209) 0EA677E6C4FBD9738A81F51BE053F03D {
   "expression": "1"
}
[1779850086.081][DEBUG]: DevTools WebSocket Response: Runtime.evaluate (id=209) 0EA677E6C4FBD9738A81F51BE053F03D {
   "result": {
      "description": "1",
      "type": "number",
      "value": 1
   }
}
[1779850086.081][INFO]: Done waiting for pending navigations. Status: ok
[1779850086.083][DEBUG]: DevTools WebSocket Command: Runtime.evaluate (id=210) 0EA677E6C4FBD9738A81F51BE053F03D {
   "awaitPromise": true,
   "expression": "(function() { // Copyright (c) 2012 The Chromium Authors. All rights reserved.\n// Use of this source code is governed by a BSD-style license that can be\n// found in the LICENSE file.\n\n/**\n * Enum f...",
   "returnByValue": true
}
[1779850086.096][DEBUG]: DevTools WebSocket Response: Runtime.evaluate (id=210) 0EA677E6C4FBD9738A81F51BE053F03D {
   "result": {
      "type": "object",
      "value": {
         "status": 0,
         "value": "The Vanishing of Flight 370"
      }
   }
}
[1779850086.096][INFO]: Waiting for pending navigations...
[1779850086.096][DEBUG]: DevTools WebSocket Command: Runtime.evaluate (id=211) 0EA677E6C4FBD9738A81F51BE053F03D {
   "expression": "1"
}
[1779850086.097][DEBUG]: DevTools WebSocket Response: Runtime.evaluate (id=211) 0EA677E6C4FBD9738A81F51BE053F03D {
   "result": {
      "description": "1",
      "type": "number",
      "value": 1
   }
}
[1779850086.097][INFO]: Done waiting for pending navigations. Status: ok
[1779850086.097][INFO]: [6d6a54ac6a81f45fc5bf60d2fceca1fa] RESPONSE GetElementText "The Vanishing of Flight 370"
[1779850086.119][INFO]: [6d6a54ac6a81f45fc5bf60d2fceca1fa] COMMAND GetElementText {
   "id": "6273a458-f202-41b9-b883-add4ece8ee78"
}
[1779850086.119][INFO]: Waiting for pending navigations...
[1779850086.119][DEBUG]: DevTools WebSocket Command: Runtime.evaluate (id=212) 0EA677E6C4FBD9738A81F51BE053F03D {
   "expression": "1"
}
[1779850086.120][DEBUG]: DevTools WebSocket Response: Runtime.evaluate (id=212) 0EA677E6C4FBD9738A81F51BE053F03D {
   "result": {
      "description": "1",
      "type": "number",
      "value": 1
   }
}
[1779850086.120][INFO]: Done waiting for pending navigations. Status: ok
[1779850086.122][DEBUG]: DevTools WebSocket Command: Runtime.evaluate (id=213) 0EA677E6C4FBD9738A81F51BE053F03D {
   "awaitPromise": true,
   "expression": "(function() { // Copyright (c) 2012 The Chromium Authors. All rights reserved.\n// Use of this source code is governed by a BSD-style license that can be\n// found in the LICENSE file.\n\n/**\n * Enum f...",
   "returnByValue": true
}
[1779850086.136][DEBUG]: DevTools WebSocket Response: Runtime.evaluate (id=213) 0EA677E6C4FBD9738A81F51BE053F03D {
   "result": {
      "type": "object",
      "value": {
         "status": 0,
         "value": "Top 10 Facts - Undertale"
      }
   }
}
[1779850086.136][INFO]: Waiting for pending navigations...
[1779850086.136][DEBUG]: DevTools WebSocket Command: Runtime.evaluate (id=214) 0EA677E6C4FBD9738A81F51BE053F03D {
   "expression": "1"
}
[1779850086.139][DEBUG]: DevTools WebSocket Response: Runtime.evaluate (id=214) 0EA677E6C4FBD9738A81F51BE053F03D {
   "result": {
      "description": "1",
      "type": "number",
      "value": 1
   }
}
[1779850086.139][INFO]: Done waiting for pending navigations. Status: ok
[1779850086.139][INFO]: [6d6a54ac6a81f45fc5bf60d2fceca1fa] RESPONSE GetElementText "Top 10 Facts - Undertale"
[1779850086.161][INFO]: [6d6a54ac6a81f45fc5bf60d2fceca1fa] COMMAND GetElementText {
   "id": "93e6c741-443c-4f7c-b101-c76d0f654f63"
}
[1779850086.161][INFO]: Waiting for pending navigations...
[1779850086.161][DEBUG]: DevTools WebSocket Command: Runtime.evaluate (id=215) 0EA677E6C4FBD9738A81F51BE053F03D {
   "expression": "1"
}
[1779850086.166][DEBUG]: DevTools WebSocket Response: Runtime.evaluate (id=215) 0EA677E6C4FBD9738A81F51BE053F03D {
   "result": {
      "description": "1",
      "type": "number",
      "value": 1
   }
}
[1779850086.166][INFO]: Done waiting for pending navigations. Status: ok
[1779850086.169][DEBUG]: DevTools WebSocket Command: Runtime.evaluate (id=216) 0EA677E6C4FBD9738A81F51BE053F03D {
   "awaitPromise": true,
   "expression": "(function() { // Copyright (c) 2012 The Chromium Authors. All rights reserved.\n// Use of this source code is governed by a BSD-style license that can be\n// found in the LICENSE file.\n\n/**\n * Enum f...",
   "returnByValue": true
}
[1779850086.179][DEBUG]: DevTools WebSocket Response: Runtime.evaluate (id=216) 0EA677E6C4FBD9738A81F51BE053F03D {
   "result": {
      "type": "object",
      "value": {
         "status": 0,
         "value": "The Search For D. B. Cooper"
      }
   }
}
[1779850086.179][INFO]: Waiting for pending navigations...
[1779850086.179][DEBUG]: DevTools WebSocket Command: Runtime.evaluate (id=217) 0EA677E6C4FBD9738A81F51BE053F03D {
   "expression": "1"
}
[1779850086.180][DEBUG]: DevTools WebSocket Response: Runtime.evaluate (id=217) 0EA677E6C4FBD9738A81F51BE053F03D {
   "result": {
      "description": "1",
      "type": "number",
      "value": 1
   }
}
[1779850086.180][INFO]: Done waiting for pending navigations. Status: ok
[1779850086.180][INFO]: [6d6a54ac6a81f45fc5bf60d2fceca1fa] RESPONSE GetElementText "The Search For D. B. Cooper"
[1779850086.192][INFO]: [6d6a54ac6a81f45fc5bf60d2fceca1fa] COMMAND GetElementText {
   "id": "54bb6977-4fa8-4da7-b636-f8f9243a4f12"
}
[1779850086.192][INFO]: Waiting for pending navigations...
[1779850086.192][DEBUG]: DevTools WebSocket Command: Runtime.evaluate (id=218) 0EA677E6C4FBD9738A81F51BE053F03D {
   "expression": "1"
}
[1779850086.193][DEBUG]: DevTools WebSocket Response: Runtime.evaluate (id=218) 0EA677E6C4FBD9738A81F51BE053F03D {
   "result": {
      "description": "1",
      "type": "number",
      "value": 1
   }
}
[1779850086.193][INFO]: Done waiting for pending navigations. Status: ok
[1779850086.195][DEBUG]: DevTools WebSocket Command: Runtime.evaluate (id=219) 0EA677E6C4FBD9738A81F51BE053F03D {
   "awaitPromise": true,
   "expression": "(function() { // Copyright (c) 2012 The Chromium Authors. All rights reserved.\n// Use of this source code is governed by a BSD-style license that can be\n// found in the LICENSE file.\n\n/**\n * Enum f...",
   "returnByValue": true
}
[1779850086.204][DEBUG]: DevTools WebSocket Response: Runtime.evaluate (id=219) 0EA677E6C4FBD9738A81F51BE053F03D {
   "result": {
      "type": "object",
      "value": {
         "status": 0,
         "value": "Top 10 Facts - 2016"
      }
   }
}
[1779850086.204][INFO]: Waiting for pending navigations...
[1779850086.204][DEBUG]: DevTools WebSocket Command: Runtime.evaluate (id=220) 0EA677E6C4FBD9738A81F51BE053F03D {
   "expression": "1"
}
[1779850086.205][DEBUG]: DevTools WebSocket Response: Runtime.evaluate (id=220) 0EA677E6C4FBD9738A81F51BE053F03D {
   "result": {
      "description": "1",
      "type": "number",
      "value": 1
   }
}
[1779850086.205][INFO]: Done waiting for pending navigations. Status: ok
[1779850086.205][INFO]: [6d6a54ac6a81f45fc5bf60d2fceca1fa] RESPONSE GetElementText "Top 10 Facts - 2016"
[1779850086.226][INFO]: [6d6a54ac6a81f45fc5bf60d2fceca1fa] COMMAND GetElementText {
   "id": "18d7cbfc-50eb-4804-84dc-857e904d18aa"
}
[1779850086.226][INFO]: Waiting for pending navigations...
[1779850086.226][DEBUG]: DevTools WebSocket Command: Runtime.evaluate (id=221) 0EA677E6C4FBD9738A81F51BE053F03D {
   "expression": "1"
}
[1779850086.227][DEBUG]: DevTools WebSocket Response: Runtime.evaluate (id=221) 0EA677E6C4FBD9738A81F51BE053F03D {
   "result": {
      "description": "1",
      "type": "number",
      "value": 1
   }
}
[1779850086.227][INFO]: Done waiting for pending navigations. Status: ok
[1779850086.230][DEBUG]: DevTools WebSocket Command: Runtime.evaluate (id=222) 0EA677E6C4FBD9738A81F51BE053F03D {
   "awaitPromise": true,
   "expression": "(function() { // Copyright (c) 2012 The Chromium Authors. All rights reserved.\n// Use of this source code is governed by a BSD-style license that can be\n// found in the LICENSE file.\n\n/**\n * Enum f...",
   "returnByValue": true
}
[1779850086.240][DEBUG]: DevTools WebSocket Response: Runtime.evaluate (id=222) 0EA677E6C4FBD9738A81F51BE053F03D {
   "result": {
      "type": "object",
      "value": {
         "status": 0,
         "value": "Top 10 Facts - Space [Part 7]"
      }
   }
}
[1779850086.240][INFO]: Waiting for pending navigations...
[1779850086.240][DEBUG]: DevTools WebSocket Command: Runtime.evaluate (id=223) 0EA677E6C4FBD9738A81F51BE053F03D {
   "expression": "1"
}
[1779850086.241][DEBUG]: DevTools WebSocket Response: Runtime.evaluate (id=223) 0EA677E6C4FBD9738A81F51BE053F03D {
   "result": {
      "description": "1",
      "type": "number",
      "value": 1
   }
}
[1779850086.241][INFO]: Done waiting for pending navigations. Status: ok
[1779850086.241][INFO]: [6d6a54ac6a81f45fc5bf60d2fceca1fa] RESPONSE GetElementText "Top 10 Facts - Space [Part 7]"
[1779850086.253][INFO]: [6d6a54ac6a81f45fc5bf60d2fceca1fa] COMMAND GetElementText {
   "id": "b4e55173-5301-4a73-ba88-37ec1033ab67"
}
[1779850086.253][INFO]: Waiting for pending navigations...
[1779850086.253][DEBUG]: DevTools WebSocket Command: Runtime.evaluate (id=224) 0EA677E6C4FBD9738A81F51BE053F03D {
   "expression": "1"
}
[1779850086.254][DEBUG]: DevTools WebSocket Response: Runtime.evaluate (id=224) 0EA677E6C4FBD9738A81F51BE053F03D {
   "result": {
      "description": "1",
      "type": "number",
      "value": 1
   }
}
[1779850086.254][INFO]: Done waiting for pending navigations. Status: ok
[1779850086.256][DEBUG]: DevTools WebSocket Command: Runtime.evaluate (id=225) 0EA677E6C4FBD9738A81F51BE053F03D {
   "awaitPromise": true,
   "expression": "(function() { // Copyright (c) 2012 The Chromium Authors. All rights reserved.\n// Use of this source code is governed by a BSD-style license that can be\n// found in the LICENSE file.\n\n/**\n * Enum f...",
   "returnByValue": true
}
[1779850086.265][DEBUG]: DevTools WebSocket Response: Runtime.evaluate (id=225) 0EA677E6C4FBD9738A81F51BE053F03D {
   "result": {
      "type": "object",
      "value": {
         "status": 0,
         "value": "Top 10 Facts - Space [Part 1]"
      }
   }
}
[1779850086.265][INFO]: Waiting for pending navigations...
[1779850086.265][DEBUG]: DevTools WebSocket Command: Runtime.evaluate (id=226) 0EA677E6C4FBD9738A81F51BE053F03D {
   "expression": "1"
}
[1779850086.266][DEBUG]: DevTools WebSocket Response: Runtime.evaluate (id=226) 0EA677E6C4FBD9738A81F51BE053F03D {
   "result": {
      "description": "1",
      "type": "number",
      "value": 1
   }
}
[1779850086.266][INFO]: Done waiting for pending navigations. Status: ok
[1779850086.266][INFO]: [6d6a54ac6a81f45fc5bf60d2fceca1fa] RESPONSE GetElementText "Top 10 Facts - Space [Part 1]"
[1779850086.282][INFO]: [6d6a54ac6a81f45fc5bf60d2fceca1fa] COMMAND GetElementText {
   "id": "c988c0c2-6fb6-4e90-8873-00a36dfc2c50"
}
[1779850086.282][INFO]: Waiting for pending navigations...
[1779850086.282][DEBUG]: DevTools WebSocket Command: Runtime.evaluate (id=227) 0EA677E6C4FBD9738A81F51BE053F03D {
   "expression": "1"
}
[1779850086.283][DEBUG]: DevTools WebSocket Response: Runtime.evaluate (id=227) 0EA677E6C4FBD9738A81F51BE053F03D {
   "result": {
      "description": "1",
      "type": "number",
      "value": 1
   }
}
[1779850086.283][INFO]: Done waiting for pending navigations. Status: ok
[1779850086.286][DEBUG]: DevTools WebSocket Command: Runtime.evaluate (id=228) 0EA677E6C4FBD9738A81F51BE053F03D {
   "awaitPromise": true,
   "expression": "(function() { // Copyright (c) 2012 The Chromium Authors. All rights reserved.\n// Use of this source code is governed by a BSD-style license that can be\n// found in the LICENSE file.\n\n/**\n * Enum f...",
   "returnByValue": true
}
[1779850086.295][DEBUG]: DevTools WebSocket Response: Runtime.evaluate (id=228) 0EA677E6C4FBD9738A81F51BE053F03D {
   "result": {
      "type": "object",
      "value": {
         "status": 0,
         "value": "Top 10 Facts - Dark Souls"
      }
   }
}
[1779850086.295][INFO]: Waiting for pending navigations...
[1779850086.295][DEBUG]: DevTools WebSocket Command: Runtime.evaluate (id=229) 0EA677E6C4FBD9738A81F51BE053F03D {
   "expression": "1"
}
[1779850086.296][DEBUG]: DevTools WebSocket Response: Runtime.evaluate (id=229) 0EA677E6C4FBD9738A81F51BE053F03D {
   "result": {
      "description": "1",
      "type": "number",
      "value": 1
   }
}
[1779850086.296][INFO]: Done waiting for pending navigations. Status: ok
[1779850086.296][INFO]: [6d6a54ac6a81f45fc5bf60d2fceca1fa] RESPONSE GetElementText "Top 10 Facts - Dark Souls"
[1779850086.312][INFO]: [6d6a54ac6a81f45fc5bf60d2fceca1fa] COMMAND GetElementText {
   "id": "0e618f22-37e3-42cd-87df-25dc041fe03a"
}
[1779850086.312][INFO]: Waiting for pending navigations...
[1779850086.312][DEBUG]: DevTools WebSocket Command: Runtime.evaluate (id=230) 0EA677E6C4FBD9738A81F51BE053F03D {
   "expression": "1"
}
[1779850086.313][DEBUG]: DevTools WebSocket Response: Runtime.evaluate (id=230) 0EA677E6C4FBD9738A81F51BE053F03D {
   "result": {
      "description": "1",
      "type": "number",
      "value": 1
   }
}
[1779850086.313][INFO]: Done waiting for pending navigations. Status: ok
[1779850086.315][DEBUG]: DevTools WebSocket Command: Runtime.evaluate (id=231) 0EA677E6C4FBD9738A81F51BE053F03D {
   "awaitPromise": true,
   "expression": "(function() { // Copyright (c) 2012 The Chromium Authors. All rights reserved.\n// Use of this source code is governed by a BSD-style license that can be\n// found in the LICENSE file.\n\n/**\n * Enum f...",
   "returnByValue": true
}
[1779850086.325][DEBUG]: DevTools WebSocket Response: Runtime.evaluate (id=231) 0EA677E6C4FBD9738A81F51BE053F03D {
   "result": {
      "type": "object",
      "value": {
         "status": 0,
         "value": "Top 10 Facts - The Legend of Zelda"
      }
   }
}
[1779850086.325][INFO]: Waiting for pending navigations...
[1779850086.325][DEBUG]: DevTools WebSocket Command: Runtime.evaluate (id=232) 0EA677E6C4FBD9738A81F51BE053F03D {
   "expression": "1"
}
[1779850086.325][DEBUG]: DevTools WebSocket Response: Runtime.evaluate (id=232) 0EA677E6C4FBD9738A81F51BE053F03D {
   "result": {
      "description": "1",
      "type": "number",
      "value": 1
   }
}
[1779850086.325][INFO]: Done waiting for pending navigations. Status: ok
[1779850086.325][INFO]: [6d6a54ac6a81f45fc5bf60d2fceca1fa] RESPONSE GetElementText "Top 10 Facts - The Legend of Zelda"
[1779850086.338][INFO]: [6d6a54ac6a81f45fc5bf60d2fceca1fa] COMMAND GetElementText {
   "id": "414dc13d-26fb-4e7a-8e34-0d960ba826cf"
}
[1779850086.338][INFO]: Waiting for pending navigations...
[1779850086.338][DEBUG]: DevTools WebSocket Command: Runtime.evaluate (id=233) 0EA677E6C4FBD9738A81F51BE053F03D {
   "expression": "1"
}
[1779850086.339][DEBUG]: DevTools WebSocket Response: Runtime.evaluate (id=233) 0EA677E6C4FBD9738A81F51BE053F03D {
   "result": {
      "description": "1",
      "type": "number",
      "value": 1
   }
}
[1779850086.339][INFO]: Done waiting for pending navigations. Status: ok
[1779850086.341][DEBUG]: DevTools WebSocket Command: Runtime.evaluate (id=234) 0EA677E6C4FBD9738A81F51BE053F03D {
   "awaitPromise": true,
   "expression": "(function() { // Copyright (c) 2012 The Chromium Authors. All rights reserved.\n// Use of this source code is governed by a BSD-style license that can be\n// found in the LICENSE file.\n\n/**\n * Enum f...",
   "returnByValue": true
}
[1779850086.350][DEBUG]: DevTools WebSocket Response: Runtime.evaluate (id=234) 0EA677E6C4FBD9738A81F51BE053F03D {
   "result": {
      "type": "object",
      "value": {
         "status": 0,
         "value": "Consumed by the Apocalypse"
      }
   }
}
[1779850086.350][INFO]: Waiting for pending navigations...
[1779850086.350][DEBUG]: DevTools WebSocket Command: Runtime.evaluate (id=235) 0EA677E6C4FBD9738A81F51BE053F03D {
   "expression": "1"
}
[1779850086.351][DEBUG]: DevTools WebSocket Response: Runtime.evaluate (id=235) 0EA677E6C4FBD9738A81F51BE053F03D {
   "result": {
      "description": "1",
      "type": "number",
      "value": 1
   }
}
[1779850086.351][INFO]: Done waiting for pending navigations. Status: ok
[1779850086.351][INFO]: [6d6a54ac6a81f45fc5bf60d2fceca1fa] RESPONSE GetElementText "Consumed by the Apocalypse"
[1779850086.361][INFO]: [6d6a54ac6a81f45fc5bf60d2fceca1fa] COMMAND GetElementText {
   "id": "e23eae75-467c-4978-a338-80fb311ed3ce"
}
[1779850086.361][INFO]: Waiting for pending navigations...
[1779850086.361][DEBUG]: DevTools WebSocket Command: Runtime.evaluate (id=236) 0EA677E6C4FBD9738A81F51BE053F03D {
   "expression": "1"
}
[1779850086.362][DEBUG]: DevTools WebSocket Response: Runtime.evaluate (id=236) 0EA677E6C4FBD9738A81F51BE053F03D {
   "result": {
      "description": "1",
      "type": "number",
      "value": 1
   }
}
[1779850086.362][INFO]: Done waiting for pending navigations. Status: ok
[1779850086.364][DEBUG]: DevTools WebSocket Command: Runtime.evaluate (id=237) 0EA677E6C4FBD9738A81F51BE053F03D {
   "awaitPromise": true,
   "expression": "(function() { // Copyright (c) 2012 The Chromium Authors. All rights reserved.\n// Use of this source code is governed by a BSD-style license that can be\n// found in the LICENSE file.\n\n/**\n * Enum f...",
   "returnByValue": true
}
[1779850086.373][DEBUG]: DevTools WebSocket Response: Runtime.evaluate (id=237) 0EA677E6C4FBD9738A81F51BE053F03D {
   "result": {
      "type": "object",
      "value": {
         "status": 0,
         "value": "abcd"
      }
   }
}
[1779850086.373][INFO]: Waiting for pending navigations...
[1779850086.373][DEBUG]: DevTools WebSocket Command: Runtime.evaluate (id=238) 0EA677E6C4FBD9738A81F51BE053F03D {
   "expression": "1"
}
[1779850086.376][DEBUG]: DevTools WebSocket Response: Runtime.evaluate (id=238) 0EA677E6C4FBD9738A81F51BE053F03D {
   "result": {
      "description": "1",
      "type": "number",
      "value": 1
   }
}
[1779850086.376][INFO]: Done waiting for pending navigations. Status: ok
[1779850086.376][INFO]: [6d6a54ac6a81f45fc5bf60d2fceca1fa] RESPONSE GetElementText "abcd"
[1779850086.402][INFO]: [6d6a54ac6a81f45fc5bf60d2fceca1fa] COMMAND GetElementText {
   "id": "33f53d8b-a320-4f2e-844b-978cf6c21612"
}
[1779850086.402][INFO]: Waiting for pending navigations...
[1779850086.403][DEBUG]: DevTools WebSocket Command: Runtime.evaluate (id=239) 0EA677E6C4FBD9738A81F51BE053F03D {
   "expression": "1"
}
[1779850086.403][DEBUG]: DevTools WebSocket Response: Runtime.evaluate (id=239) 0EA677E6C4FBD9738A81F51BE053F03D {
   "result": {
      "description": "1",
      "type": "number",
      "value": 1
   }
}
[1779850086.403][INFO]: Done waiting for pending navigations. Status: ok
[1779850086.406][DEBUG]: DevTools WebSocket Command: Runtime.evaluate (id=240) 0EA677E6C4FBD9738A81F51BE053F03D {
   "awaitPromise": true,
   "expression": "(function() { // Copyright (c) 2012 The Chromium Authors. All rights reserved.\n// Use of this source code is governed by a BSD-style license that can be\n// found in the LICENSE file.\n\n/**\n * Enum f...",
   "returnByValue": true
}
[1779850086.418][DEBUG]: DevTools WebSocket Response: Runtime.evaluate (id=240) 0EA677E6C4FBD9738A81F51BE053F03D {
   "result": {
      "type": "object",
      "value": {
         "status": 0,
         "value": "React 10 min"
      }
   }
}
[1779850086.418][INFO]: Waiting for pending navigations...
[1779850086.418][DEBUG]: DevTools WebSocket Command: Runtime.evaluate (id=241) 0EA677E6C4FBD9738A81F51BE053F03D {
   "expression": "1"
}
[1779850086.418][DEBUG]: DevTools WebSocket Response: Runtime.evaluate (id=241) 0EA677E6C4FBD9738A81F51BE053F03D {
   "result": {
      "description": "1",
      "type": "number",
      "value": 1
   }
}
[1779850086.418][INFO]: Done waiting for pending navigations. Status: ok
[1779850086.418][INFO]: [6d6a54ac6a81f45fc5bf60d2fceca1fa] RESPONSE GetElementText "React 10 min"
[1779850086.431][INFO]: [6d6a54ac6a81f45fc5bf60d2fceca1fa] COMMAND GetElementText {
   "id": "99b90c5c-d105-4d88-beb2-e5b6c7f7abd1"
}
[1779850086.431][INFO]: Waiting for pending navigations...
[1779850086.431][DEBUG]: DevTools WebSocket Command: Runtime.evaluate (id=242) 0EA677E6C4FBD9738A81F51BE053F03D {
   "expression": "1"
}
[1779850086.432][DEBUG]: DevTools WebSocket Response: Runtime.evaluate (id=242) 0EA677E6C4FBD9738A81F51BE053F03D {
   "result": {
      "description": "1",
      "type": "number",
      "value": 1
   }
}
[1779850086.432][INFO]: Done waiting for pending navigations. Status: ok
[1779850086.435][DEBUG]: DevTools WebSocket Command: Runtime.evaluate (id=243) 0EA677E6C4FBD9738A81F51BE053F03D {
   "awaitPromise": true,
   "expression": "(function() { // Copyright (c) 2012 The Chromium Authors. All rights reserved.\n// Use of this source code is governed by a BSD-style license that can be\n// found in the LICENSE file.\n\n/**\n * Enum f...",
   "returnByValue": true
}
[1779850086.444][DEBUG]: DevTools WebSocket Response: Runtime.evaluate (id=243) 0EA677E6C4FBD9738A81F51BE053F03D {
   "result": {
      "type": "object",
      "value": {
         "status": 0,
         "value": "10 frameworks"
      }
   }
}
[1779850086.444][INFO]: Waiting for pending navigations...
[1779850086.444][DEBUG]: DevTools WebSocket Command: Runtime.evaluate (id=244) 0EA677E6C4FBD9738A81F51BE053F03D {
   "expression": "1"
}
[1779850086.445][DEBUG]: DevTools WebSocket Response: Runtime.evaluate (id=244) 0EA677E6C4FBD9738A81F51BE053F03D {
   "result": {
      "description": "1",
      "type": "number",
      "value": 1
   }
}
[1779850086.445][INFO]: Done waiting for pending navigations. Status: ok
[1779850086.445][INFO]: [6d6a54ac6a81f45fc5bf60d2fceca1fa] RESPONSE GetElementText "10 frameworks"
[1779850086.465][INFO]: [6d6a54ac6a81f45fc5bf60d2fceca1fa] COMMAND FindElement {
   "using": "css selector",
   "value": "#sortBySelect"
}
[1779850086.465][INFO]: Waiting for pending navigations...
[1779850086.465][DEBUG]: DevTools WebSocket Command: Runtime.evaluate (id=245) 0EA677E6C4FBD9738A81F51BE053F03D {
   "expression": "1"
}
[1779850086.466][DEBUG]: DevTools WebSocket Response: Runtime.evaluate (id=245) 0EA677E6C4FBD9738A81F51BE053F03D {
   "result": {
      "description": "1",
      "type": "number",
      "value": 1
   }
}
[1779850086.466][INFO]: Done waiting for pending navigations. Status: ok
[1779850086.469][DEBUG]: DevTools WebSocket Command: Runtime.evaluate (id=246) 0EA677E6C4FBD9738A81F51BE053F03D {
   "awaitPromise": true,
   "expression": "(function() { // Copyright (c) 2012 The Chromium Authors. All rights reserved.\n// Use of this source code is governed by a BSD-style license that can be\n// found in the LICENSE file.\n\n/**\n * Enum f...",
   "returnByValue": true
}
[1779850086.476][DEBUG]: DevTools WebSocket Response: Runtime.evaluate (id=246) 0EA677E6C4FBD9738A81F51BE053F03D {
   "result": {
      "type": "object",
      "value": {
         "status": 0,
         "value": {
            "element-6066-11e4-a52e-4f735466cecf": "7fabab95-442e-4bc5-9383-05b7b02b4cc4"
         }
      }
   }
}
[1779850086.476][INFO]: Waiting for pending navigations...
[1779850086.476][DEBUG]: DevTools WebSocket Command: Runtime.evaluate (id=247) 0EA677E6C4FBD9738A81F51BE053F03D {
   "expression": "1"
}
[1779850086.477][DEBUG]: DevTools WebSocket Response: Runtime.evaluate (id=247) 0EA677E6C4FBD9738A81F51BE053F03D {
   "result": {
      "description": "1",
      "type": "number",
      "value": 1
   }
}
[1779850086.477][INFO]: Done waiting for pending navigations. Status: ok
[1779850086.477][INFO]: [6d6a54ac6a81f45fc5bf60d2fceca1fa] RESPONSE FindElement {
   "element-6066-11e4-a52e-4f735466cecf": "7fabab95-442e-4bc5-9383-05b7b02b4cc4"
}
[1779850086.493][INFO]: [6d6a54ac6a81f45fc5bf60d2fceca1fa] COMMAND GetElementTagName {
   "id": "7fabab95-442e-4bc5-9383-05b7b02b4cc4"
}
[1779850086.494][INFO]: Waiting for pending navigations...
[1779850086.494][DEBUG]: DevTools WebSocket Command: Runtime.evaluate (id=248) 0EA677E6C4FBD9738A81F51BE053F03D {
   "expression": "1"
}
[1779850086.494][DEBUG]: DevTools WebSocket Response: Runtime.evaluate (id=248) 0EA677E6C4FBD9738A81F51BE053F03D {
   "result": {
      "description": "1",
      "type": "number",
      "value": 1
   }
}
[1779850086.495][INFO]: Done waiting for pending navigations. Status: ok
[1779850086.495][DEBUG]: DevTools WebSocket Command: Runtime.evaluate (id=249) 0EA677E6C4FBD9738A81F51BE053F03D {
   "awaitPromise": true,
   "expression": "(function() { // Copyright (c) 2012 The Chromium Authors. All rights reserved.\n// Use of this source code is governed by a BSD-style license that can be\n// found in the LICENSE file.\n\n/**\n * Enum f...",
   "returnByValue": true
}
[1779850086.497][DEBUG]: DevTools WebSocket Response: Runtime.evaluate (id=249) 0EA677E6C4FBD9738A81F51BE053F03D {
   "result": {
      "type": "object",
      "value": {
         "status": 0,
         "value": "select"
      }
   }
}
[1779850086.498][INFO]: Waiting for pending navigations...
[1779850086.498][DEBUG]: DevTools WebSocket Command: Runtime.evaluate (id=250) 0EA677E6C4FBD9738A81F51BE053F03D {
   "expression": "1"
}
[1779850086.498][DEBUG]: DevTools WebSocket Response: Runtime.evaluate (id=250) 0EA677E6C4FBD9738A81F51BE053F03D {
   "result": {
      "description": "1",
      "type": "number",
      "value": 1
   }
}
[1779850086.498][INFO]: Done waiting for pending navigations. Status: ok
[1779850086.498][INFO]: [6d6a54ac6a81f45fc5bf60d2fceca1fa] RESPONSE GetElementTagName "select"
[1779850086.526][INFO]: [6d6a54ac6a81f45fc5bf60d2fceca1fa] COMMAND ExecuteScript {
   "args": [ {
      "element-6066-11e4-a52e-4f735466cecf": "7fabab95-442e-4bc5-9383-05b7b02b4cc4"
   }, "multiple" ],
   "script": "return (function(){return function(){var d=this;function f(a){return\"string\"==typeof a}function h(a,b){function e(){}e.prototype=b.prototype;a.c=b.prototype;a.prototype=new e;a.prototype.constructor=a;a.b=function(a,e,m){for(var c=Array(arguments.length-2),g=2;g\u003Carguments.length;g++)c[g-2]=arguments[g];return b.prototype[e].apply(a,c)}};function k(a,b){this.code=a;this.a=l[a]||n;this.message=b||\"\";a=this.a.replace(/((?:^|\\s+)[a-z])/g,function(a){return a.toUpperCase().replace(/^[\\s\\xa0]+/g,\"\")});b=a.length-5;if(0>b||a.indexOf(\"Error\",b)!=b)a+=\"Error\";this.name=a;a=Error(this.message);a.name=this.name;this.stack=a.stack||\"\"}h(k,Error);var n=\"unknown error\",l={15:\"element not selectable\",11:\"element not visible\"};l[31]=n;l[30]=n;l[24]=\"invalid cookie domain\";l[29]=\"invalid element coordinates\";l[12]=\"invalid element state\";l[32]=\"invalid selector\";\nl[51]=\"invalid selector\";l[52]=\"invalid selector\";l[17]=\"javascript error\";l[405]=\"unsupported operation\";l[34]=\"move target out of bounds\";l[27]=\"no such alert\";l[7]=\"no such element\";l[8]=\"no such frame\";l[23]=\"no such window\";l[28]=\"script timeout\";l[33]=\"session not created\";l[10]=\"stale element reference\";l[21]=\"timeout\";l[25]=\"unable to set cookie\";l[26]=\"unexpected alert open\";l[13]=n;l[9]=\"unknown command\";k.prototype.toString=function(){return this.name+\": \"+this.message};var p;a:{var q=d.navigator;if(q){var r=q.userAgent;if(r){p=r;break a}}p=\"\"}function t(a){return-1!=p.indexOf(a)};function aa(a,b){for(var e=a.length,c=f(a)?a.split(\"\"):a,g=0;g\u003Ce;g++)g in c&&b.call(void 0,c[g],g,a)};function u(){return t(\"iPhone\")&&!t(\"iPod\")&&!t(\"iPad\")};function v(){return(t(\"Chrome\")||t(\"CriOS\"))&&!t(\"Edge\")};var w=t(\"Opera\"),x=t(\"Trident\")||t(\"MSIE\"),z=t(\"Edge\"),A=t(\"Gecko\")&&!(-1!=p.toLowerCase().indexOf(\"webkit\")&&!t(\"Edge\"))&&!(t(\"Trident\")||t(\"MSIE\"))&&!t(\"Edge\"),ba=-1!=p.toLowerCase().indexOf(\"webkit\")&&!t(\"Edge\");function B(){var a=d.document;return a?a.documentMode:void 0}var C;\na:{var D=\"\",E=function(){var a=p;if(A)return/rv:([^\\);]+)(\\)|;)/.exec(a);if(z)return/Edge\\/([\\d\\.]+)/.exec(a);if(x)return/\\b(?:MSIE|rv)[: ]([^\\);]+)(\\)|;)/.exec(a);if(ba)return/WebKit\\/(\\S+)/.exec(a);if(w)return/(?:Version)[ \\/]?(\\S+)/.exec(a)}();E&&(D=E?E[1]:\"\");if(x){var F=B();if(null!=F&&F>parseFloat(D)){C=String(F);break a}}C=D}var G;var H=d.document;G=H&&x?B()||(\"CSS1Compat\"==H.compatMode?parseInt(C,10):5):void 0;var ca=t(\"Firefox\"),da=u()||t(\"iPod\"),ea=t(\"iPad\"),I=t(\"Android\")&&!(v()||t(\"Firefox\")||t(\"Opera\")||t(\"Silk\")),fa=v(),J=t(\"Safari\")&&!(v()||t(\"Coast\")||t(\"Opera\")||t(\"Edge\")||t(\"Silk\")||t(\"Android\"))&&!(u()||t(\"iPad\")||t(\"iPod\"));function K(a){return(a=a.exec(p))?a[1]:\"\"}(function(){if(ca)return K(/Firefox\\/([0-9.]+)/);if(x||z||w)return C;if(fa)return u()||t(\"iPad\")||t(\"iPod\")?K(/CriOS\\/([0-9.]+)/):K(/Chrome\\/([0-9.]+)/);if(J&&!(u()||t(\"iPad\")||t(\"iPod\")))return K(/Version\\/([0-9.]+)/);if(da||ea){var a=/Version\\/(\\S+).*Mobile\\/(\\S+)/.exec(p);if(a)return a[1]+\".\"+a[2]}else if(I)return(a=K(/Android\\s+([0-9.]+)/))?a:K(/Version\\/([0-9.]+)/);return\"\"})();var L,M=function(){if(!A)return!1;var a=d.Components;if(!a)return!1;try{if(!a.classes)return!1}catch(g){return!1}var b=a.classes;a=a.interfaces;var e=b[\"@mozilla.org/xpcom/version-comparator;1\"].getService(a.nsIVersionComparator),c=b[\"@mozilla.org/xre/app-info;1\"].getService(a.nsIXULAppInfo).version;L=function(a){e.compare(c,\"\"+a)};return!0}(),N=x&&!(8\u003C=Number(G)),ha=x&&!(9\u003C=Number(G));I&&M&&L(2.3);I&&M&&L(4);J&&M&&L(6);var ia={SCRIPT:1,STYLE:1,HEAD:1,IFRAME:1,OBJECT:1},O={IMG:\" \",BR:\"\\n\"};function P(a,b,e){if(!(a.nodeName in ia))if(3==a.nodeType)e?b.push(String(a.nodeValue).replace(/(\\r\\n|\\r|\\n)/g,\"\")):b.push(a.nodeValue);else if(a.nodeName in O)b.push(O[a.nodeName]);else for(a=a.firstChild;a;)P(a,b,e),a=a.nextSibling};function Q(a,b){b=b.toLowerCase();return\"style\"==b?ja(a.style.cssText):N&&\"value\"==b&&R(a,\"INPUT\")?a.value:ha&&!0===a[b]?String(a.getAttribute(b)):(a=a.getAttributeNode(b))&&a.specified?a.value:null}var ka=/[;]+(?=(?:(?:[^\"]*\"){2})*[^\"]*$)(?=(?:(?:[^']*'){2})*[^']*$)(?=(?:[^()]*\\([^()]*\\))*[^()]*$)/;\nfunction ja(a){var b=[];aa(a.split(ka),function(a){var c=a.indexOf(\":\");0\u003Cc&&(a=[a.slice(0,c),a.slice(c+1)],2==a.length&&b.push(a[0].toLowerCase(),\":\",a[1],\";\"))});b=b.join(\"\");return b=\";\"==b.charAt(b.length-1)?b:b+\";\"}function S(a,b){N&&\"value\"==b&&R(a,\"OPTION\")&&null===Q(a,\"value\")?(b=[],P(a,b,!1),a=b.join(\"\")):a=a[b];return a}function R(a,b){b&&\"string\"!==typeof b&&(b=b.toString());return!!a&&1==a.nodeType&&(!b||a.tagName.toUpperCase()==b)}\nfunction T(a){return R(a,\"OPTION\")?!0:R(a,\"INPUT\")?(a=a.type.toLowerCase(),\"checkbox\"==a||\"radio\"==a):!1};var la={\"class\":\"className\",readonly:\"readOnly\"},U=\"allowfullscreen allowpaymentrequest allowusermedia async autofocus autoplay checked compact complete controls declare default defaultchecked defaultselected defer disabled ended formnovalidate hidden indeterminate iscontenteditable ismap itemscope loop multiple muted nohref nomodule noresize noshade novalidate nowrap open paused playsinline pubdate readonly required reversed scoped seamless seeking selected truespeed typemustmatch willvalidate\".split(\" \");function V(a,b){var e=null,c=b.toLowerCase();if(\"style\"==c)return(e=a.style)&&!f(e)&&(e=e.cssText),e;if((\"selected\"==c||\"checked\"==c)&&T(a)){if(!T(a))throw new k(15,\"Element is not selectable\");b=\"selected\";e=a.type&&a.type.toLowerCase();if(\"checkbox\"==e||\"radio\"==e)b=\"checked\";return S(a,b)?\"true\":null}var g=R(a,\"A\");if(R(a,\"IMG\")&&\"src\"==c||g&&\"href\"==c)return(e=Q(a,c))&&(e=S(a,c)),e;if(\"spellcheck\"==c){e=Q(a,c);if(null!==e){if(\"false\"==e.toLowerCase())return\"false\";if(\"true\"==e.toLowerCase())return\"true\"}return S(a,\nc)+\"\"}g=la[b]||b;a:if(f(U))c=f(c)&&1==c.length?U.indexOf(c,0):-1;else{for(var m=0;m\u003CU.length;m++)if(m in U&&U[m]===c){c=m;break a}c=-1}if(0\u003C=c)return(e=null!==Q(a,b)||S(a,g))?\"true\":null;try{var y=S(a,g)}catch(ma){}(c=null==y)||(c=typeof y,c=\"object\"==c&&null!=y||\"function\"==c);c?e=Q(a,b):e=y;return null!=e?e.toString():null}var W=[\"_\"],X=d;W[0]in X||!X.execScript||X.execScript(\"var \"+W[0]);\nfor(var Y;W.length&&(Y=W.shift());){var Z;if(Z=!W.length)Z=void 0!==V;Z?X[Y]=V:X[Y]&&X[Y]!==Object.prototype[Y]?X=X[Y]:X=X[Y]={}};; return this._.apply(null,arguments);}.apply({navigator:typeof window!='undefined'?window.navigator:null,document:typeof window!='undefined'?window.document:null}, arguments);}\n).apply(null, arguments);"
}
[1779850086.526][INFO]: Waiting for pending navigations...
[1779850086.526][DEBUG]: DevTools WebSocket Command: Runtime.evaluate (id=251) 0EA677E6C4FBD9738A81F51BE053F03D {
   "expression": "1"
}
[1779850086.527][DEBUG]: DevTools WebSocket Response: Runtime.evaluate (id=251) 0EA677E6C4FBD9738A81F51BE053F03D {
   "result": {
      "description": "1",
      "type": "number",
      "value": 1
   }
}
[1779850086.527][INFO]: Done waiting for pending navigations. Status: ok
[1779850086.529][DEBUG]: DevTools WebSocket Command: Runtime.evaluate (id=252) 0EA677E6C4FBD9738A81F51BE053F03D {
   "awaitPromise": true,
   "expression": "(function() { // Copyright (c) 2012 The Chromium Authors. All rights reserved.\n// Use of this source code is governed by a BSD-style license that can be\n// found in the LICENSE file.\n\n/**\n * Enum f...",
   "returnByValue": true
}
[1779850086.533][DEBUG]: DevTools WebSocket Response: Runtime.evaluate (id=252) 0EA677E6C4FBD9738A81F51BE053F03D {
   "result": {
      "type": "object",
      "value": {
         "status": 0,
         "value": null
      }
   }
}
[1779850086.533][INFO]: Waiting for pending navigations...
[1779850086.533][DEBUG]: DevTools WebSocket Command: Runtime.evaluate (id=253) 0EA677E6C4FBD9738A81F51BE053F03D {
   "expression": "1"
}
[1779850086.534][DEBUG]: DevTools WebSocket Response: Runtime.evaluate (id=253) 0EA677E6C4FBD9738A81F51BE053F03D {
   "result": {
      "description": "1",
      "type": "number",
      "value": 1
   }
}
[1779850086.534][INFO]: Done waiting for pending navigations. Status: ok
[1779850086.534][INFO]: [6d6a54ac6a81f45fc5bf60d2fceca1fa] RESPONSE ExecuteScript null
[1779850086.552][INFO]: [6d6a54ac6a81f45fc5bf60d2fceca1fa] COMMAND FindChildElements {
   "id": "7fabab95-442e-4bc5-9383-05b7b02b4cc4",
   "using": "xpath",
   "value": ".//option[normalize-space(.) = \"Sort By: View Count\"]"
}
[1779850086.552][INFO]: Waiting for pending navigations...
[1779850086.552][DEBUG]: DevTools WebSocket Command: Runtime.evaluate (id=254) 0EA677E6C4FBD9738A81F51BE053F03D {
   "expression": "1"
}
[1779850086.553][DEBUG]: DevTools WebSocket Response: Runtime.evaluate (id=254) 0EA677E6C4FBD9738A81F51BE053F03D {
   "result": {
      "description": "1",
      "type": "number",
      "value": 1
   }
}
[1779850086.553][INFO]: Done waiting for pending navigations. Status: ok
[1779850086.556][DEBUG]: DevTools WebSocket Command: Runtime.evaluate (id=255) 0EA677E6C4FBD9738A81F51BE053F03D {
   "awaitPromise": true,
   "expression": "(function() { // Copyright (c) 2012 The Chromium Authors. All rights reserved.\n// Use of this source code is governed by a BSD-style license that can be\n// found in the LICENSE file.\n\n/**\n * Enum f...",
   "returnByValue": true
}
[1779850086.564][DEBUG]: DevTools WebSocket Response: Runtime.evaluate (id=255) 0EA677E6C4FBD9738A81F51BE053F03D {
   "result": {
      "type": "object",
      "value": {
         "status": 0,
         "value": [ {
            "element-6066-11e4-a52e-4f735466cecf": "1421948e-bc31-4a0e-8b0e-8dd35b5dead8"
         } ]
      }
   }
}
[1779850086.564][INFO]: Waiting for pending navigations...
[1779850086.564][DEBUG]: DevTools WebSocket Command: Runtime.evaluate (id=256) 0EA677E6C4FBD9738A81F51BE053F03D {
   "expression": "1"
}
[1779850086.565][DEBUG]: DevTools WebSocket Response: Runtime.evaluate (id=256) 0EA677E6C4FBD9738A81F51BE053F03D {
   "result": {
      "description": "1",
      "type": "number",
      "value": 1
   }
}
[1779850086.565][INFO]: Done waiting for pending navigations. Status: ok
[1779850086.565][INFO]: [6d6a54ac6a81f45fc5bf60d2fceca1fa] RESPONSE FindChildElements [ {
   "element-6066-11e4-a52e-4f735466cecf": "1421948e-bc31-4a0e-8b0e-8dd35b5dead8"
} ]
[1779850086.585][INFO]: [6d6a54ac6a81f45fc5bf60d2fceca1fa] COMMAND IsElementSelected {
   "id": "1421948e-bc31-4a0e-8b0e-8dd35b5dead8"
}
[1779850086.585][INFO]: Waiting for pending navigations...
[1779850086.585][DEBUG]: DevTools WebSocket Command: Runtime.evaluate (id=257) 0EA677E6C4FBD9738A81F51BE053F03D {
   "expression": "1"
}
[1779850086.586][DEBUG]: DevTools WebSocket Response: Runtime.evaluate (id=257) 0EA677E6C4FBD9738A81F51BE053F03D {
   "result": {
      "description": "1",
      "type": "number",
      "value": 1
   }
}
[1779850086.586][INFO]: Done waiting for pending navigations. Status: ok
[1779850086.588][DEBUG]: DevTools WebSocket Command: Runtime.evaluate (id=258) 0EA677E6C4FBD9738A81F51BE053F03D {
   "awaitPromise": true,
   "expression": "(function() { // Copyright (c) 2012 The Chromium Authors. All rights reserved.\n// Use of this source code is governed by a BSD-style license that can be\n// found in the LICENSE file.\n\n/**\n * Enum f...",
   "returnByValue": true
}
[1779850086.593][DEBUG]: DevTools WebSocket Response: Runtime.evaluate (id=258) 0EA677E6C4FBD9738A81F51BE053F03D {
   "result": {
      "type": "object",
      "value": {
         "status": 0,
         "value": false
      }
   }
}
[1779850086.593][INFO]: Waiting for pending navigations...
[1779850086.593][DEBUG]: DevTools WebSocket Command: Runtime.evaluate (id=259) 0EA677E6C4FBD9738A81F51BE053F03D {
   "expression": "1"
}
[1779850086.594][DEBUG]: DevTools WebSocket Response: Runtime.evaluate (id=259) 0EA677E6C4FBD9738A81F51BE053F03D {
   "result": {
      "description": "1",
      "type": "number",
      "value": 1
   }
}
[1779850086.594][INFO]: Done waiting for pending navigations. Status: ok
[1779850086.594][INFO]: [6d6a54ac6a81f45fc5bf60d2fceca1fa] RESPONSE IsElementSelected false
[1779850086.613][INFO]: [6d6a54ac6a81f45fc5bf60d2fceca1fa] COMMAND ClickElement {
   "id": "1421948e-bc31-4a0e-8b0e-8dd35b5dead8"
}
[1779850086.613][INFO]: Waiting for pending navigations...
[1779850086.613][DEBUG]: DevTools WebSocket Command: Runtime.evaluate (id=260) 0EA677E6C4FBD9738A81F51BE053F03D {
   "expression": "1"
}
[1779850086.614][DEBUG]: DevTools WebSocket Response: Runtime.evaluate (id=260) 0EA677E6C4FBD9738A81F51BE053F03D {
   "result": {
      "description": "1",
      "type": "number",
      "value": 1
   }
}
[1779850086.614][INFO]: Done waiting for pending navigations. Status: ok
[1779850086.615][DEBUG]: DevTools WebSocket Command: Runtime.evaluate (id=261) 0EA677E6C4FBD9738A81F51BE053F03D {
   "awaitPromise": true,
   "expression": "(function() { // Copyright (c) 2012 The Chromium Authors. All rights reserved.\n// Use of this source code is governed by a BSD-style license that can be\n// found in the LICENSE file.\n\n/**\n * Enum f...",
   "returnByValue": true
}
[1779850086.618][DEBUG]: DevTools WebSocket Response: Runtime.evaluate (id=261) 0EA677E6C4FBD9738A81F51BE053F03D {
   "result": {
      "type": "object",
      "value": {
         "status": 0,
         "value": "option"
      }
   }
}
[1779850086.618][DEBUG]: DevTools WebSocket Command: Runtime.evaluate (id=262) 0EA677E6C4FBD9738A81F51BE053F03D {
   "awaitPromise": true,
   "expression": "(function() { // Copyright (c) 2012 The Chromium Authors. All rights reserved.\n// Use of this source code is governed by a BSD-style license that can be\n// found in the LICENSE file.\n\n/**\n * Enum f...",
   "returnByValue": true
}
[1779850086.620][DEBUG]: DevTools WebSocket Response: Runtime.evaluate (id=262) 0EA677E6C4FBD9738A81F51BE053F03D {
   "result": {
      "type": "object",
      "value": {
         "status": 0,
         "value": false
      }
   }
}
[1779850086.624][DEBUG]: DevTools WebSocket Command: Runtime.evaluate (id=263) 0EA677E6C4FBD9738A81F51BE053F03D {
   "awaitPromise": true,
   "expression": "(function() { // Copyright (c) 2012 The Chromium Authors. All rights reserved.\n// Use of this source code is governed by a BSD-style license that can be\n// found in the LICENSE file.\n\n/**\n * Enum f...",
   "returnByValue": true
}
[1779850086.662][DEBUG]: DevTools WebSocket Response: Runtime.evaluate (id=263) 0EA677E6C4FBD9738A81F51BE053F03D {
   "result": {
      "type": "object",
      "value": {
         "status": 0,
         "value": null
      }
   }
}
[1779850086.662][INFO]: Waiting for pending navigations...
[1779850086.662][DEBUG]: DevTools WebSocket Command: Runtime.evaluate (id=264) 0EA677E6C4FBD9738A81F51BE053F03D {
   "expression": "1"
}
[1779850086.676][DEBUG]: DevTools WebSocket Response: Runtime.evaluate (id=264) 0EA677E6C4FBD9738A81F51BE053F03D {
   "result": {
      "description": "1",
      "type": "number",
      "value": 1
   }
}
[1779850086.676][INFO]: Done waiting for pending navigations. Status: ok
[1779850086.676][INFO]: [6d6a54ac6a81f45fc5bf60d2fceca1fa] RESPONSE ClickElement
[1779850086.692][INFO]: [6d6a54ac6a81f45fc5bf60d2fceca1fa] COMMAND FindElements {
   "using": "css selector",
   "value": ".video\\-title"
}
[1779850086.692][INFO]: Waiting for pending navigations...
[1779850086.692][DEBUG]: DevTools WebSocket Command: Runtime.evaluate (id=265) 0EA677E6C4FBD9738A81F51BE053F03D {
   "expression": "1"
}
[1779850086.693][DEBUG]: DevTools WebSocket Response: Runtime.evaluate (id=265) 0EA677E6C4FBD9738A81F51BE053F03D {
   "result": {
      "description": "1",
      "type": "number",
      "value": 1
   }
}
[1779850086.693][INFO]: Done waiting for pending navigations. Status: ok
[1779850086.695][DEBUG]: DevTools WebSocket Command: Runtime.evaluate (id=266) 0EA677E6C4FBD9738A81F51BE053F03D {
   "awaitPromise": true,
   "expression": "(function() { // Copyright (c) 2012 The Chromium Authors. All rights reserved.\n// Use of this source code is governed by a BSD-style license that can be\n// found in the LICENSE file.\n\n/**\n * Enum f...",
   "returnByValue": true
}
[1779850086.700][DEBUG]: DevTools WebSocket Response: Runtime.evaluate (id=266) 0EA677E6C4FBD9738A81F51BE053F03D {
   "result": {
      "type": "object",
      "value": {
         "status": 0,
         "value": [ {
            "element-6066-11e4-a52e-4f735466cecf": "18d7cbfc-50eb-4804-84dc-857e904d18aa"
         }, {
            "element-6066-11e4-a52e-4f735466cecf": "92786182-79a7-46c0-a884-39a6de5a1ea5"
         }, {
            "element-6066-11e4-a52e-4f735466cecf": "39034eda-3982-4eba-9f4c-c158524759de"
         }, {
            "element-6066-11e4-a52e-4f735466cecf": "03dc018f-aef3-4fa5-96de-d0a45beda485"
         }, {
            "element-6066-11e4-a52e-4f735466cecf": "b4e55173-5301-4a73-ba88-37ec1033ab67"
         }, {
            "element-6066-11e4-a52e-4f735466cecf": "414dc13d-26fb-4e7a-8e34-0d960ba826cf"
         }, {
            "element-6066-11e4-a52e-4f735466cecf": "85785b08-7215-497e-b49f-6d3863122649"
         }, {
            "element-6066-11e4-a52e-4f735466cecf": "93e6c741-443c-4f7c-b101-c76d0f654f63"
         }, {
            "element-6066-11e4-a52e-4f735466cecf": "bc95483b-617b-477f-87ea-985b28a7fbaa"
         }, {
            "element-6066-11e4-a52e-4f735466cecf": "c988c0c2-6fb6-4e90-8873-00a36dfc2c50"
         }, {
            "element-6066-11e4-a52e-4f735466cecf": "152e5e97-6cb8-4e76-bfaa-9cba5da04324"
         }, {
            "element-6066-11e4-a52e-4f735466cecf": "16e643b7-7a94-461b-98e2-21a65be8be52"
         }, {
            "element-6066-11e4-a52e-4f735466cecf": "bf91e398-4034-4754-931a-9e3058b6b8ad"
         }, {
            "element-6066-11e4-a52e-4f735466cecf": "b74cf5e9-4a86-4980-8f07-cd27b5d8e9be"
         }, {
            "element-6066-11e4-a52e-4f735466cecf": "95928873-960c-4a47-9e9a-ea4e59e85dbe"
         }, {
            "element-6066-11e4-a52e-4f735466cecf": "0e618f22-37e3-42cd-87df-25dc041fe03a"
         }, {
            "element-6066-11e4-a52e-4f735466cecf": "9ffc03b9-c8a7-4d27-b2cb-103f2fb7bf44"
         }, {
            "element-6066-11e4-a52e-4f735466cecf": "f92cec3d-c7cc-4407-992f-755afffdde18"
         }, {
            "element-6066-11e4-a52e-4f735466cecf": "3f220967-e7fc-4a84-9057-4c46cf79ae8d"
         }, "..." ]
      }
   }
}
[1779850086.700][INFO]: Waiting for pending navigations...
[1779850086.700][DEBUG]: DevTools WebSocket Command: Runtime.evaluate (id=267) 0EA677E6C4FBD9738A81F51BE053F03D {
   "expression": "1"
}
[1779850086.700][DEBUG]: DevTools WebSocket Response: Runtime.evaluate (id=267) 0EA677E6C4FBD9738A81F51BE053F03D {
   "result": {
      "description": "1",
      "type": "number",
      "value": 1
   }
}
[1779850086.700][INFO]: Done waiting for pending navigations. Status: ok
[1779850086.700][INFO]: [6d6a54ac6a81f45fc5bf60d2fceca1fa] RESPONSE FindElements [ {
   "element-6066-11e4-a52e-4f735466cecf": "18d7cbfc-50eb-4804-84dc-857e904d18aa"
}, {
   "element-6066-11e4-a52e-4f735466cecf": "92786182-79a7-46c0-a884-39a6de5a1ea5"
}, {
   "element-6066-11e4-a52e-4f735466cecf": "39034eda-3982-4eba-9f4c-c158524759de"
}, {
   "element-6066-11e4-a52e-4f735466cecf": "03dc018f-aef3-4fa5-96de-d0a45beda485"
}, {
   "element-6066-11e4-a52e-4f735466cecf": "b4e55173-5301-4a73-ba88-37ec1033ab67"
}, {
   "element-6066-11e4-a52e-4f735466cecf": "414dc13d-26fb-4e7a-8e34-0d960ba826cf"
}, {
   "element-6066-11e4-a52e-4f735466cecf": "85785b08-7215-497e-b49f-6d3863122649"
}, {
   "element-6066-11e4-a52e-4f735466cecf": "93e6c741-443c-4f7c-b101-c76d0f654f63"
}, {
   "element-6066-11e4-a52e-4f735466cecf": "bc95483b-617b-477f-87ea-985b28a7fbaa"
}, {
   "element-6066-11e4-a52e-4f735466cecf": "c988c0c2-6fb6-4e90-8873-00a36dfc2c50"
}, {
   "element-6066-11e4-a52e-4f735466cecf": "152e5e97-6cb8-4e76-bfaa-9cba5da04324"
}, {
   "element-6066-11e4-a52e-4f735466cecf": "16e643b7-7a94-461b-98e2-21a65be8be52"
}, {
   "element-6066-11e4-a52e-4f735466cecf": "bf91e398-4034-4754-931a-9e3058b6b8ad"
}, {
   "element-6066-11e4-a52e-4f735466cecf": "b74cf5e9-4a86-4980-8f07-cd27b5d8e9be"
}, {
   "element-6066-11e4-a52e-4f735466cecf": "95928873-960c-4a47-9e9a-ea4e59e85dbe"
}, {
   "element-6066-11e4-a52e-4f735466cecf": "0e618f22-37e3-42cd-87df-25dc041fe03a"
}, {
   "element-6066-11e4-a52e-4f735466cecf": "9ffc03b9-c8a7-4d27-b2cb-103f2fb7bf44"
}, {
   "element-6066-11e4-a52e-4f735466cecf": "f92cec3d-c7cc-4407-992f-755afffdde18"
}, {
   "element-6066-11e4-a52e-4f735466cecf": "3f220967-e7fc-4a84-9057-4c46cf79ae8d"
}, "..." ]
[1779850086.725][INFO]: [6d6a54ac6a81f45fc5bf60d2fceca1fa] COMMAND GetElementText {
   "id": "18d7cbfc-50eb-4804-84dc-857e904d18aa"
}
[1779850086.725][INFO]: Waiting for pending navigations...
[1779850086.725][DEBUG]: DevTools WebSocket Command: Runtime.evaluate (id=268) 0EA677E6C4FBD9738A81F51BE053F03D {
   "expression": "1"
}
[1779850086.726][DEBUG]: DevTools WebSocket Response: Runtime.evaluate (id=268) 0EA677E6C4FBD9738A81F51BE053F03D {
   "result": {
      "description": "1",
      "type": "number",
      "value": 1
   }
}
[1779850086.726][INFO]: Done waiting for pending navigations. Status: ok
[1779850086.728][DEBUG]: DevTools WebSocket Command: Runtime.evaluate (id=269) 0EA677E6C4FBD9738A81F51BE053F03D {
   "awaitPromise": true,
   "expression": "(function() { // Copyright (c) 2012 The Chromium Authors. All rights reserved.\n// Use of this source code is governed by a BSD-style license that can be\n// found in the LICENSE file.\n\n/**\n * Enum f...",
   "returnByValue": true
}
[1779850086.737][DEBUG]: DevTools WebSocket Response: Runtime.evaluate (id=269) 0EA677E6C4FBD9738A81F51BE053F03D {
   "result": {
      "type": "object",
      "value": {
         "status": 0,
         "value": "Top 10 Facts - Space [Part 7]"
      }
   }
}
[1779850086.737][INFO]: Waiting for pending navigations...
[1779850086.737][DEBUG]: DevTools WebSocket Command: Runtime.evaluate (id=270) 0EA677E6C4FBD9738A81F51BE053F03D {
   "expression": "1"
}
[1779850086.738][DEBUG]: DevTools WebSocket Response: Runtime.evaluate (id=270) 0EA677E6C4FBD9738A81F51BE053F03D {
   "result": {
      "description": "1",
      "type": "number",
      "value": 1
   }
}
[1779850086.738][INFO]: Done waiting for pending navigations. Status: ok
[1779850086.738][INFO]: [6d6a54ac6a81f45fc5bf60d2fceca1fa] RESPONSE GetElementText "Top 10 Facts - Space [Part 7]"
[1779850086.751][INFO]: [6d6a54ac6a81f45fc5bf60d2fceca1fa] COMMAND GetElementText {
   "id": "92786182-79a7-46c0-a884-39a6de5a1ea5"
}
[1779850086.751][INFO]: Waiting for pending navigations...
[1779850086.751][DEBUG]: DevTools WebSocket Command: Runtime.evaluate (id=271) 0EA677E6C4FBD9738A81F51BE053F03D {
   "expression": "1"
}
[1779850086.752][DEBUG]: DevTools WebSocket Response: Runtime.evaluate (id=271) 0EA677E6C4FBD9738A81F51BE053F03D {
   "result": {
      "description": "1",
      "type": "number",
      "value": 1
   }
}
[1779850086.752][INFO]: Done waiting for pending navigations. Status: ok
[1779850086.754][DEBUG]: DevTools WebSocket Command: Runtime.evaluate (id=272) 0EA677E6C4FBD9738A81F51BE053F03D {
   "awaitPromise": true,
   "expression": "(function() { // Copyright (c) 2012 The Chromium Authors. All rights reserved.\n// Use of this source code is governed by a BSD-style license that can be\n// found in the LICENSE file.\n\n/**\n * Enum f...",
   "returnByValue": true
}
[1779850086.759][DEBUG]: DevTools WebSocket Response: Runtime.evaluate (id=272) 0EA677E6C4FBD9738A81F51BE053F03D {
   "result": {
      "type": "object",
      "value": {
         "status": 0,
         "value": "Top 10 Facts - The Witcher"
      }
   }
}
[1779850086.759][INFO]: Waiting for pending navigations...
[1779850086.759][DEBUG]: DevTools WebSocket Command: Runtime.evaluate (id=273) 0EA677E6C4FBD9738A81F51BE053F03D {
   "expression": "1"
}
[1779850086.759][DEBUG]: DevTools WebSocket Response: Runtime.evaluate (id=273) 0EA677E6C4FBD9738A81F51BE053F03D {
   "result": {
      "description": "1",
      "type": "number",
      "value": 1
   }
}
[1779850086.759][INFO]: Done waiting for pending navigations. Status: ok
[1779850086.759][INFO]: [6d6a54ac6a81f45fc5bf60d2fceca1fa] RESPONSE GetElementText "Top 10 Facts - The Witcher"
[1779850086.774][INFO]: [6d6a54ac6a81f45fc5bf60d2fceca1fa] COMMAND GetElementText {
   "id": "39034eda-3982-4eba-9f4c-c158524759de"
}
[1779850086.774][INFO]: Waiting for pending navigations...
[1779850086.774][DEBUG]: DevTools WebSocket Command: Runtime.evaluate (id=274) 0EA677E6C4FBD9738A81F51BE053F03D {
   "expression": "1"
}
[1779850086.775][DEBUG]: DevTools WebSocket Response: Runtime.evaluate (id=274) 0EA677E6C4FBD9738A81F51BE053F03D {
   "result": {
      "description": "1",
      "type": "number",
      "value": 1
   }
}
[1779850086.775][INFO]: Done waiting for pending navigations. Status: ok
[1779850086.777][DEBUG]: DevTools WebSocket Command: Runtime.evaluate (id=275) 0EA677E6C4FBD9738A81F51BE053F03D {
   "awaitPromise": true,
   "expression": "(function() { // Copyright (c) 2012 The Chromium Authors. All rights reserved.\n// Use of this source code is governed by a BSD-style license that can be\n// found in the LICENSE file.\n\n/**\n * Enum f...",
   "returnByValue": true
}
[1779850086.781][DEBUG]: DevTools WebSocket Response: Runtime.evaluate (id=275) 0EA677E6C4FBD9738A81F51BE053F03D {
   "result": {
      "type": "object",
      "value": {
         "status": 0,
         "value": "The Battle of Los Angeles"
      }
   }
}
[1779850086.781][INFO]: Waiting for pending navigations...
[1779850086.781][DEBUG]: DevTools WebSocket Command: Runtime.evaluate (id=276) 0EA677E6C4FBD9738A81F51BE053F03D {
   "expression": "1"
}
[1779850086.782][DEBUG]: DevTools WebSocket Response: Runtime.evaluate (id=276) 0EA677E6C4FBD9738A81F51BE053F03D {
   "result": {
      "description": "1",
      "type": "number",
      "value": 1
   }
}
[1779850086.782][INFO]: Done waiting for pending navigations. Status: ok
[1779850086.782][INFO]: [6d6a54ac6a81f45fc5bf60d2fceca1fa] RESPONSE GetElementText "The Battle of Los Angeles"
[1779850086.794][INFO]: [6d6a54ac6a81f45fc5bf60d2fceca1fa] COMMAND GetElementText {
   "id": "03dc018f-aef3-4fa5-96de-d0a45beda485"
}
[1779850086.794][INFO]: Waiting for pending navigations...
[1779850086.794][DEBUG]: DevTools WebSocket Command: Runtime.evaluate (id=277) 0EA677E6C4FBD9738A81F51BE053F03D {
   "expression": "1"
}
[1779850086.795][DEBUG]: DevTools WebSocket Response: Runtime.evaluate (id=277) 0EA677E6C4FBD9738A81F51BE053F03D {
   "result": {
      "description": "1",
      "type": "number",
      "value": 1
   }
}
[1779850086.795][INFO]: Done waiting for pending navigations. Status: ok
[1779850086.797][DEBUG]: DevTools WebSocket Command: Runtime.evaluate (id=278) 0EA677E6C4FBD9738A81F51BE053F03D {
   "awaitPromise": true,
   "expression": "(function() { // Copyright (c) 2012 The Chromium Authors. All rights reserved.\n// Use of this source code is governed by a BSD-style license that can be\n// found in the LICENSE file.\n\n/**\n * Enum f...",
   "returnByValue": true
}
[1779850086.802][DEBUG]: DevTools WebSocket Response: Runtime.evaluate (id=278) 0EA677E6C4FBD9738A81F51BE053F03D {
   "result": {
      "type": "object",
      "value": {
         "status": 0,
         "value": "Top 10 Facts - Fallout"
      }
   }
}
[1779850086.802][INFO]: Waiting for pending navigations...
[1779850086.802][DEBUG]: DevTools WebSocket Command: Runtime.evaluate (id=279) 0EA677E6C4FBD9738A81F51BE053F03D {
   "expression": "1"
}
[1779850086.803][DEBUG]: DevTools WebSocket Response: Runtime.evaluate (id=279) 0EA677E6C4FBD9738A81F51BE053F03D {
   "result": {
      "description": "1",
      "type": "number",
      "value": 1
   }
}
[1779850086.803][INFO]: Done waiting for pending navigations. Status: ok
[1779850086.803][INFO]: [6d6a54ac6a81f45fc5bf60d2fceca1fa] RESPONSE GetElementText "Top 10 Facts - Fallout"
[1779850086.814][INFO]: [6d6a54ac6a81f45fc5bf60d2fceca1fa] COMMAND GetElementText {
   "id": "b4e55173-5301-4a73-ba88-37ec1033ab67"
}
[1779850086.814][INFO]: Waiting for pending navigations...
[1779850086.815][DEBUG]: DevTools WebSocket Command: Runtime.evaluate (id=280) 0EA677E6C4FBD9738A81F51BE053F03D {
   "expression": "1"
}
[1779850086.815][DEBUG]: DevTools WebSocket Response: Runtime.evaluate (id=280) 0EA677E6C4FBD9738A81F51BE053F03D {
   "result": {
      "description": "1",
      "type": "number",
      "value": 1
   }
}
[1779850086.815][INFO]: Done waiting for pending navigations. Status: ok
[1779850086.817][DEBUG]: DevTools WebSocket Command: Runtime.evaluate (id=281) 0EA677E6C4FBD9738A81F51BE053F03D {
   "awaitPromise": true,
   "expression": "(function() { // Copyright (c) 2012 The Chromium Authors. All rights reserved.\n// Use of this source code is governed by a BSD-style license that can be\n// found in the LICENSE file.\n\n/**\n * Enum f...",
   "returnByValue": true
}
[1779850086.821][DEBUG]: DevTools WebSocket Response: Runtime.evaluate (id=281) 0EA677E6C4FBD9738A81F51BE053F03D {
   "result": {
      "type": "object",
      "value": {
         "status": 0,
         "value": "Top 10 Facts - Space [Part 1]"
      }
   }
}
[1779850086.821][INFO]: Waiting for pending navigations...
[1779850086.821][DEBUG]: DevTools WebSocket Command: Runtime.evaluate (id=282) 0EA677E6C4FBD9738A81F51BE053F03D {
   "expression": "1"
}
[1779850086.822][DEBUG]: DevTools WebSocket Response: Runtime.evaluate (id=282) 0EA677E6C4FBD9738A81F51BE053F03D {
   "result": {
      "description": "1",
      "type": "number",
      "value": 1
   }
}
[1779850086.822][INFO]: Done waiting for pending navigations. Status: ok
[1779850086.822][INFO]: [6d6a54ac6a81f45fc5bf60d2fceca1fa] RESPONSE GetElementText "Top 10 Facts - Space [Part 1]"
[1779850086.833][INFO]: [6d6a54ac6a81f45fc5bf60d2fceca1fa] COMMAND GetElementText {
   "id": "414dc13d-26fb-4e7a-8e34-0d960ba826cf"
}
[1779850086.833][INFO]: Waiting for pending navigations...
[1779850086.834][DEBUG]: DevTools WebSocket Command: Runtime.evaluate (id=283) 0EA677E6C4FBD9738A81F51BE053F03D {
   "expression": "1"
}
[1779850086.841][DEBUG]: DevTools WebSocket Response: Runtime.evaluate (id=283) 0EA677E6C4FBD9738A81F51BE053F03D {
   "result": {
      "description": "1",
      "type": "number",
      "value": 1
   }
}
[1779850086.841][INFO]: Done waiting for pending navigations. Status: ok
[1779850086.844][DEBUG]: DevTools WebSocket Command: Runtime.evaluate (id=284) 0EA677E6C4FBD9738A81F51BE053F03D {
   "awaitPromise": true,
   "expression": "(function() { // Copyright (c) 2012 The Chromium Authors. All rights reserved.\n// Use of this source code is governed by a BSD-style license that can be\n// found in the LICENSE file.\n\n/**\n * Enum f...",
   "returnByValue": true
}
[1779850086.848][DEBUG]: DevTools WebSocket Response: Runtime.evaluate (id=284) 0EA677E6C4FBD9738A81F51BE053F03D {
   "result": {
      "type": "object",
      "value": {
         "status": 0,
         "value": "Consumed by the Apocalypse"
      }
   }
}
[1779850086.848][INFO]: Waiting for pending navigations...
[1779850086.848][DEBUG]: DevTools WebSocket Command: Runtime.evaluate (id=285) 0EA677E6C4FBD9738A81F51BE053F03D {
   "expression": "1"
}
[1779850086.848][DEBUG]: DevTools WebSocket Response: Runtime.evaluate (id=285) 0EA677E6C4FBD9738A81F51BE053F03D {
   "result": {
      "description": "1",
      "type": "number",
      "value": 1
   }
}
[1779850086.848][INFO]: Done waiting for pending navigations. Status: ok
[1779850086.848][INFO]: [6d6a54ac6a81f45fc5bf60d2fceca1fa] RESPONSE GetElementText "Consumed by the Apocalypse"
[1779850086.859][INFO]: [6d6a54ac6a81f45fc5bf60d2fceca1fa] COMMAND GetElementText {
   "id": "85785b08-7215-497e-b49f-6d3863122649"
}
[1779850086.859][INFO]: Waiting for pending navigations...
[1779850086.859][DEBUG]: DevTools WebSocket Command: Runtime.evaluate (id=286) 0EA677E6C4FBD9738A81F51BE053F03D {
   "expression": "1"
}
[1779850086.860][DEBUG]: DevTools WebSocket Response: Runtime.evaluate (id=286) 0EA677E6C4FBD9738A81F51BE053F03D {
   "result": {
      "description": "1",
      "type": "number",
      "value": 1
   }
}
[1779850086.860][INFO]: Done waiting for pending navigations. Status: ok
[1779850086.862][DEBUG]: DevTools WebSocket Command: Runtime.evaluate (id=287) 0EA677E6C4FBD9738A81F51BE053F03D {
   "awaitPromise": true,
   "expression": "(function() { // Copyright (c) 2012 The Chromium Authors. All rights reserved.\n// Use of this source code is governed by a BSD-style license that can be\n// found in the LICENSE file.\n\n/**\n * Enum f...",
   "returnByValue": true
}
[1779850086.866][DEBUG]: DevTools WebSocket Response: Runtime.evaluate (id=287) 0EA677E6C4FBD9738A81F51BE053F03D {
   "result": {
      "type": "object",
      "value": {
         "status": 0,
         "value": "Top 10 Facts - Space [Part 6]"
      }
   }
}
[1779850086.866][INFO]: Waiting for pending navigations...
[1779850086.866][DEBUG]: DevTools WebSocket Command: Runtime.evaluate (id=288) 0EA677E6C4FBD9738A81F51BE053F03D {
   "expression": "1"
}
[1779850086.867][DEBUG]: DevTools WebSocket Response: Runtime.evaluate (id=288) 0EA677E6C4FBD9738A81F51BE053F03D {
   "result": {
      "description": "1",
      "type": "number",
      "value": 1
   }
}
[1779850086.867][INFO]: Done waiting for pending navigations. Status: ok
[1779850086.867][INFO]: [6d6a54ac6a81f45fc5bf60d2fceca1fa] RESPONSE GetElementText "Top 10 Facts - Space [Part 6]"
[1779850086.877][INFO]: [6d6a54ac6a81f45fc5bf60d2fceca1fa] COMMAND GetElementText {
   "id": "93e6c741-443c-4f7c-b101-c76d0f654f63"
}
[1779850086.877][INFO]: Waiting for pending navigations...
[1779850086.877][DEBUG]: DevTools WebSocket Command: Runtime.evaluate (id=289) 0EA677E6C4FBD9738A81F51BE053F03D {
   "expression": "1"
}
[1779850086.879][DEBUG]: DevTools WebSocket Response: Runtime.evaluate (id=289) 0EA677E6C4FBD9738A81F51BE053F03D {
   "result": {
      "description": "1",
      "type": "number",
      "value": 1
   }
}
[1779850086.879][INFO]: Done waiting for pending navigations. Status: ok
[1779850086.881][DEBUG]: DevTools WebSocket Command: Runtime.evaluate (id=290) 0EA677E6C4FBD9738A81F51BE053F03D {
   "awaitPromise": true,
   "expression": "(function() { // Copyright (c) 2012 The Chromium Authors. All rights reserved.\n// Use of this source code is governed by a BSD-style license that can be\n// found in the LICENSE file.\n\n/**\n * Enum f...",
   "returnByValue": true
}
[1779850086.885][DEBUG]: DevTools WebSocket Response: Runtime.evaluate (id=290) 0EA677E6C4FBD9738A81F51BE053F03D {
   "result": {
      "type": "object",
      "value": {
         "status": 0,
         "value": "The Search For D. B. Cooper"
      }
   }
}
[1779850086.885][INFO]: Waiting for pending navigations...
[1779850086.885][DEBUG]: DevTools WebSocket Command: Runtime.evaluate (id=291) 0EA677E6C4FBD9738A81F51BE053F03D {
   "expression": "1"
}
[1779850086.886][DEBUG]: DevTools WebSocket Response: Runtime.evaluate (id=291) 0EA677E6C4FBD9738A81F51BE053F03D {
   "result": {
      "description": "1",
      "type": "number",
      "value": 1
   }
}
[1779850086.886][INFO]: Done waiting for pending navigations. Status: ok
[1779850086.886][INFO]: [6d6a54ac6a81f45fc5bf60d2fceca1fa] RESPONSE GetElementText "The Search For D. B. Cooper"
[1779850086.912][INFO]: [6d6a54ac6a81f45fc5bf60d2fceca1fa] COMMAND GetElementText {
   "id": "bc95483b-617b-477f-87ea-985b28a7fbaa"
}
[1779850086.912][INFO]: Waiting for pending navigations...
[1779850086.912][DEBUG]: DevTools WebSocket Command: Runtime.evaluate (id=292) 0EA677E6C4FBD9738A81F51BE053F03D {
   "expression": "1"
}
[1779850086.913][DEBUG]: DevTools WebSocket Response: Runtime.evaluate (id=292) 0EA677E6C4FBD9738A81F51BE053F03D {
   "result": {
      "description": "1",
      "type": "number",
      "value": 1
   }
}
[1779850086.913][INFO]: Done waiting for pending navigations. Status: ok
[1779850086.915][DEBUG]: DevTools WebSocket Command: Runtime.evaluate (id=293) 0EA677E6C4FBD9738A81F51BE053F03D {
   "awaitPromise": true,
   "expression": "(function() { // Copyright (c) 2012 The Chromium Authors. All rights reserved.\n// Use of this source code is governed by a BSD-style license that can be\n// found in the LICENSE file.\n\n/**\n * Enum f...",
   "returnByValue": true
}
[1779850086.918][DEBUG]: DevTools WebSocket Response: Runtime.evaluate (id=293) 0EA677E6C4FBD9738A81F51BE053F03D {
   "result": {
      "type": "object",
      "value": {
         "status": 0,
         "value": "Top 10 Facts - Space [Part 3]"
      }
   }
}
[1779850086.918][INFO]: Waiting for pending navigations...
[1779850086.918][DEBUG]: DevTools WebSocket Command: Runtime.evaluate (id=294) 0EA677E6C4FBD9738A81F51BE053F03D {
   "expression": "1"
}
[1779850086.919][DEBUG]: DevTools WebSocket Response: Runtime.evaluate (id=294) 0EA677E6C4FBD9738A81F51BE053F03D {
   "result": {
      "description": "1",
      "type": "number",
      "value": 1
   }
}
[1779850086.919][INFO]: Done waiting for pending navigations. Status: ok
[1779850086.919][INFO]: [6d6a54ac6a81f45fc5bf60d2fceca1fa] RESPONSE GetElementText "Top 10 Facts - Space [Part 3]"
[1779850086.930][INFO]: [6d6a54ac6a81f45fc5bf60d2fceca1fa] COMMAND GetElementText {
   "id": "c988c0c2-6fb6-4e90-8873-00a36dfc2c50"
}
[1779850086.930][INFO]: Waiting for pending navigations...
[1779850086.930][DEBUG]: DevTools WebSocket Command: Runtime.evaluate (id=295) 0EA677E6C4FBD9738A81F51BE053F03D {
   "expression": "1"
}
[1779850086.931][DEBUG]: DevTools WebSocket Response: Runtime.evaluate (id=295) 0EA677E6C4FBD9738A81F51BE053F03D {
   "result": {
      "description": "1",
      "type": "number",
      "value": 1
   }
}
[1779850086.931][INFO]: Done waiting for pending navigations. Status: ok
[1779850086.933][DEBUG]: DevTools WebSocket Command: Runtime.evaluate (id=296) 0EA677E6C4FBD9738A81F51BE053F03D {
   "awaitPromise": true,
   "expression": "(function() { // Copyright (c) 2012 The Chromium Authors. All rights reserved.\n// Use of this source code is governed by a BSD-style license that can be\n// found in the LICENSE file.\n\n/**\n * Enum f...",
   "returnByValue": true
}
[1779850086.937][DEBUG]: DevTools WebSocket Response: Runtime.evaluate (id=296) 0EA677E6C4FBD9738A81F51BE053F03D {
   "result": {
      "type": "object",
      "value": {
         "status": 0,
         "value": "Top 10 Facts - Dark Souls"
      }
   }
}
[1779850086.937][INFO]: Waiting for pending navigations...
[1779850086.937][DEBUG]: DevTools WebSocket Command: Runtime.evaluate (id=297) 0EA677E6C4FBD9738A81F51BE053F03D {
   "expression": "1"
}
[1779850086.938][DEBUG]: DevTools WebSocket Response: Runtime.evaluate (id=297) 0EA677E6C4FBD9738A81F51BE053F03D {
   "result": {
      "description": "1",
      "type": "number",
      "value": 1
   }
}
[1779850086.938][INFO]: Done waiting for pending navigations. Status: ok
[1779850086.938][INFO]: [6d6a54ac6a81f45fc5bf60d2fceca1fa] RESPONSE GetElementText "Top 10 Facts - Dark Souls"
[1779850086.950][INFO]: [6d6a54ac6a81f45fc5bf60d2fceca1fa] COMMAND GetElementText {
   "id": "152e5e97-6cb8-4e76-bfaa-9cba5da04324"
}
[1779850086.950][INFO]: Waiting for pending navigations...
[1779850086.950][DEBUG]: DevTools WebSocket Command: Runtime.evaluate (id=298) 0EA677E6C4FBD9738A81F51BE053F03D {
   "expression": "1"
}
[1779850086.951][DEBUG]: DevTools WebSocket Response: Runtime.evaluate (id=298) 0EA677E6C4FBD9738A81F51BE053F03D {
   "result": {
      "description": "1",
      "type": "number",
      "value": 1
   }
}
[1779850086.951][INFO]: Done waiting for pending navigations. Status: ok
[1779850086.953][DEBUG]: DevTools WebSocket Command: Runtime.evaluate (id=299) 0EA677E6C4FBD9738A81F51BE053F03D {
   "awaitPromise": true,
   "expression": "(function() { // Copyright (c) 2012 The Chromium Authors. All rights reserved.\n// Use of this source code is governed by a BSD-style license that can be\n// found in the LICENSE file.\n\n/**\n * Enum f...",
   "returnByValue": true
}
[1779850086.959][DEBUG]: DevTools WebSocket Response: Runtime.evaluate (id=299) 0EA677E6C4FBD9738A81F51BE053F03D {
   "result": {
      "type": "object",
      "value": {
         "status": 0,
         "value": "Top 10 Facts - Money"
      }
   }
}
[1779850086.959][INFO]: Waiting for pending navigations...
[1779850086.959][DEBUG]: DevTools WebSocket Command: Runtime.evaluate (id=300) 0EA677E6C4FBD9738A81F51BE053F03D {
   "expression": "1"
}
[1779850086.960][DEBUG]: DevTools WebSocket Response: Runtime.evaluate (id=300) 0EA677E6C4FBD9738A81F51BE053F03D {
   "result": {
      "description": "1",
      "type": "number",
      "value": 1
   }
}
[1779850086.960][INFO]: Done waiting for pending navigations. Status: ok
[1779850086.960][INFO]: [6d6a54ac6a81f45fc5bf60d2fceca1fa] RESPONSE GetElementText "Top 10 Facts - Money"
[1779850086.973][INFO]: [6d6a54ac6a81f45fc5bf60d2fceca1fa] COMMAND GetElementText {
   "id": "16e643b7-7a94-461b-98e2-21a65be8be52"
}
[1779850086.973][INFO]: Waiting for pending navigations...
[1779850086.973][DEBUG]: DevTools WebSocket Command: Runtime.evaluate (id=301) 0EA677E6C4FBD9738A81F51BE053F03D {
   "expression": "1"
}
[1779850086.974][DEBUG]: DevTools WebSocket Response: Runtime.evaluate (id=301) 0EA677E6C4FBD9738A81F51BE053F03D {
   "result": {
      "description": "1",
      "type": "number",
      "value": 1
   }
}
[1779850086.974][INFO]: Done waiting for pending navigations. Status: ok
[1779850086.977][DEBUG]: DevTools WebSocket Command: Runtime.evaluate (id=302) 0EA677E6C4FBD9738A81F51BE053F03D {
   "awaitPromise": true,
   "expression": "(function() { // Copyright (c) 2012 The Chromium Authors. All rights reserved.\n// Use of this source code is governed by a BSD-style license that can be\n// found in the LICENSE file.\n\n/**\n * Enum f...",
   "returnByValue": true
}
[1779850086.981][DEBUG]: DevTools WebSocket Response: Runtime.evaluate (id=302) 0EA677E6C4FBD9738A81F51BE053F03D {
   "result": {
      "type": "object",
      "value": {
         "status": 0,
         "value": "Top 10 Facts - Counter-Strike"
      }
   }
}
[1779850086.981][INFO]: Waiting for pending navigations...
[1779850086.981][DEBUG]: DevTools WebSocket Command: Runtime.evaluate (id=303) 0EA677E6C4FBD9738A81F51BE053F03D {
   "expression": "1"
}
[1779850086.982][DEBUG]: DevTools WebSocket Response: Runtime.evaluate (id=303) 0EA677E6C4FBD9738A81F51BE053F03D {
   "result": {
      "description": "1",
      "type": "number",
      "value": 1
   }
}
[1779850086.982][INFO]: Done waiting for pending navigations. Status: ok
[1779850086.982][INFO]: [6d6a54ac6a81f45fc5bf60d2fceca1fa] RESPONSE GetElementText "Top 10 Facts - Counter-Strike"
[1779850086.994][INFO]: [6d6a54ac6a81f45fc5bf60d2fceca1fa] COMMAND GetElementText {
   "id": "bf91e398-4034-4754-931a-9e3058b6b8ad"
}
[1779850086.994][INFO]: Waiting for pending navigations...
[1779850086.994][DEBUG]: DevTools WebSocket Command: Runtime.evaluate (id=304) 0EA677E6C4FBD9738A81F51BE053F03D {
   "expression": "1"
}
[1779850086.995][DEBUG]: DevTools WebSocket Response: Runtime.evaluate (id=304) 0EA677E6C4FBD9738A81F51BE053F03D {
   "result": {
      "description": "1",
      "type": "number",
      "value": 1
   }
}
[1779850086.995][INFO]: Done waiting for pending navigations. Status: ok
[1779850086.997][DEBUG]: DevTools WebSocket Command: Runtime.evaluate (id=305) 0EA677E6C4FBD9738A81F51BE053F03D {
   "awaitPromise": true,
   "expression": "(function() { // Copyright (c) 2012 The Chromium Authors. All rights reserved.\n// Use of this source code is governed by a BSD-style license that can be\n// found in the LICENSE file.\n\n/**\n * Enum f...",
   "returnByValue": true
}
[1779850087.003][DEBUG]: DevTools WebSocket Response: Runtime.evaluate (id=305) 0EA677E6C4FBD9738A81F51BE053F03D {
   "result": {
      "type": "object",
      "value": {
         "status": 0,
         "value": "Top 10 Facts - Music"
      }
   }
}
[1779850087.003][INFO]: Waiting for pending navigations...
[1779850087.003][DEBUG]: DevTools WebSocket Command: Runtime.evaluate (id=306) 0EA677E6C4FBD9738A81F51BE053F03D {
   "expression": "1"
}
[1779850087.004][DEBUG]: DevTools WebSocket Response: Runtime.evaluate (id=306) 0EA677E6C4FBD9738A81F51BE053F03D {
   "result": {
      "description": "1",
      "type": "number",
      "value": 1
   }
}
[1779850087.004][INFO]: Done waiting for pending navigations. Status: ok
[1779850087.004][INFO]: [6d6a54ac6a81f45fc5bf60d2fceca1fa] RESPONSE GetElementText "Top 10 Facts - Music"
[1779850087.017][INFO]: [6d6a54ac6a81f45fc5bf60d2fceca1fa] COMMAND GetElementText {
   "id": "b74cf5e9-4a86-4980-8f07-cd27b5d8e9be"
}
[1779850087.017][INFO]: Waiting for pending navigations...
[1779850087.017][DEBUG]: DevTools WebSocket Command: Runtime.evaluate (id=307) 0EA677E6C4FBD9738A81F51BE053F03D {
   "expression": "1"
}
[1779850087.019][DEBUG]: DevTools WebSocket Response: Runtime.evaluate (id=307) 0EA677E6C4FBD9738A81F51BE053F03D {
   "result": {
      "description": "1",
      "type": "number",
      "value": 1
   }
}
[1779850087.019][INFO]: Done waiting for pending navigations. Status: ok
[1779850087.021][DEBUG]: DevTools WebSocket Command: Runtime.evaluate (id=308) 0EA677E6C4FBD9738A81F51BE053F03D {
   "awaitPromise": true,
   "expression": "(function() { // Copyright (c) 2012 The Chromium Authors. All rights reserved.\n// Use of this source code is governed by a BSD-style license that can be\n// found in the LICENSE file.\n\n/**\n * Enum f...",
   "returnByValue": true
}
[1779850087.025][DEBUG]: DevTools WebSocket Response: Runtime.evaluate (id=308) 0EA677E6C4FBD9738A81F51BE053F03D {
   "result": {
      "type": "object",
      "value": {
         "status": 0,
         "value": "Top 10 Facts - Space [Part 5]"
      }
   }
}
[1779850087.025][INFO]: Waiting for pending navigations...
[1779850087.025][DEBUG]: DevTools WebSocket Command: Runtime.evaluate (id=309) 0EA677E6C4FBD9738A81F51BE053F03D {
   "expression": "1"
}
[1779850087.026][DEBUG]: DevTools WebSocket Response: Runtime.evaluate (id=309) 0EA677E6C4FBD9738A81F51BE053F03D {
   "result": {
      "description": "1",
      "type": "number",
      "value": 1
   }
}
[1779850087.026][INFO]: Done waiting for pending navigations. Status: ok
[1779850087.026][INFO]: [6d6a54ac6a81f45fc5bf60d2fceca1fa] RESPONSE GetElementText "Top 10 Facts - Space [Part 5]"
[1779850087.037][INFO]: [6d6a54ac6a81f45fc5bf60d2fceca1fa] COMMAND GetElementText {
   "id": "95928873-960c-4a47-9e9a-ea4e59e85dbe"
}
[1779850087.037][INFO]: Waiting for pending navigations...
[1779850087.037][DEBUG]: DevTools WebSocket Command: Runtime.evaluate (id=310) 0EA677E6C4FBD9738A81F51BE053F03D {
   "expression": "1"
}
[1779850087.038][DEBUG]: DevTools WebSocket Response: Runtime.evaluate (id=310) 0EA677E6C4FBD9738A81F51BE053F03D {
   "result": {
      "description": "1",
      "type": "number",
      "value": 1
   }
}
[1779850087.039][INFO]: Done waiting for pending navigations. Status: ok
[1779850087.042][DEBUG]: DevTools WebSocket Command: Runtime.evaluate (id=311) 0EA677E6C4FBD9738A81F51BE053F03D {
   "awaitPromise": true,
   "expression": "(function() { // Copyright (c) 2012 The Chromium Authors. All rights reserved.\n// Use of this source code is governed by a BSD-style license that can be\n// found in the LICENSE file.\n\n/**\n * Enum f...",
   "returnByValue": true
}
[1779850087.046][DEBUG]: DevTools WebSocket Response: Runtime.evaluate (id=311) 0EA677E6C4FBD9738A81F51BE053F03D {
   "result": {
      "type": "object",
      "value": {
         "status": 0,
         "value": "Top 10 Facts - Space [Part 4]"
      }
   }
}
[1779850087.046][INFO]: Waiting for pending navigations...
[1779850087.046][DEBUG]: DevTools WebSocket Command: Runtime.evaluate (id=312) 0EA677E6C4FBD9738A81F51BE053F03D {
   "expression": "1"
}
[1779850087.046][DEBUG]: DevTools WebSocket Response: Runtime.evaluate (id=312) 0EA677E6C4FBD9738A81F51BE053F03D {
   "result": {
      "description": "1",
      "type": "number",
      "value": 1
   }
}
[1779850087.046][INFO]: Done waiting for pending navigations. Status: ok
[1779850087.046][INFO]: [6d6a54ac6a81f45fc5bf60d2fceca1fa] RESPONSE GetElementText "Top 10 Facts - Space [Part 4]"
[1779850087.058][INFO]: [6d6a54ac6a81f45fc5bf60d2fceca1fa] COMMAND GetElementText {
   "id": "0e618f22-37e3-42cd-87df-25dc041fe03a"
}
[1779850087.058][INFO]: Waiting for pending navigations...
[1779850087.058][DEBUG]: DevTools WebSocket Command: Runtime.evaluate (id=313) 0EA677E6C4FBD9738A81F51BE053F03D {
   "expression": "1"
}
[1779850087.059][DEBUG]: DevTools WebSocket Response: Runtime.evaluate (id=313) 0EA677E6C4FBD9738A81F51BE053F03D {
   "result": {
      "description": "1",
      "type": "number",
      "value": 1
   }
}
[1779850087.059][INFO]: Done waiting for pending navigations. Status: ok
[1779850087.061][DEBUG]: DevTools WebSocket Command: Runtime.evaluate (id=314) 0EA677E6C4FBD9738A81F51BE053F03D {
   "awaitPromise": true,
   "expression": "(function() { // Copyright (c) 2012 The Chromium Authors. All rights reserved.\n// Use of this source code is governed by a BSD-style license that can be\n// found in the LICENSE file.\n\n/**\n * Enum f...",
   "returnByValue": true
}
[1779850087.066][DEBUG]: DevTools WebSocket Response: Runtime.evaluate (id=314) 0EA677E6C4FBD9738A81F51BE053F03D {
   "result": {
      "type": "object",
      "value": {
         "status": 0,
         "value": "Top 10 Facts - The Legend of Zelda"
      }
   }
}
[1779850087.066][INFO]: Waiting for pending navigations...
[1779850087.066][DEBUG]: DevTools WebSocket Command: Runtime.evaluate (id=315) 0EA677E6C4FBD9738A81F51BE053F03D {
   "expression": "1"
}
[1779850087.066][DEBUG]: DevTools WebSocket Response: Runtime.evaluate (id=315) 0EA677E6C4FBD9738A81F51BE053F03D {
   "result": {
      "description": "1",
      "type": "number",
      "value": 1
   }
}
[1779850087.066][INFO]: Done waiting for pending navigations. Status: ok
[1779850087.066][INFO]: [6d6a54ac6a81f45fc5bf60d2fceca1fa] RESPONSE GetElementText "Top 10 Facts - The Legend of Zelda"
[1779850087.078][INFO]: [6d6a54ac6a81f45fc5bf60d2fceca1fa] COMMAND GetElementText {
   "id": "9ffc03b9-c8a7-4d27-b2cb-103f2fb7bf44"
}
[1779850087.078][INFO]: Waiting for pending navigations...
[1779850087.078][DEBUG]: DevTools WebSocket Command: Runtime.evaluate (id=316) 0EA677E6C4FBD9738A81F51BE053F03D {
   "expression": "1"
}
[1779850087.082][DEBUG]: DevTools WebSocket Response: Runtime.evaluate (id=316) 0EA677E6C4FBD9738A81F51BE053F03D {
   "result": {
      "description": "1",
      "type": "number",
      "value": 1
   }
}
[1779850087.082][INFO]: Done waiting for pending navigations. Status: ok
[1779850087.084][DEBUG]: DevTools WebSocket Command: Runtime.evaluate (id=317) 0EA677E6C4FBD9738A81F51BE053F03D {
   "awaitPromise": true,
   "expression": "(function() { // Copyright (c) 2012 The Chromium Authors. All rights reserved.\n// Use of this source code is governed by a BSD-style license that can be\n// found in the LICENSE file.\n\n/**\n * Enum f...",
   "returnByValue": true
}
[1779850087.088][DEBUG]: DevTools WebSocket Response: Runtime.evaluate (id=317) 0EA677E6C4FBD9738A81F51BE053F03D {
   "result": {
      "type": "object",
      "value": {
         "status": 0,
         "value": "Top 10 Facts - Half-Life"
      }
   }
}
[1779850087.088][INFO]: Waiting for pending navigations...
[1779850087.088][DEBUG]: DevTools WebSocket Command: Runtime.evaluate (id=318) 0EA677E6C4FBD9738A81F51BE053F03D {
   "expression": "1"
}
[1779850087.089][DEBUG]: DevTools WebSocket Response: Runtime.evaluate (id=318) 0EA677E6C4FBD9738A81F51BE053F03D {
   "result": {
      "description": "1",
      "type": "number",
      "value": 1
   }
}
[1779850087.089][INFO]: Done waiting for pending navigations. Status: ok
[1779850087.089][INFO]: [6d6a54ac6a81f45fc5bf60d2fceca1fa] RESPONSE GetElementText "Top 10 Facts - Half-Life"
[1779850087.100][INFO]: [6d6a54ac6a81f45fc5bf60d2fceca1fa] COMMAND GetElementText {
   "id": "f92cec3d-c7cc-4407-992f-755afffdde18"
}
[1779850087.100][INFO]: Waiting for pending navigations...
[1779850087.100][DEBUG]: DevTools WebSocket Command: Runtime.evaluate (id=319) 0EA677E6C4FBD9738A81F51BE053F03D {
   "expression": "1"
}
[1779850087.103][DEBUG]: DevTools WebSocket Response: Runtime.evaluate (id=319) 0EA677E6C4FBD9738A81F51BE053F03D {
   "result": {
      "description": "1",
      "type": "number",
      "value": 1
   }
}
[1779850087.103][INFO]: Done waiting for pending navigations. Status: ok
[1779850087.105][DEBUG]: DevTools WebSocket Command: Runtime.evaluate (id=320) 0EA677E6C4FBD9738A81F51BE053F03D {
   "awaitPromise": true,
   "expression": "(function() { // Copyright (c) 2012 The Chromium Authors. All rights reserved.\n// Use of this source code is governed by a BSD-style license that can be\n// found in the LICENSE file.\n\n/**\n * Enum f...",
   "returnByValue": true
}
[1779850087.110][DEBUG]: DevTools WebSocket Response: Runtime.evaluate (id=320) 0EA677E6C4FBD9738A81F51BE053F03D {
   "result": {
      "type": "object",
      "value": {
         "status": 0,
         "value": "The Legend of the Bermuda Triangle"
      }
   }
}
[1779850087.110][INFO]: Waiting for pending navigations...
[1779850087.110][DEBUG]: DevTools WebSocket Command: Runtime.evaluate (id=321) 0EA677E6C4FBD9738A81F51BE053F03D {
   "expression": "1"
}
[1779850087.111][DEBUG]: DevTools WebSocket Response: Runtime.evaluate (id=321) 0EA677E6C4FBD9738A81F51BE053F03D {
   "result": {
      "description": "1",
      "type": "number",
      "value": 1
   }
}
[1779850087.111][INFO]: Done waiting for pending navigations. Status: ok
[1779850087.111][INFO]: [6d6a54ac6a81f45fc5bf60d2fceca1fa] RESPONSE GetElementText "The Legend of the Bermuda Triangle"
[1779850087.123][INFO]: [6d6a54ac6a81f45fc5bf60d2fceca1fa] COMMAND GetElementText {
   "id": "3f220967-e7fc-4a84-9057-4c46cf79ae8d"
}
[1779850087.123][INFO]: Waiting for pending navigations...
[1779850087.123][DEBUG]: DevTools WebSocket Command: Runtime.evaluate (id=322) 0EA677E6C4FBD9738A81F51BE053F03D {
   "expression": "1"
}
[1779850087.124][DEBUG]: DevTools WebSocket Response: Runtime.evaluate (id=322) 0EA677E6C4FBD9738A81F51BE053F03D {
   "result": {
      "description": "1",
      "type": "number",
      "value": 1
   }
}
[1779850087.124][INFO]: Done waiting for pending navigations. Status: ok
[1779850087.126][DEBUG]: DevTools WebSocket Command: Runtime.evaluate (id=323) 0EA677E6C4FBD9738A81F51BE053F03D {
   "awaitPromise": true,
   "expression": "(function() { // Copyright (c) 2012 The Chromium Authors. All rights reserved.\n// Use of this source code is governed by a BSD-style license that can be\n// found in the LICENSE file.\n\n/**\n * Enum f...",
   "returnByValue": true
}
[1779850087.130][DEBUG]: DevTools WebSocket Response: Runtime.evaluate (id=323) 0EA677E6C4FBD9738A81F51BE053F03D {
   "result": {
      "type": "object",
      "value": {
         "status": 0,
         "value": "The Vanishing of Flight 370"
      }
   }
}
[1779850087.130][INFO]: Waiting for pending navigations...
[1779850087.130][DEBUG]: DevTools WebSocket Command: Runtime.evaluate (id=324) 0EA677E6C4FBD9738A81F51BE053F03D {
   "expression": "1"
}
[1779850087.131][DEBUG]: DevTools WebSocket Response: Runtime.evaluate (id=324) 0EA677E6C4FBD9738A81F51BE053F03D {
   "result": {
      "description": "1",
      "type": "number",
      "value": 1
   }
}
[1779850087.131][INFO]: Done waiting for pending navigations. Status: ok
[1779850087.131][INFO]: [6d6a54ac6a81f45fc5bf60d2fceca1fa] RESPONSE GetElementText "The Vanishing of Flight 370"
[1779850087.143][INFO]: [6d6a54ac6a81f45fc5bf60d2fceca1fa] COMMAND GetElementText {
   "id": "6273a458-f202-41b9-b883-add4ece8ee78"
}
[1779850087.143][INFO]: Waiting for pending navigations...
[1779850087.143][DEBUG]: DevTools WebSocket Command: Runtime.evaluate (id=325) 0EA677E6C4FBD9738A81F51BE053F03D {
   "expression": "1"
}
[1779850087.144][DEBUG]: DevTools WebSocket Response: Runtime.evaluate (id=325) 0EA677E6C4FBD9738A81F51BE053F03D {
   "result": {
      "description": "1",
      "type": "number",
      "value": 1
   }
}
[1779850087.144][INFO]: Done waiting for pending navigations. Status: ok
[1779850087.146][DEBUG]: DevTools WebSocket Command: Runtime.evaluate (id=326) 0EA677E6C4FBD9738A81F51BE053F03D {
   "awaitPromise": true,
   "expression": "(function() { // Copyright (c) 2012 The Chromium Authors. All rights reserved.\n// Use of this source code is governed by a BSD-style license that can be\n// found in the LICENSE file.\n\n/**\n * Enum f...",
   "returnByValue": true
}
[1779850087.149][DEBUG]: DevTools WebSocket Response: Runtime.evaluate (id=326) 0EA677E6C4FBD9738A81F51BE053F03D {
   "result": {
      "type": "object",
      "value": {
         "status": 0,
         "value": "Top 10 Facts - Undertale"
      }
   }
}
[1779850087.149][INFO]: Waiting for pending navigations...
[1779850087.149][DEBUG]: DevTools WebSocket Command: Runtime.evaluate (id=327) 0EA677E6C4FBD9738A81F51BE053F03D {
   "expression": "1"
}
[1779850087.150][DEBUG]: DevTools WebSocket Response: Runtime.evaluate (id=327) 0EA677E6C4FBD9738A81F51BE053F03D {
   "result": {
      "description": "1",
      "type": "number",
      "value": 1
   }
}
[1779850087.150][INFO]: Done waiting for pending navigations. Status: ok
[1779850087.150][INFO]: [6d6a54ac6a81f45fc5bf60d2fceca1fa] RESPONSE GetElementText "Top 10 Facts - Undertale"
[1779850087.167][INFO]: [6d6a54ac6a81f45fc5bf60d2fceca1fa] COMMAND GetElementText {
   "id": "d2898210-234e-453e-a574-686ad81cd702"
}
[1779850087.167][INFO]: Waiting for pending navigations...
[1779850087.167][DEBUG]: DevTools WebSocket Command: Runtime.evaluate (id=328) 0EA677E6C4FBD9738A81F51BE053F03D {
   "expression": "1"
}
[1779850087.168][DEBUG]: DevTools WebSocket Response: Runtime.evaluate (id=328) 0EA677E6C4FBD9738A81F51BE053F03D {
   "result": {
      "description": "1",
      "type": "number",
      "value": 1
   }
}
[1779850087.168][INFO]: Done waiting for pending navigations. Status: ok
[1779850087.171][DEBUG]: DevTools WebSocket Command: Runtime.evaluate (id=329) 0EA677E6C4FBD9738A81F51BE053F03D {
   "awaitPromise": true,
   "expression": "(function() { // Copyright (c) 2012 The Chromium Authors. All rights reserved.\n// Use of this source code is governed by a BSD-style license that can be\n// found in the LICENSE file.\n\n/**\n * Enum f...",
   "returnByValue": true
}
[1779850087.175][DEBUG]: DevTools WebSocket Response: Runtime.evaluate (id=329) 0EA677E6C4FBD9738A81F51BE053F03D {
   "result": {
      "type": "object",
      "value": {
         "status": 0,
         "value": "The Great Silence"
      }
   }
}
[1779850087.175][INFO]: Waiting for pending navigations...
[1779850087.175][DEBUG]: DevTools WebSocket Command: Runtime.evaluate (id=330) 0EA677E6C4FBD9738A81F51BE053F03D {
   "expression": "1"
}
[1779850087.176][DEBUG]: DevTools WebSocket Response: Runtime.evaluate (id=330) 0EA677E6C4FBD9738A81F51BE053F03D {
   "result": {
      "description": "1",
      "type": "number",
      "value": 1
   }
}
[1779850087.176][INFO]: Done waiting for pending navigations. Status: ok
[1779850087.176][INFO]: [6d6a54ac6a81f45fc5bf60d2fceca1fa] RESPONSE GetElementText "The Great Silence"
[1779850087.198][INFO]: [6d6a54ac6a81f45fc5bf60d2fceca1fa] COMMAND GetElementText {
   "id": "fd25956f-fa07-45fe-989a-007a3d82fff3"
}
[1779850087.198][INFO]: Waiting for pending navigations...
[1779850087.198][DEBUG]: DevTools WebSocket Command: Runtime.evaluate (id=331) 0EA677E6C4FBD9738A81F51BE053F03D {
   "expression": "1"
}
[1779850087.198][DEBUG]: DevTools WebSocket Response: Runtime.evaluate (id=331) 0EA677E6C4FBD9738A81F51BE053F03D {
   "result": {
      "description": "1",
      "type": "number",
      "value": 1
   }
}
[1779850087.198][INFO]: Done waiting for pending navigations. Status: ok
[1779850087.201][DEBUG]: DevTools WebSocket Command: Runtime.evaluate (id=332) 0EA677E6C4FBD9738A81F51BE053F03D {
   "awaitPromise": true,
   "expression": "(function() { // Copyright (c) 2012 The Chromium Authors. All rights reserved.\n// Use of this source code is governed by a BSD-style license that can be\n// found in the LICENSE file.\n\n/**\n * Enum f...",
   "returnByValue": true
}
[1779850087.206][DEBUG]: DevTools WebSocket Response: Runtime.evaluate (id=332) 0EA677E6C4FBD9738A81F51BE053F03D {
   "result": {
      "type": "object",
      "value": {
         "status": 0,
         "value": "Top 10 Facts - Reddit"
      }
   }
}
[1779850087.206][INFO]: Waiting for pending navigations...
[1779850087.206][DEBUG]: DevTools WebSocket Command: Runtime.evaluate (id=333) 0EA677E6C4FBD9738A81F51BE053F03D {
   "expression": "1"
}
[1779850087.206][DEBUG]: DevTools WebSocket Response: Runtime.evaluate (id=333) 0EA677E6C4FBD9738A81F51BE053F03D {
   "result": {
      "description": "1",
      "type": "number",
      "value": 1
   }
}
[1779850087.206][INFO]: Done waiting for pending navigations. Status: ok
[1779850087.206][INFO]: [6d6a54ac6a81f45fc5bf60d2fceca1fa] RESPONSE GetElementText "Top 10 Facts - Reddit"
[1779850087.219][INFO]: [6d6a54ac6a81f45fc5bf60d2fceca1fa] COMMAND GetElementText {
   "id": "bd52d731-9d80-4586-b36d-54b00e8ee32b"
}
[1779850087.219][INFO]: Waiting for pending navigations...
[1779850087.220][DEBUG]: DevTools WebSocket Command: Runtime.evaluate (id=334) 0EA677E6C4FBD9738A81F51BE053F03D {
   "expression": "1"
}
[1779850087.221][DEBUG]: DevTools WebSocket Response: Runtime.evaluate (id=334) 0EA677E6C4FBD9738A81F51BE053F03D {
   "result": {
      "description": "1",
      "type": "number",
      "value": 1
   }
}
[1779850087.221][INFO]: Done waiting for pending navigations. Status: ok
[1779850087.223][DEBUG]: DevTools WebSocket Command: Runtime.evaluate (id=335) 0EA677E6C4FBD9738A81F51BE053F03D {
   "awaitPromise": true,
   "expression": "(function() { // Copyright (c) 2012 The Chromium Authors. All rights reserved.\n// Use of this source code is governed by a BSD-style license that can be\n// found in the LICENSE file.\n\n/**\n * Enum f...",
   "returnByValue": true
}
[1779850087.228][DEBUG]: DevTools WebSocket Response: Runtime.evaluate (id=335) 0EA677E6C4FBD9738A81F51BE053F03D {
   "result": {
      "type": "object",
      "value": {
         "status": 0,
         "value": "Top 10 Facts - Death"
      }
   }
}
[1779850087.228][INFO]: Waiting for pending navigations...
[1779850087.228][DEBUG]: DevTools WebSocket Command: Runtime.evaluate (id=336) 0EA677E6C4FBD9738A81F51BE053F03D {
   "expression": "1"
}
[1779850087.229][DEBUG]: DevTools WebSocket Response: Runtime.evaluate (id=336) 0EA677E6C4FBD9738A81F51BE053F03D {
   "result": {
      "description": "1",
      "type": "number",
      "value": 1
   }
}
[1779850087.229][INFO]: Done waiting for pending navigations. Status: ok
[1779850087.229][INFO]: [6d6a54ac6a81f45fc5bf60d2fceca1fa] RESPONSE GetElementText "Top 10 Facts - Death"
[1779850087.245][INFO]: [6d6a54ac6a81f45fc5bf60d2fceca1fa] COMMAND GetElementText {
   "id": "928a02c9-82f0-403d-bcc3-58ad605647b6"
}
[1779850087.245][INFO]: Waiting for pending navigations...
[1779850087.245][DEBUG]: DevTools WebSocket Command: Runtime.evaluate (id=337) 0EA677E6C4FBD9738A81F51BE053F03D {
   "expression": "1"
}
[1779850087.246][DEBUG]: DevTools WebSocket Response: Runtime.evaluate (id=337) 0EA677E6C4FBD9738A81F51BE053F03D {
   "result": {
      "description": "1",
      "type": "number",
      "value": 1
   }
}
[1779850087.246][INFO]: Done waiting for pending navigations. Status: ok
[1779850087.248][DEBUG]: DevTools WebSocket Command: Runtime.evaluate (id=338) 0EA677E6C4FBD9738A81F51BE053F03D {
   "awaitPromise": true,
   "expression": "(function() { // Copyright (c) 2012 The Chromium Authors. All rights reserved.\n// Use of this source code is governed by a BSD-style license that can be\n// found in the LICENSE file.\n\n/**\n * Enum f...",
   "returnByValue": true
}
[1779850087.252][DEBUG]: DevTools WebSocket Response: Runtime.evaluate (id=338) 0EA677E6C4FBD9738A81F51BE053F03D {
   "result": {
      "type": "object",
      "value": {
         "status": 0,
         "value": "Top 10 Facts - The Elder Scrolls"
      }
   }
}
[1779850087.252][INFO]: Waiting for pending navigations...
[1779850087.253][DEBUG]: DevTools WebSocket Command: Runtime.evaluate (id=339) 0EA677E6C4FBD9738A81F51BE053F03D {
   "expression": "1"
}
[1779850087.253][DEBUG]: DevTools WebSocket Response: Runtime.evaluate (id=339) 0EA677E6C4FBD9738A81F51BE053F03D {
   "result": {
      "description": "1",
      "type": "number",
      "value": 1
   }
}
[1779850087.253][INFO]: Done waiting for pending navigations. Status: ok
[1779850087.253][INFO]: [6d6a54ac6a81f45fc5bf60d2fceca1fa] RESPONSE GetElementText "Top 10 Facts - The Elder Scrolls"
[1779850087.267][INFO]: [6d6a54ac6a81f45fc5bf60d2fceca1fa] COMMAND GetElementText {
   "id": "54bb6977-4fa8-4da7-b636-f8f9243a4f12"
}
[1779850087.267][INFO]: Waiting for pending navigations...
[1779850087.267][DEBUG]: DevTools WebSocket Command: Runtime.evaluate (id=340) 0EA677E6C4FBD9738A81F51BE053F03D {
   "expression": "1"
}
[1779850087.267][DEBUG]: DevTools WebSocket Response: Runtime.evaluate (id=340) 0EA677E6C4FBD9738A81F51BE053F03D {
   "result": {
      "description": "1",
      "type": "number",
      "value": 1
   }
}
[1779850087.267][INFO]: Done waiting for pending navigations. Status: ok
[1779850087.270][DEBUG]: DevTools WebSocket Command: Runtime.evaluate (id=341) 0EA677E6C4FBD9738A81F51BE053F03D {
   "awaitPromise": true,
   "expression": "(function() { // Copyright (c) 2012 The Chromium Authors. All rights reserved.\n// Use of this source code is governed by a BSD-style license that can be\n// found in the LICENSE file.\n\n/**\n * Enum f...",
   "returnByValue": true
}
[1779850087.274][DEBUG]: DevTools WebSocket Response: Runtime.evaluate (id=341) 0EA677E6C4FBD9738A81F51BE053F03D {
   "result": {
      "type": "object",
      "value": {
         "status": 0,
         "value": "Top 10 Facts - 2016"
      }
   }
}
[1779850087.274][INFO]: Waiting for pending navigations...
[1779850087.274][DEBUG]: DevTools WebSocket Command: Runtime.evaluate (id=342) 0EA677E6C4FBD9738A81F51BE053F03D {
   "expression": "1"
}
[1779850087.275][DEBUG]: DevTools WebSocket Response: Runtime.evaluate (id=342) 0EA677E6C4FBD9738A81F51BE053F03D {
   "result": {
      "description": "1",
      "type": "number",
      "value": 1
   }
}
[1779850087.275][INFO]: Done waiting for pending navigations. Status: ok
[1779850087.275][INFO]: [6d6a54ac6a81f45fc5bf60d2fceca1fa] RESPONSE GetElementText "Top 10 Facts - 2016"
[1779850087.287][INFO]: [6d6a54ac6a81f45fc5bf60d2fceca1fa] COMMAND GetElementText {
   "id": "84d72b78-e247-440b-95a4-5f358db4bdbd"
}
[1779850087.287][INFO]: Waiting for pending navigations...
[1779850087.287][DEBUG]: DevTools WebSocket Command: Runtime.evaluate (id=343) 0EA677E6C4FBD9738A81F51BE053F03D {
   "expression": "1"
}
[1779850087.288][DEBUG]: DevTools WebSocket Response: Runtime.evaluate (id=343) 0EA677E6C4FBD9738A81F51BE053F03D {
   "result": {
      "description": "1",
      "type": "number",
      "value": 1
   }
}
[1779850087.288][INFO]: Done waiting for pending navigations. Status: ok
[1779850087.291][DEBUG]: DevTools WebSocket Command: Runtime.evaluate (id=344) 0EA677E6C4FBD9738A81F51BE053F03D {
   "awaitPromise": true,
   "expression": "(function() { // Copyright (c) 2012 The Chromium Authors. All rights reserved.\n// Use of this source code is governed by a BSD-style license that can be\n// found in the LICENSE file.\n\n/**\n * Enum f...",
   "returnByValue": true
}
[1779850087.295][DEBUG]: DevTools WebSocket Response: Runtime.evaluate (id=344) 0EA677E6C4FBD9738A81F51BE053F03D {
   "result": {
      "type": "object",
      "value": {
         "status": 0,
         "value": "Top 10 Facts - 2017"
      }
   }
}
[1779850087.295][INFO]: Waiting for pending navigations...
[1779850087.295][DEBUG]: DevTools WebSocket Command: Runtime.evaluate (id=345) 0EA677E6C4FBD9738A81F51BE053F03D {
   "expression": "1"
}
[1779850087.295][DEBUG]: DevTools WebSocket Response: Runtime.evaluate (id=345) 0EA677E6C4FBD9738A81F51BE053F03D {
   "result": {
      "description": "1",
      "type": "number",
      "value": 1
   }
}
[1779850087.295][INFO]: Done waiting for pending navigations. Status: ok
[1779850087.295][INFO]: [6d6a54ac6a81f45fc5bf60d2fceca1fa] RESPONSE GetElementText "Top 10 Facts - 2017"
[1779850087.308][INFO]: [6d6a54ac6a81f45fc5bf60d2fceca1fa] COMMAND GetElementText {
   "id": "34e5988c-8763-43ff-82d7-69ea7b6c3683"
}
[1779850087.308][INFO]: Waiting for pending navigations...
[1779850087.308][DEBUG]: DevTools WebSocket Command: Runtime.evaluate (id=346) 0EA677E6C4FBD9738A81F51BE053F03D {
   "expression": "1"
}
[1779850087.309][DEBUG]: DevTools WebSocket Response: Runtime.evaluate (id=346) 0EA677E6C4FBD9738A81F51BE053F03D {
   "result": {
      "description": "1",
      "type": "number",
      "value": 1
   }
}
[1779850087.309][INFO]: Done waiting for pending navigations. Status: ok
[1779850087.311][DEBUG]: DevTools WebSocket Command: Runtime.evaluate (id=347) 0EA677E6C4FBD9738A81F51BE053F03D {
   "awaitPromise": true,
   "expression": "(function() { // Copyright (c) 2012 The Chromium Authors. All rights reserved.\n// Use of this source code is governed by a BSD-style license that can be\n// found in the LICENSE file.\n\n/**\n * Enum f...",
   "returnByValue": true
}
[1779850087.315][DEBUG]: DevTools WebSocket Response: Runtime.evaluate (id=347) 0EA677E6C4FBD9738A81F51BE053F03D {
   "result": {
      "type": "object",
      "value": {
         "status": 0,
         "value": "The Mandela Effect: A Critical Analysis"
      }
   }
}
[1779850087.315][INFO]: Waiting for pending navigations...
[1779850087.315][DEBUG]: DevTools WebSocket Command: Runtime.evaluate (id=348) 0EA677E6C4FBD9738A81F51BE053F03D {
   "expression": "1"
}
[1779850087.316][DEBUG]: DevTools WebSocket Response: Runtime.evaluate (id=348) 0EA677E6C4FBD9738A81F51BE053F03D {
   "result": {
      "description": "1",
      "type": "number",
      "value": 1
   }
}
[1779850087.316][INFO]: Done waiting for pending navigations. Status: ok
[1779850087.316][INFO]: [6d6a54ac6a81f45fc5bf60d2fceca1fa] RESPONSE GetElementText "The Mandela Effect: A Critical Analysis"
[1779850087.331][INFO]: [6d6a54ac6a81f45fc5bf60d2fceca1fa] COMMAND GetElementText {
   "id": "90297242-3feb-4476-92cf-77acdde5bd86"
}
[1779850087.331][INFO]: Waiting for pending navigations...
[1779850087.331][DEBUG]: DevTools WebSocket Command: Runtime.evaluate (id=349) 0EA677E6C4FBD9738A81F51BE053F03D {
   "expression": "1"
}
[1779850087.332][DEBUG]: DevTools WebSocket Response: Runtime.evaluate (id=349) 0EA677E6C4FBD9738A81F51BE053F03D {
   "result": {
      "description": "1",
      "type": "number",
      "value": 1
   }
}
[1779850087.332][INFO]: Done waiting for pending navigations. Status: ok
[1779850087.334][DEBUG]: DevTools WebSocket Command: Runtime.evaluate (id=350) 0EA677E6C4FBD9738A81F51BE053F03D {
   "awaitPromise": true,
   "expression": "(function() { // Copyright (c) 2012 The Chromium Authors. All rights reserved.\n// Use of this source code is governed by a BSD-style license that can be\n// found in the LICENSE file.\n\n/**\n * Enum f...",
   "returnByValue": true
}
[1779850087.338][DEBUG]: DevTools WebSocket Response: Runtime.evaluate (id=350) 0EA677E6C4FBD9738A81F51BE053F03D {
   "result": {
      "type": "object",
      "value": {
         "status": 0,
         "value": "The Universal S"
      }
   }
}
[1779850087.339][INFO]: Waiting for pending navigations...
[1779850087.339][DEBUG]: DevTools WebSocket Command: Runtime.evaluate (id=351) 0EA677E6C4FBD9738A81F51BE053F03D {
   "expression": "1"
}
[1779850087.339][DEBUG]: DevTools WebSocket Response: Runtime.evaluate (id=351) 0EA677E6C4FBD9738A81F51BE053F03D {
   "result": {
      "description": "1",
      "type": "number",
      "value": 1
   }
}
[1779850087.339][INFO]: Done waiting for pending navigations. Status: ok
[1779850087.339][INFO]: [6d6a54ac6a81f45fc5bf60d2fceca1fa] RESPONSE GetElementText "The Universal S"
[1779850087.356][INFO]: [6d6a54ac6a81f45fc5bf60d2fceca1fa] COMMAND GetElementText {
   "id": "9a928871-a6bc-4002-a579-be7472b02413"
}
[1779850087.356][INFO]: Waiting for pending navigations...
[1779850087.356][DEBUG]: DevTools WebSocket Command: Runtime.evaluate (id=352) 0EA677E6C4FBD9738A81F51BE053F03D {
   "expression": "1"
}
[1779850087.356][DEBUG]: DevTools WebSocket Response: Runtime.evaluate (id=352) 0EA677E6C4FBD9738A81F51BE053F03D {
   "result": {
      "description": "1",
      "type": "number",
      "value": 1
   }
}
[1779850087.357][INFO]: Done waiting for pending navigations. Status: ok
[1779850087.359][DEBUG]: DevTools WebSocket Command: Runtime.evaluate (id=353) 0EA677E6C4FBD9738A81F51BE053F03D {
   "awaitPromise": true,
   "expression": "(function() { // Copyright (c) 2012 The Chromium Authors. All rights reserved.\n// Use of this source code is governed by a BSD-style license that can be\n// found in the LICENSE file.\n\n/**\n * Enum f...",
   "returnByValue": true
}
[1779850087.364][DEBUG]: DevTools WebSocket Response: Runtime.evaluate (id=353) 0EA677E6C4FBD9738A81F51BE053F03D {
   "result": {
      "type": "object",
      "value": {
         "status": 0,
         "value": "3,000,000 - Q&A"
      }
   }
}
[1779850087.364][INFO]: Waiting for pending navigations...
[1779850087.364][DEBUG]: DevTools WebSocket Command: Runtime.evaluate (id=354) 0EA677E6C4FBD9738A81F51BE053F03D {
   "expression": "1"
}
[1779850087.364][DEBUG]: DevTools WebSocket Response: Runtime.evaluate (id=354) 0EA677E6C4FBD9738A81F51BE053F03D {
   "result": {
      "description": "1",
      "type": "number",
      "value": 1
   }
}
[1779850087.364][INFO]: Done waiting for pending navigations. Status: ok
[1779850087.364][INFO]: [6d6a54ac6a81f45fc5bf60d2fceca1fa] RESPONSE GetElementText "3,000,000 - Q&A"
[1779850087.383][INFO]: [6d6a54ac6a81f45fc5bf60d2fceca1fa] COMMAND GetElementText {
   "id": "52680c6c-4c8a-4ab2-ba94-cd8d20fa8263"
}
[1779850087.383][INFO]: Waiting for pending navigations...
[1779850087.383][DEBUG]: DevTools WebSocket Command: Runtime.evaluate (id=355) 0EA677E6C4FBD9738A81F51BE053F03D {
   "expression": "1"
}
[1779850087.384][DEBUG]: DevTools WebSocket Response: Runtime.evaluate (id=355) 0EA677E6C4FBD9738A81F51BE053F03D {
   "result": {
      "description": "1",
      "type": "number",
      "value": 1
   }
}
[1779850087.384][INFO]: Done waiting for pending navigations. Status: ok
[1779850087.386][DEBUG]: DevTools WebSocket Command: Runtime.evaluate (id=356) 0EA677E6C4FBD9738A81F51BE053F03D {
   "awaitPromise": true,
   "expression": "(function() { // Copyright (c) 2012 The Chromium Authors. All rights reserved.\n// Use of this source code is governed by a BSD-style license that can be\n// found in the LICENSE file.\n\n/**\n * Enum f...",
   "returnByValue": true
}
[1779850087.390][DEBUG]: DevTools WebSocket Response: Runtime.evaluate (id=356) 0EA677E6C4FBD9738A81F51BE053F03D {
   "result": {
      "type": "object",
      "value": {
         "status": 0,
         "value": "Top 10 Facts - Space [Part 8]"
      }
   }
}
[1779850087.390][INFO]: Waiting for pending navigations...
[1779850087.390][DEBUG]: DevTools WebSocket Command: Runtime.evaluate (id=357) 0EA677E6C4FBD9738A81F51BE053F03D {
   "expression": "1"
}
[1779850087.391][DEBUG]: DevTools WebSocket Response: Runtime.evaluate (id=357) 0EA677E6C4FBD9738A81F51BE053F03D {
   "result": {
      "description": "1",
      "type": "number",
      "value": 1
   }
}
[1779850087.391][INFO]: Done waiting for pending navigations. Status: ok
[1779850087.391][INFO]: [6d6a54ac6a81f45fc5bf60d2fceca1fa] RESPONSE GetElementText "Top 10 Facts - Space [Part 8]"
[1779850087.412][INFO]: [6d6a54ac6a81f45fc5bf60d2fceca1fa] COMMAND GetElementText {
   "id": "e23eae75-467c-4978-a338-80fb311ed3ce"
}
[1779850087.412][INFO]: Waiting for pending navigations...
[1779850087.412][DEBUG]: DevTools WebSocket Command: Runtime.evaluate (id=358) 0EA677E6C4FBD9738A81F51BE053F03D {
   "expression": "1"
}
[1779850087.413][DEBUG]: DevTools WebSocket Response: Runtime.evaluate (id=358) 0EA677E6C4FBD9738A81F51BE053F03D {
   "result": {
      "description": "1",
      "type": "number",
      "value": 1
   }
}
[1779850087.413][INFO]: Done waiting for pending navigations. Status: ok
[1779850087.417][DEBUG]: DevTools WebSocket Command: Runtime.evaluate (id=359) 0EA677E6C4FBD9738A81F51BE053F03D {
   "awaitPromise": true,
   "expression": "(function() { // Copyright (c) 2012 The Chromium Authors. All rights reserved.\n// Use of this source code is governed by a BSD-style license that can be\n// found in the LICENSE file.\n\n/**\n * Enum f...",
   "returnByValue": true
}
[1779850087.423][DEBUG]: DevTools WebSocket Response: Runtime.evaluate (id=359) 0EA677E6C4FBD9738A81F51BE053F03D {
   "result": {
      "type": "object",
      "value": {
         "status": 0,
         "value": "abcd"
      }
   }
}
[1779850087.423][INFO]: Waiting for pending navigations...
[1779850087.423][DEBUG]: DevTools WebSocket Command: Runtime.evaluate (id=360) 0EA677E6C4FBD9738A81F51BE053F03D {
   "expression": "1"
}
[1779850087.424][DEBUG]: DevTools WebSocket Response: Runtime.evaluate (id=360) 0EA677E6C4FBD9738A81F51BE053F03D {
   "result": {
      "description": "1",
      "type": "number",
      "value": 1
   }
}
[1779850087.424][INFO]: Done waiting for pending navigations. Status: ok
[1779850087.424][INFO]: [6d6a54ac6a81f45fc5bf60d2fceca1fa] RESPONSE GetElementText "abcd"
[1779850087.435][INFO]: [6d6a54ac6a81f45fc5bf60d2fceca1fa] COMMAND GetElementText {
   "id": "33f53d8b-a320-4f2e-844b-978cf6c21612"
}
[1779850087.436][INFO]: Waiting for pending navigations...
[1779850087.436][DEBUG]: DevTools WebSocket Command: Runtime.evaluate (id=361) 0EA677E6C4FBD9738A81F51BE053F03D {
   "expression": "1"
}
[1779850087.437][DEBUG]: DevTools WebSocket Response: Runtime.evaluate (id=361) 0EA677E6C4FBD9738A81F51BE053F03D {
   "result": {
      "description": "1",
      "type": "number",
      "value": 1
   }
}
[1779850087.437][INFO]: Done waiting for pending navigations. Status: ok
[1779850087.439][DEBUG]: DevTools WebSocket Command: Runtime.evaluate (id=362) 0EA677E6C4FBD9738A81F51BE053F03D {
   "awaitPromise": true,
   "expression": "(function() { // Copyright (c) 2012 The Chromium Authors. All rights reserved.\n// Use of this source code is governed by a BSD-style license that can be\n// found in the LICENSE file.\n\n/**\n * Enum f...",
   "returnByValue": true
}
[1779850087.446][DEBUG]: DevTools WebSocket Response: Runtime.evaluate (id=362) 0EA677E6C4FBD9738A81F51BE053F03D {
   "result": {
      "type": "object",
      "value": {
         "status": 0,
         "value": "React 10 min"
      }
   }
}
[1779850087.446][INFO]: Waiting for pending navigations...
[1779850087.447][DEBUG]: DevTools WebSocket Command: Runtime.evaluate (id=363) 0EA677E6C4FBD9738A81F51BE053F03D {
   "expression": "1"
}
[1779850087.448][DEBUG]: DevTools WebSocket Response: Runtime.evaluate (id=363) 0EA677E6C4FBD9738A81F51BE053F03D {
   "result": {
      "description": "1",
      "type": "number",
      "value": 1
   }
}
[1779850087.448][INFO]: Done waiting for pending navigations. Status: ok
[1779850087.448][INFO]: [6d6a54ac6a81f45fc5bf60d2fceca1fa] RESPONSE GetElementText "React 10 min"
[1779850087.464][INFO]: [6d6a54ac6a81f45fc5bf60d2fceca1fa] COMMAND GetElementText {
   "id": "99b90c5c-d105-4d88-beb2-e5b6c7f7abd1"
}
[1779850087.465][INFO]: Waiting for pending navigations...
[1779850087.465][DEBUG]: DevTools WebSocket Command: Runtime.evaluate (id=364) 0EA677E6C4FBD9738A81F51BE053F03D {
   "expression": "1"
}
[1779850087.465][DEBUG]: DevTools WebSocket Response: Runtime.evaluate (id=364) 0EA677E6C4FBD9738A81F51BE053F03D {
   "result": {
      "description": "1",
      "type": "number",
      "value": 1
   }
}
[1779850087.465][INFO]: Done waiting for pending navigations. Status: ok
[1779850087.468][DEBUG]: DevTools WebSocket Command: Runtime.evaluate (id=365) 0EA677E6C4FBD9738A81F51BE053F03D {
   "awaitPromise": true,
   "expression": "(function() { // Copyright (c) 2012 The Chromium Authors. All rights reserved.\n// Use of this source code is governed by a BSD-style license that can be\n// found in the LICENSE file.\n\n/**\n * Enum f...",
   "returnByValue": true
}
[1779850087.472][DEBUG]: DevTools WebSocket Response: Runtime.evaluate (id=365) 0EA677E6C4FBD9738A81F51BE053F03D {
   "result": {
      "type": "object",
      "value": {
         "status": 0,
         "value": "10 frameworks"
      }
   }
}
[1779850087.472][INFO]: Waiting for pending navigations...
[1779850087.472][DEBUG]: DevTools WebSocket Command: Runtime.evaluate (id=366) 0EA677E6C4FBD9738A81F51BE053F03D {
   "expression": "1"
}
[1779850087.473][DEBUG]: DevTools WebSocket Response: Runtime.evaluate (id=366) 0EA677E6C4FBD9738A81F51BE053F03D {
   "result": {
      "description": "1",
      "type": "number",
      "value": 1
   }
}
[1779850087.473][INFO]: Done waiting for pending navigations. Status: ok
[1779850087.473][INFO]: [6d6a54ac6a81f45fc5bf60d2fceca1fa] RESPONSE GetElementText "10 frameworks"
[1779850087.492][INFO]: [6d6a54ac6a81f45fc5bf60d2fceca1fa] COMMAND Navigate {
   "url": "https://xflix-qa.vercel.app/"
}
[1779850087.492][INFO]: Waiting for pending navigations...
[1779850087.492][DEBUG]: DevTools WebSocket Command: Runtime.evaluate (id=367) 0EA677E6C4FBD9738A81F51BE053F03D {
   "expression": "1"
}
[1779850087.493][DEBUG]: DevTools WebSocket Response: Runtime.evaluate (id=367) 0EA677E6C4FBD9738A81F51BE053F03D {
   "result": {
      "description": "1",
      "type": "number",
      "value": 1
   }
}
[1779850087.493][INFO]: Done waiting for pending navigations. Status: ok
[1779850087.493][DEBUG]: DevTools WebSocket Command: Page.navigate (id=368) 0EA677E6C4FBD9738A81F51BE053F03D {
   "url": "https://xflix-qa.vercel.app/"
}
[1779850087.507][DEBUG]: DevTools WebSocket Response: Page.navigate (id=368) 0EA677E6C4FBD9738A81F51BE053F03D {
   "frameId": "0EA677E6C4FBD9738A81F51BE053F03D",
   "loaderId": "A314D629292E7DECB0B5015C28FD73F7"
}
[1779850087.507][DEBUG]: DevTools WebSocket Command: Runtime.evaluate (id=369) 0EA677E6C4FBD9738A81F51BE053F03D {
   "expression": "document.URL"
}
[1779850087.512][DEBUG]: DevTools WebSocket Event: Page.frameStartedLoading 0EA677E6C4FBD9738A81F51BE053F03D {
   "frameId": "0EA677E6C4FBD9738A81F51BE053F03D"
}
[1779850087.521][DEBUG]: DevTools WebSocket Event: Runtime.executionContextsCleared 0EA677E6C4FBD9738A81F51BE053F03D {

}
[1779850087.521][DEBUG]: DevTools WebSocket Event: Page.frameNavigated 0EA677E6C4FBD9738A81F51BE053F03D {
   "frame": {
      "adFrameType": "none",
      "crossOriginIsolatedContextType": "NotIsolated",
      "domainAndRegistry": "xflix-qa.vercel.app",
      "gatedAPIFeatures": [ "SharedArrayBuffersTransferAllowed" ],
      "id": "0EA677E6C4FBD9738A81F51BE053F03D",
      "loaderId": "A314D629292E7DECB0B5015C28FD73F7",
      "mimeType": "text/html",
      "secureContextType": "Secure",
      "securityOrigin": "https://xflix-qa.vercel.app",
      "url": "https://xflix-qa.vercel.app/"
   }
}
[1779850087.521][DEBUG]: DevTools WebSocket Event: Runtime.executionContextCreated 0EA677E6C4FBD9738A81F51BE053F03D {
   "context": {
      "auxData": {
         "frameId": "0EA677E6C4FBD9738A81F51BE053F03D",
         "isDefault": true,
         "type": "default"
      },
      "id": 4,
      "name": "",
      "origin": "https://xflix-qa.vercel.app",
      "uniqueId": "-8108323597773642049.876657473107908951"
   }
}
[1779850087.522][DEBUG]: DevTools WebSocket Event: DOM.documentUpdated 0EA677E6C4FBD9738A81F51BE053F03D {

}
[1779850087.522][DEBUG]: DevTools WebSocket Command: DOM.getDocument (id=370) 0EA677E6C4FBD9738A81F51BE053F03D {

}
[1779850087.522][DEBUG]: DevTools WebSocket Response: Runtime.evaluate (id=369) 0EA677E6C4FBD9738A81F51BE053F03D {
   "result": {
      "type": "string",
      "value": "https://xflix-qa.vercel.app/"
   }
}
[1779850087.522][INFO]: Waiting for pending navigations...
[1779850087.522][DEBUG]: DevTools WebSocket Command: Runtime.evaluate (id=371) 0EA677E6C4FBD9738A81F51BE053F03D {
   "expression": "1"
}
[1779850087.531][DEBUG]: DevTools WebSocket Response: DOM.getDocument (id=370) 0EA677E6C4FBD9738A81F51BE053F03D {
   "root": {
      "backendNodeId": 306,
      "baseURL": "https://xflix-qa.vercel.app/",
      "childNodeCount": 2,
      "children": [ {
         "backendNodeId": 307,
         "localName": "",
         "nodeId": 32,
         "nodeName": "html",
         "nodeType": 10,
         "nodeValue": "",
         "parentId": 31,
         "publicId": "",
         "systemId": ""
      }, {
         "attributes": [ "lang", "en" ],
         "backendNodeId": 308,
         "childNodeCount": 2,
         "children": [ {
            "attributes": [  ],
            "backendNodeId": 309,
            "childNodeCount": 7,
            "localName": "head",
            "nodeId": 34,
            "nodeName": "HEAD",
            "nodeType": 1,
            "nodeValue": "",
            "parentId": 33
         }, {
            "attributes": [  ],
            "backendNodeId": 310,
            "childNodeCount": 1,
            "localName": "body",
            "nodeId": 35,
            "nodeName": "BODY",
            "nodeType": 1,
            "nodeValue": "",
            "parentId": 33
         } ],
         "frameId": "0EA677E6C4FBD9738A81F51BE053F03D",
         "localName": "html",
         "nodeId": 33,
         "nodeName": "HTML",
         "nodeType": 1,
         "nodeValue": "",
         "parentId": 31
      } ],
      "documentURL": "https://xflix-qa.vercel.app/",
      "localName": "",
      "nodeId": 31,
      "nodeName": "#document",
      "nodeType": 9,
      "nodeValue": "",
      "xmlVersion": ""
   }
}
[1779850087.532][DEBUG]: DevTools WebSocket Response: Runtime.evaluate (id=371) 0EA677E6C4FBD9738A81F51BE053F03D {
   "result": {
      "description": "1",
      "type": "number",
      "value": 1
   }
}
[1779850087.542][DEBUG]: DevTools WebSocket Event: DOM.documentUpdated 0EA677E6C4FBD9738A81F51BE053F03D {

}
[1779850087.542][DEBUG]: DevTools WebSocket Command: DOM.getDocument (id=372) 0EA677E6C4FBD9738A81F51BE053F03D {

}
[1779850087.542][DEBUG]: DevTools WebSocket Command: Runtime.evaluate (id=373) 0EA677E6C4FBD9738A81F51BE053F03D {
   "expression": "1"
}
[1779850087.543][DEBUG]: DevTools WebSocket Event: Page.domContentEventFired 0EA677E6C4FBD9738A81F51BE053F03D {
   "timestamp": 4590.602362
}
[1779850087.592][DEBUG]: DevTools WebSocket Response: DOM.getDocument (id=372) 0EA677E6C4FBD9738A81F51BE053F03D {
   "root": {
      "backendNodeId": 306,
      "baseURL": "https://xflix-qa.vercel.app/",
      "childNodeCount": 2,
      "children": [ {
         "backendNodeId": 307,
         "localName": "",
         "nodeId": 37,
         "nodeName": "html",
         "nodeType": 10,
         "nodeValue": "",
         "parentId": 36,
         "publicId": "",
         "systemId": ""
      }, {
         "attributes": [ "lang", "en" ],
         "backendNodeId": 308,
         "childNodeCount": 2,
         "children": [ {
            "attributes": [  ],
            "backendNodeId": 309,
            "childNodeCount": 7,
            "localName": "head",
            "nodeId": 39,
            "nodeName": "HEAD",
            "nodeType": 1,
            "nodeValue": "",
            "parentId": 38
         }, {
            "attributes": [  ],
            "backendNodeId": 310,
            "childNodeCount": 1,
            "localName": "body",
            "nodeId": 40,
            "nodeName": "BODY",
            "nodeType": 1,
            "nodeValue": "",
            "parentId": 38
         } ],
         "frameId": "0EA677E6C4FBD9738A81F51BE053F03D",
         "localName": "html",
         "nodeId": 38,
         "nodeName": "HTML",
         "nodeType": 1,
         "nodeValue": "",
         "parentId": 36
      } ],
      "documentURL": "https://xflix-qa.vercel.app/",
      "localName": "",
      "nodeId": 36,
      "nodeName": "#document",
      "nodeType": 9,
      "nodeValue": "",
      "xmlVersion": ""
   }
}
[1779850087.592][DEBUG]: DevTools WebSocket Response: Runtime.evaluate (id=373) 0EA677E6C4FBD9738A81F51BE053F03D {
   "result": {
      "description": "1",
      "type": "number",
      "value": 1
   }
}
[1779850087.600][DEBUG]: DevTools WebSocket Event: Page.loadEventFired 0EA677E6C4FBD9738A81F51BE053F03D {
   "timestamp": 4590.655059
}
[1779850087.601][DEBUG]: DevTools WebSocket Command: Runtime.evaluate (id=374) 0EA677E6C4FBD9738A81F51BE053F03D {
   "awaitPromise": false,
   "expression": "document.readyState",
   "returnByValue": true
}
[1779850087.601][DEBUG]: DevTools WebSocket Event: Page.frameStoppedLoading 0EA677E6C4FBD9738A81F51BE053F03D {
   "frameId": "0EA677E6C4FBD9738A81F51BE053F03D"
}
[1779850087.604][DEBUG]: DevTools WebSocket Response: Runtime.evaluate (id=374) 0EA677E6C4FBD9738A81F51BE053F03D {
   "result": {
      "type": "string",
      "value": "complete"
   }
}
[1779850087.604][DEBUG]: DevTools WebSocket Command: Runtime.evaluate (id=375) 0EA677E6C4FBD9738A81F51BE053F03D {
   "expression": "1"
}
[1779850087.607][DEBUG]: DevTools WebSocket Response: Runtime.evaluate (id=375) 0EA677E6C4FBD9738A81F51BE053F03D {
   "result": {
      "description": "1",
      "type": "number",
      "value": 1
   }
}
[1779850087.607][INFO]: Done waiting for pending navigations. Status: ok
[1779850087.607][INFO]: [6d6a54ac6a81f45fc5bf60d2fceca1fa] RESPONSE Navigate
[1779850087.637][INFO]: [6d6a54ac6a81f45fc5bf60d2fceca1fa] COMMAND FindElement {
   "using": "css selector",
   "value": ".btn\\-upload"
}
[1779850087.637][INFO]: Waiting for pending navigations...
[1779850087.637][DEBUG]: DevTools WebSocket Command: Runtime.evaluate (id=376) 0EA677E6C4FBD9738A81F51BE053F03D {
   "expression": "1"
}
[1779850087.637][DEBUG]: DevTools WebSocket Response: Runtime.evaluate (id=376) 0EA677E6C4FBD9738A81F51BE053F03D {
   "result": {
      "description": "1",
      "type": "number",
      "value": 1
   }
}
[1779850087.637][INFO]: Done waiting for pending navigations. Status: ok
[1779850087.640][DEBUG]: DevTools WebSocket Command: Runtime.evaluate (id=377) 0EA677E6C4FBD9738A81F51BE053F03D {
   "awaitPromise": true,
   "expression": "(function() { // Copyright (c) 2012 The Chromium Authors. All rights reserved.\n// Use of this source code is governed by a BSD-style license that can be\n// found in the LICENSE file.\n\n/**\n * Enum f...",
   "returnByValue": true
}
[1779850087.652][DEBUG]: DevTools WebSocket Response: Runtime.evaluate (id=377) 0EA677E6C4FBD9738A81F51BE053F03D {
   "result": {
      "type": "object",
      "value": {
         "status": 0,
         "value": {
            "element-6066-11e4-a52e-4f735466cecf": "ac943b68-dddf-4df9-a050-343e065e3de9"
         }
      }
   }
}
[1779850087.652][INFO]: Waiting for pending navigations...
[1779850087.652][DEBUG]: DevTools WebSocket Command: Runtime.evaluate (id=378) 0EA677E6C4FBD9738A81F51BE053F03D {
   "expression": "1"
}
[1779850087.653][DEBUG]: DevTools WebSocket Response: Runtime.evaluate (id=378) 0EA677E6C4FBD9738A81F51BE053F03D {
   "result": {
      "description": "1",
      "type": "number",
      "value": 1
   }
}
[1779850087.654][INFO]: Done waiting for pending navigations. Status: ok
[1779850087.654][INFO]: [6d6a54ac6a81f45fc5bf60d2fceca1fa] RESPONSE FindElement {
   "element-6066-11e4-a52e-4f735466cecf": "ac943b68-dddf-4df9-a050-343e065e3de9"
}
[1779850087.672][INFO]: [6d6a54ac6a81f45fc5bf60d2fceca1fa] COMMAND ClickElement {
   "id": "ac943b68-dddf-4df9-a050-343e065e3de9"
}
[1779850087.672][INFO]: Waiting for pending navigations...
[1779850087.672][DEBUG]: DevTools WebSocket Command: Runtime.evaluate (id=379) 0EA677E6C4FBD9738A81F51BE053F03D {
   "expression": "1"
}
[1779850087.673][DEBUG]: DevTools WebSocket Response: Runtime.evaluate (id=379) 0EA677E6C4FBD9738A81F51BE053F03D {
   "result": {
      "description": "1",
      "type": "number",
      "value": 1
   }
}
[1779850087.673][INFO]: Done waiting for pending navigations. Status: ok
[1779850087.673][DEBUG]: DevTools WebSocket Command: Runtime.evaluate (id=380) 0EA677E6C4FBD9738A81F51BE053F03D {
   "awaitPromise": true,
   "expression": "(function() { // Copyright (c) 2012 The Chromium Authors. All rights reserved.\n// Use of this source code is governed by a BSD-style license that can be\n// found in the LICENSE file.\n\n/**\n * Enum f...",
   "returnByValue": true
}
[1779850087.678][DEBUG]: DevTools WebSocket Response: Runtime.evaluate (id=380) 0EA677E6C4FBD9738A81F51BE053F03D {
   "result": {
      "type": "object",
      "value": {
         "status": 0,
         "value": "button"
      }
   }
}
[1779850087.678][DEBUG]: DevTools WebSocket Command: Runtime.evaluate (id=381) 0EA677E6C4FBD9738A81F51BE053F03D {
   "awaitPromise": true,
   "expression": "(function() { // Copyright (c) 2012 The Chromium Authors. All rights reserved.\n// Use of this source code is governed by a BSD-style license that can be\n// found in the LICENSE file.\n\n/**\n * Enum f...",
   "returnByValue": true
}
[1779850087.680][DEBUG]: DevTools WebSocket Response: Runtime.evaluate (id=381) 0EA677E6C4FBD9738A81F51BE053F03D {
   "result": {
      "type": "object",
      "value": {
         "status": 0,
         "value": "button"
      }
   }
}
[1779850087.682][DEBUG]: DevTools WebSocket Command: Runtime.evaluate (id=382) 0EA677E6C4FBD9738A81F51BE053F03D {
   "awaitPromise": true,
   "expression": "(function() { // Copyright (c) 2012 The Chromium Authors. All rights reserved.\n// Use of this source code is governed by a BSD-style license that can be\n// found in the LICENSE file.\n\n/**\n * Enum f...",
   "returnByValue": true
}
[1779850087.691][DEBUG]: DevTools WebSocket Response: Runtime.evaluate (id=382) 0EA677E6C4FBD9738A81F51BE053F03D {
   "result": {
      "type": "object",
      "value": {
         "status": 0,
         "value": true
      }
   }
}
[1779850087.692][DEBUG]: DevTools WebSocket Command: Runtime.evaluate (id=383) 0EA677E6C4FBD9738A81F51BE053F03D {
   "awaitPromise": true,
   "expression": "(function() { // Copyright (c) 2012 The Chromium Authors. All rights reserved.\n// Use of this source code is governed by a BSD-style license that can be\n// found in the LICENSE file.\n\n/**\n * Enum f...",
   "returnByValue": true
}
[1779850087.695][DEBUG]: DevTools WebSocket Response: Runtime.evaluate (id=383) 0EA677E6C4FBD9738A81F51BE053F03D {
   "result": {
      "type": "object",
      "value": {
         "status": 0,
         "value": {
            "height": 36,
            "left": 0,
            "top": 0,
            "width": 114.046875
         }
      }
   }
}
[1779850087.697][DEBUG]: DevTools WebSocket Command: Runtime.evaluate (id=384) 0EA677E6C4FBD9738A81F51BE053F03D {
   "awaitPromise": true,
   "expression": "(function() { // Copyright (c) 2012 The Chromium Authors. All rights reserved.\n// Use of this source code is governed by a BSD-style license that can be\n// found in the LICENSE file.\n\n/**\n * Enum f...",
   "returnByValue": true
}
[1779850087.703][DEBUG]: DevTools WebSocket Response: Runtime.evaluate (id=384) 0EA677E6C4FBD9738A81F51BE053F03D {
   "result": {
      "type": "object",
      "value": {
         "status": 0,
         "value": {
            "ceil": {

            },
            "clone": {

            },
            "floor": {

            },
            "round": {

            },
            "scale": {

            },
            "translate": {

            },
            "x": 1710.953125,
            "y": 16
         }
      }
   }
}
[1779850087.704][DEBUG]: DevTools WebSocket Command: Runtime.evaluate (id=385) 0EA677E6C4FBD9738A81F51BE053F03D {
   "awaitPromise": true,
   "expression": "(function() { // Copyright (c) 2012 The Chromium Authors. All rights reserved.\n// Use of this source code is governed by a BSD-style license that can be\n// found in the LICENSE file.\n\n/**\n * Enum f...",
   "returnByValue": true
}
[1779850087.710][DEBUG]: DevTools WebSocket Response: Runtime.evaluate (id=385) 0EA677E6C4FBD9738A81F51BE053F03D {
   "result": {
      "type": "object",
      "value": {
         "status": 0,
         "value": {
            "clickable": true
         }
      }
   }
}
[1779850087.710][DEBUG]: DevTools WebSocket Command: Input.dispatchMouseEvent (id=386) 0EA677E6C4FBD9738A81F51BE053F03D {
   "button": "none",
   "buttons": 0,
   "clickCount": 0,
   "force": 0.0,
   "modifiers": 0,
   "pointerType": "mouse",
   "tangentialPressure": 0.0,
   "tiltX": 0,
   "tiltY": 0,
   "twist": 0,
   "type": "mouseMoved",
   "x": 1767,
   "y": 34
}
[1779850087.710][DEBUG]: DevTools WebSocket Command: Input.dispatchMouseEvent (id=387) 0EA677E6C4FBD9738A81F51BE053F03D {
   "button": "left",
   "buttons": 0,
   "clickCount": 1,
   "force": 0.0,
   "modifiers": 0,
   "pointerType": "mouse",
   "tangentialPressure": 0.0,
   "tiltX": 0,
   "tiltY": 0,
   "twist": 0,
   "type": "mousePressed",
   "x": 1767,
   "y": 34
}
[1779850087.710][DEBUG]: DevTools WebSocket Command: Input.dispatchMouseEvent (id=388) 0EA677E6C4FBD9738A81F51BE053F03D {
   "button": "left",
   "buttons": 1,
   "clickCount": 1,
   "force": 0.0,
   "modifiers": 0,
   "pointerType": "mouse",
   "tangentialPressure": 0.0,
   "tiltX": 0,
   "tiltY": 0,
   "twist": 0,
   "type": "mouseReleased",
   "x": 1767,
   "y": 34
}
[1779850087.713][DEBUG]: DevTools WebSocket Response: Input.dispatchMouseEvent (id=386) 0EA677E6C4FBD9738A81F51BE053F03D {

}
[1779850087.713][DEBUG]: DevTools WebSocket Response: Input.dispatchMouseEvent (id=387) 0EA677E6C4FBD9738A81F51BE053F03D {

}
[1779850087.736][DEBUG]: DevTools WebSocket Response: Input.dispatchMouseEvent (id=388) 0EA677E6C4FBD9738A81F51BE053F03D {

}
[1779850087.736][INFO]: Waiting for pending navigations...
[1779850087.736][DEBUG]: DevTools WebSocket Command: Runtime.evaluate (id=389) 0EA677E6C4FBD9738A81F51BE053F03D {
   "expression": "1"
}
[1779850087.748][DEBUG]: DevTools WebSocket Response: Runtime.evaluate (id=389) 0EA677E6C4FBD9738A81F51BE053F03D {
   "result": {
      "description": "1",
      "type": "number",
      "value": 1
   }
}
[1779850087.748][INFO]: Done waiting for pending navigations. Status: ok
[1779850087.748][INFO]: [6d6a54ac6a81f45fc5bf60d2fceca1fa] RESPONSE ClickElement
[1779850087.765][INFO]: [6d6a54ac6a81f45fc5bf60d2fceca1fa] COMMAND FindElement {
   "using": "css selector",
   "value": ".btn\\-modal\\-upload"
}
[1779850087.765][INFO]: Waiting for pending navigations...
[1779850087.765][DEBUG]: DevTools WebSocket Command: Runtime.evaluate (id=390) 0EA677E6C4FBD9738A81F51BE053F03D {
   "expression": "1"
}
[1779850087.767][DEBUG]: DevTools WebSocket Response: Runtime.evaluate (id=390) 0EA677E6C4FBD9738A81F51BE053F03D {
   "result": {
      "description": "1",
      "type": "number",
      "value": 1
   }
}
[1779850087.767][INFO]: Done waiting for pending navigations. Status: ok
[1779850087.770][DEBUG]: DevTools WebSocket Command: Runtime.evaluate (id=391) 0EA677E6C4FBD9738A81F51BE053F03D {
   "awaitPromise": true,
   "expression": "(function() { // Copyright (c) 2012 The Chromium Authors. All rights reserved.\n// Use of this source code is governed by a BSD-style license that can be\n// found in the LICENSE file.\n\n/**\n * Enum f...",
   "returnByValue": true
}
[1779850087.779][DEBUG]: DevTools WebSocket Response: Runtime.evaluate (id=391) 0EA677E6C4FBD9738A81F51BE053F03D {
   "result": {
      "type": "object",
      "value": {
         "status": 0,
         "value": {
            "element-6066-11e4-a52e-4f735466cecf": "515cdd41-40ca-424b-930d-4984a8b16e10"
         }
      }
   }
}
[1779850087.779][INFO]: Waiting for pending navigations...
[1779850087.779][DEBUG]: DevTools WebSocket Command: Runtime.evaluate (id=392) 0EA677E6C4FBD9738A81F51BE053F03D {
   "expression": "1"
}
[1779850087.780][DEBUG]: DevTools WebSocket Response: Runtime.evaluate (id=392) 0EA677E6C4FBD9738A81F51BE053F03D {
   "result": {
      "description": "1",
      "type": "number",
      "value": 1
   }
}
[1779850087.780][INFO]: Done waiting for pending navigations. Status: ok
[1779850087.780][INFO]: [6d6a54ac6a81f45fc5bf60d2fceca1fa] RESPONSE FindElement {
   "element-6066-11e4-a52e-4f735466cecf": "515cdd41-40ca-424b-930d-4984a8b16e10"
}
[1779850087.796][INFO]: [6d6a54ac6a81f45fc5bf60d2fceca1fa] COMMAND ClickElement {
   "id": "515cdd41-40ca-424b-930d-4984a8b16e10"
}
[1779850087.796][INFO]: Waiting for pending navigations...
[1779850087.796][DEBUG]: DevTools WebSocket Command: Runtime.evaluate (id=393) 0EA677E6C4FBD9738A81F51BE053F03D {
   "expression": "1"
}
[1779850087.797][DEBUG]: DevTools WebSocket Response: Runtime.evaluate (id=393) 0EA677E6C4FBD9738A81F51BE053F03D {
   "result": {
      "description": "1",
      "type": "number",
      "value": 1
   }
}
[1779850087.797][INFO]: Done waiting for pending navigations. Status: ok
[1779850087.798][DEBUG]: DevTools WebSocket Command: Runtime.evaluate (id=394) 0EA677E6C4FBD9738A81F51BE053F03D {
   "awaitPromise": true,
   "expression": "(function() { // Copyright (c) 2012 The Chromium Authors. All rights reserved.\n// Use of this source code is governed by a BSD-style license that can be\n// found in the LICENSE file.\n\n/**\n * Enum f...",
   "returnByValue": true
}
[1779850087.804][DEBUG]: DevTools WebSocket Response: Runtime.evaluate (id=394) 0EA677E6C4FBD9738A81F51BE053F03D {
   "result": {
      "type": "object",
      "value": {
         "status": 0,
         "value": "button"
      }
   }
}
[1779850087.804][DEBUG]: DevTools WebSocket Command: Runtime.evaluate (id=395) 0EA677E6C4FBD9738A81F51BE053F03D {
   "awaitPromise": true,
   "expression": "(function() { // Copyright (c) 2012 The Chromium Authors. All rights reserved.\n// Use of this source code is governed by a BSD-style license that can be\n// found in the LICENSE file.\n\n/**\n * Enum f...",
   "returnByValue": true
}
[1779850087.807][DEBUG]: DevTools WebSocket Response: Runtime.evaluate (id=395) 0EA677E6C4FBD9738A81F51BE053F03D {
   "result": {
      "type": "object",
      "value": {
         "status": 0,
         "value": "button"
      }
   }
}
[1779850087.810][DEBUG]: DevTools WebSocket Command: Runtime.evaluate (id=396) 0EA677E6C4FBD9738A81F51BE053F03D {
   "awaitPromise": true,
   "expression": "(function() { // Copyright (c) 2012 The Chromium Authors. All rights reserved.\n// Use of this source code is governed by a BSD-style license that can be\n// found in the LICENSE file.\n\n/**\n * Enum f...",
   "returnByValue": true
}
[1779850087.818][DEBUG]: DevTools WebSocket Response: Runtime.evaluate (id=396) 0EA677E6C4FBD9738A81F51BE053F03D {
   "result": {
      "type": "object",
      "value": {
         "status": 0,
         "value": true
      }
   }
}
[1779850087.818][DEBUG]: DevTools WebSocket Command: Runtime.evaluate (id=397) 0EA677E6C4FBD9738A81F51BE053F03D {
   "awaitPromise": true,
   "expression": "(function() { // Copyright (c) 2012 The Chromium Authors. All rights reserved.\n// Use of this source code is governed by a BSD-style license that can be\n// found in the LICENSE file.\n\n/**\n * Enum f...",
   "returnByValue": true
}
[1779850087.821][DEBUG]: DevTools WebSocket Response: Runtime.evaluate (id=397) 0EA677E6C4FBD9738A81F51BE053F03D {
   "result": {
      "type": "object",
      "value": {
         "status": 0,
         "value": {
            "height": 28,
            "left": 0,
            "top": 0,
            "width": 109.171875
         }
      }
   }
}
[1779850087.823][DEBUG]: DevTools WebSocket Command: Runtime.evaluate (id=398) 0EA677E6C4FBD9738A81F51BE053F03D {
   "awaitPromise": true,
   "expression": "(function() { // Copyright (c) 2012 The Chromium Authors. All rights reserved.\n// Use of this source code is governed by a BSD-style license that can be\n// found in the LICENSE file.\n\n/**\n * Enum f...",
   "returnByValue": true
}
[1779850087.829][DEBUG]: DevTools WebSocket Response: Runtime.evaluate (id=398) 0EA677E6C4FBD9738A81F51BE053F03D {
   "result": {
      "type": "object",
      "value": {
         "status": 0,
         "value": {
            "ceil": {

            },
            "clone": {

            },
            "floor": {

            },
            "round": {

            },
            "scale": {

            },
            "translate": {

            },
            "x": 782,
            "y": 718.5
         }
      }
   }
}
[1779850087.831][DEBUG]: DevTools WebSocket Command: Runtime.evaluate (id=399) 0EA677E6C4FBD9738A81F51BE053F03D {
   "awaitPromise": true,
   "expression": "(function() { // Copyright (c) 2012 The Chromium Authors. All rights reserved.\n// Use of this source code is governed by a BSD-style license that can be\n// found in the LICENSE file.\n\n/**\n * Enum f...",
   "returnByValue": true
}
[1779850087.836][DEBUG]: DevTools WebSocket Response: Runtime.evaluate (id=399) 0EA677E6C4FBD9738A81F51BE053F03D {
   "result": {
      "type": "object",
      "value": {
         "status": 0,
         "value": {
            "clickable": true
         }
      }
   }
}
[1779850087.836][DEBUG]: DevTools WebSocket Command: Input.dispatchMouseEvent (id=400) 0EA677E6C4FBD9738A81F51BE053F03D {
   "button": "none",
   "buttons": 0,
   "clickCount": 0,
   "force": 0.0,
   "modifiers": 0,
   "pointerType": "mouse",
   "tangentialPressure": 0.0,
   "tiltX": 0,
   "tiltY": 0,
   "twist": 0,
   "type": "mouseMoved",
   "x": 836,
   "y": 732
}
[1779850087.836][DEBUG]: DevTools WebSocket Command: Input.dispatchMouseEvent (id=401) 0EA677E6C4FBD9738A81F51BE053F03D {
   "button": "left",
   "buttons": 0,
   "clickCount": 1,
   "force": 0.0,
   "modifiers": 0,
   "pointerType": "mouse",
   "tangentialPressure": 0.0,
   "tiltX": 0,
   "tiltY": 0,
   "twist": 0,
   "type": "mousePressed",
   "x": 836,
   "y": 732
}
[1779850087.836][DEBUG]: DevTools WebSocket Command: Input.dispatchMouseEvent (id=402) 0EA677E6C4FBD9738A81F51BE053F03D {
   "button": "left",
   "buttons": 1,
   "clickCount": 1,
   "force": 0.0,
   "modifiers": 0,
   "pointerType": "mouse",
   "tangentialPressure": 0.0,
   "tiltX": 0,
   "tiltY": 0,
   "twist": 0,
   "type": "mouseReleased",
   "x": 836,
   "y": 732
}
[1779850087.838][DEBUG]: DevTools WebSocket Response: Input.dispatchMouseEvent (id=400) 0EA677E6C4FBD9738A81F51BE053F03D {

}
[1779850087.839][DEBUG]: DevTools WebSocket Response: Input.dispatchMouseEvent (id=401) 0EA677E6C4FBD9738A81F51BE053F03D {

}
[1779850087.842][DEBUG]: DevTools WebSocket Event: Page.javascriptDialogOpening 0EA677E6C4FBD9738A81F51BE053F03D {
   "defaultPrompt": "",
   "hasBrowserHandler": true,
   "message": "VideoLink should not be empty.\nPreviewImage should not be empty.\nTitle should not be empty.\nGenreDropdown should not be empty.\nReleaseDate should not be empty. \nAgeDropdown should not be empty. \n",
   "type": "alert",
   "url": "https://xflix-qa.vercel.app/"
}
[1779850087.842][DEBUG]: DevTools WebSocket Command: Inspector.enable (id=403) 0EA677E6C4FBD9738A81F51BE053F03D {
   "purpose": "detect if alert blocked any cmds"
}
[1779850087.845][DEBUG]: DevTools WebSocket Response: Inspector.enable (id=403) 0EA677E6C4FBD9738A81F51BE053F03D {

}
[1779850087.846][INFO]: Waiting for pending navigations...
[1779850087.846][INFO]: Done waiting for pending navigations. Status: unexpected alert open: {Alert text : VideoLink should not be empty.
PreviewImage should not be empty.
Title should not be empty.
GenreDropdown should not be empty.
ReleaseDate should not be empty. 
AgeDropdown should not be empty. 
}
[1779850087.846][INFO]: [6d6a54ac6a81f45fc5bf60d2fceca1fa] RESPONSE ClickElement
[1779850087.857][INFO]: [6d6a54ac6a81f45fc5bf60d2fceca1fa] COMMAND GetAlertMessage {

}
[1779850087.857][INFO]: Waiting for pending navigations...
[1779850087.857][INFO]: Done waiting for pending navigations. Status: unexpected alert open: {Alert text : VideoLink should not be empty.
PreviewImage should not be empty.
Title should not be empty.
GenreDropdown should not be empty.
ReleaseDate should not be empty. 
AgeDropdown should not be empty. 
}
[1779850087.857][INFO]: [6d6a54ac6a81f45fc5bf60d2fceca1fa] RESPONSE GetAlertMessage "VideoLink should not be empty.\nPreviewImage should not be empty.\nTitle should not be empty.\nGenreDropdown should not be empty.\nReleaseDate should not be empty. \nAgeDropdown should not be empty. \n"
[1779850087.882][INFO]: [6d6a54ac6a81f45fc5bf60d2fceca1fa] COMMAND GetAlertMessage {

}
[1779850087.883][INFO]: Waiting for pending navigations...
[1779850087.883][INFO]: Done waiting for pending navigations. Status: unexpected alert open: {Alert text : VideoLink should not be empty.
PreviewImage should not be empty.
Title should not be empty.
GenreDropdown should not be empty.
ReleaseDate should not be empty. 
AgeDropdown should not be empty. 
}
[1779850087.883][INFO]: [6d6a54ac6a81f45fc5bf60d2fceca1fa] RESPONSE GetAlertMessage "VideoLink should not be empty.\nPreviewImage should not be empty.\nTitle should not be empty.\nGenreDropdown should not be empty.\nReleaseDate should not be empty. \nAgeDropdown should not be empty. \n"
[1779850087.914][INFO]: [6d6a54ac6a81f45fc5bf60d2fceca1fa] COMMAND AcceptAlert {

}
[1779850087.914][INFO]: Waiting for pending navigations...
[1779850087.915][INFO]: Done waiting for pending navigations. Status: unexpected alert open: {Alert text : VideoLink should not be empty.
PreviewImage should not be empty.
Title should not be empty.
GenreDropdown should not be empty.
ReleaseDate should not be empty. 
AgeDropdown should not be empty. 
}
[1779850087.915][DEBUG]: DevTools WebSocket Command: Page.handleJavaScriptDialog (id=404) 0EA677E6C4FBD9738A81F51BE053F03D {
   "accept": true,
   "promptText": ""
}
[1779850087.916][DEBUG]: DevTools WebSocket Event: Page.javascriptDialogClosed 0EA677E6C4FBD9738A81F51BE053F03D {
   "result": true,
   "userInput": ""
}
[1779850087.916][DEBUG]: DevTools WebSocket Response: Page.handleJavaScriptDialog (id=404) 0EA677E6C4FBD9738A81F51BE053F03D {

}
[1779850087.916][INFO]: [6d6a54ac6a81f45fc5bf60d2fceca1fa] RESPONSE AcceptAlert
[1779850087.942][INFO]: [6d6a54ac6a81f45fc5bf60d2fceca1fa] COMMAND FindElement {
   "using": "css selector",
   "value": "*[name='videoLink']"
}
[1779850087.943][DEBUG]: DevTools WebSocket Response: Input.dispatchMouseEvent (id=402) 0EA677E6C4FBD9738A81F51BE053F03D {

}
[1779850087.943][INFO]: Waiting for pending navigations...
[1779850087.943][DEBUG]: DevTools WebSocket Command: Runtime.evaluate (id=405) 0EA677E6C4FBD9738A81F51BE053F03D {
   "expression": "1"
}
[1779850087.947][DEBUG]: DevTools WebSocket Response: Runtime.evaluate (id=405) 0EA677E6C4FBD9738A81F51BE053F03D {
   "result": {
      "description": "1",
      "type": "number",
      "value": 1
   }
}
[1779850087.947][INFO]: Done waiting for pending navigations. Status: ok
[1779850087.950][DEBUG]: DevTools WebSocket Command: Runtime.evaluate (id=406) 0EA677E6C4FBD9738A81F51BE053F03D {
   "awaitPromise": true,
   "expression": "(function() { // Copyright (c) 2012 The Chromium Authors. All rights reserved.\n// Use of this source code is governed by a BSD-style license that can be\n// found in the LICENSE file.\n\n/**\n * Enum f...",
   "returnByValue": true
}
[1779850087.960][DEBUG]: DevTools WebSocket Response: Runtime.evaluate (id=406) 0EA677E6C4FBD9738A81F51BE053F03D {
   "result": {
      "type": "object",
      "value": {
         "status": 0,
         "value": {
            "element-6066-11e4-a52e-4f735466cecf": "f0130c53-d138-470e-b248-48c285c5c51b"
         }
      }
   }
}
[1779850087.960][INFO]: Waiting for pending navigations...
[1779850087.960][DEBUG]: DevTools WebSocket Command: Runtime.evaluate (id=407) 0EA677E6C4FBD9738A81F51BE053F03D {
   "expression": "1"
}
[1779850087.960][DEBUG]: DevTools WebSocket Response: Runtime.evaluate (id=407) 0EA677E6C4FBD9738A81F51BE053F03D {
   "result": {
      "description": "1",
      "type": "number",
      "value": 1
   }
}
[1779850087.960][INFO]: Done waiting for pending navigations. Status: ok
[1779850087.960][INFO]: [6d6a54ac6a81f45fc5bf60d2fceca1fa] RESPONSE FindElement {
   "element-6066-11e4-a52e-4f735466cecf": "f0130c53-d138-470e-b248-48c285c5c51b"
}
[1779850087.978][INFO]: [6d6a54ac6a81f45fc5bf60d2fceca1fa] COMMAND FindElement {
   "using": "css selector",
   "value": "*[name='previewImage']"
}
[1779850087.978][INFO]: Waiting for pending navigations...
[1779850087.978][DEBUG]: DevTools WebSocket Command: Runtime.evaluate (id=408) 0EA677E6C4FBD9738A81F51BE053F03D {
   "expression": "1"
}
[1779850087.979][DEBUG]: DevTools WebSocket Response: Runtime.evaluate (id=408) 0EA677E6C4FBD9738A81F51BE053F03D {
   "result": {
      "description": "1",
      "type": "number",
      "value": 1
   }
}
[1779850087.979][INFO]: Done waiting for pending navigations. Status: ok
[1779850087.985][DEBUG]: DevTools WebSocket Command: Runtime.evaluate (id=409) 0EA677E6C4FBD9738A81F51BE053F03D {
   "awaitPromise": true,
   "expression": "(function() { // Copyright (c) 2012 The Chromium Authors. All rights reserved.\n// Use of this source code is governed by a BSD-style license that can be\n// found in the LICENSE file.\n\n/**\n * Enum f...",
   "returnByValue": true
}
[1779850087.995][DEBUG]: DevTools WebSocket Response: Runtime.evaluate (id=409) 0EA677E6C4FBD9738A81F51BE053F03D {
   "result": {
      "type": "object",
      "value": {
         "status": 0,
         "value": {
            "element-6066-11e4-a52e-4f735466cecf": "10fd4fb8-07fb-498e-b5cb-6f61eecd7f1c"
         }
      }
   }
}
[1779850087.995][INFO]: Waiting for pending navigations...
[1779850087.995][DEBUG]: DevTools WebSocket Command: Runtime.evaluate (id=410) 0EA677E6C4FBD9738A81F51BE053F03D {
   "expression": "1"
}
[1779850087.996][DEBUG]: DevTools WebSocket Response: Runtime.evaluate (id=410) 0EA677E6C4FBD9738A81F51BE053F03D {
   "result": {
      "description": "1",
      "type": "number",
      "value": 1
   }
}
[1779850087.996][INFO]: Done waiting for pending navigations. Status: ok
[1779850087.996][INFO]: [6d6a54ac6a81f45fc5bf60d2fceca1fa] RESPONSE FindElement {
   "element-6066-11e4-a52e-4f735466cecf": "10fd4fb8-07fb-498e-b5cb-6f61eecd7f1c"
}
[1779850088.016][INFO]: [6d6a54ac6a81f45fc5bf60d2fceca1fa] COMMAND FindElement {
   "using": "css selector",
   "value": "*[name='title']"
}
[1779850088.016][INFO]: Waiting for pending navigations...
[1779850088.016][DEBUG]: DevTools WebSocket Command: Runtime.evaluate (id=411) 0EA677E6C4FBD9738A81F51BE053F03D {
   "expression": "1"
}
[1779850088.018][DEBUG]: DevTools WebSocket Response: Runtime.evaluate (id=411) 0EA677E6C4FBD9738A81F51BE053F03D {
   "result": {
      "description": "1",
      "type": "number",
      "value": 1
   }
}
[1779850088.018][INFO]: Done waiting for pending navigations. Status: ok
[1779850088.021][DEBUG]: DevTools WebSocket Command: Runtime.evaluate (id=412) 0EA677E6C4FBD9738A81F51BE053F03D {
   "awaitPromise": true,
   "expression": "(function() { // Copyright (c) 2012 The Chromium Authors. All rights reserved.\n// Use of this source code is governed by a BSD-style license that can be\n// found in the LICENSE file.\n\n/**\n * Enum f...",
   "returnByValue": true
}
[1779850088.036][DEBUG]: DevTools WebSocket Response: Runtime.evaluate (id=412) 0EA677E6C4FBD9738A81F51BE053F03D {
   "result": {
      "type": "object",
      "value": {
         "status": 0,
         "value": {
            "element-6066-11e4-a52e-4f735466cecf": "3897bc58-c168-4f2f-9d4f-8d4cdc17afb3"
         }
      }
   }
}
[1779850088.036][INFO]: Waiting for pending navigations...
[1779850088.036][DEBUG]: DevTools WebSocket Command: Runtime.evaluate (id=413) 0EA677E6C4FBD9738A81F51BE053F03D {
   "expression": "1"
}
[1779850088.037][DEBUG]: DevTools WebSocket Response: Runtime.evaluate (id=413) 0EA677E6C4FBD9738A81F51BE053F03D {
   "result": {
      "description": "1",
      "type": "number",
      "value": 1
   }
}
[1779850088.037][INFO]: Done waiting for pending navigations. Status: ok
[1779850088.037][INFO]: [6d6a54ac6a81f45fc5bf60d2fceca1fa] RESPONSE FindElement {
   "element-6066-11e4-a52e-4f735466cecf": "3897bc58-c168-4f2f-9d4f-8d4cdc17afb3"
}
[1779850088.053][INFO]: [6d6a54ac6a81f45fc5bf60d2fceca1fa] COMMAND TypeElement {
   "id": "f0130c53-d138-470e-b248-48c285c5c51b",
   "text": "https://www.youtube.com/embed/GWfYHEuWh-k?si=UDwVjalFUBUEXxUT",
   "value": [ "h", "t", "t", "p", "s", ":", "/", "/", "w", "w", "w", ".", "y", "o", "u", "t", "u", "b", "e", ".", "c", "o", "m", "/", "e", "m", "b", "e", "d", "/", "G", "W", "f", "Y", "H", "E", "u", "W", "h", "-", "k", "?", "s", "i", "=", "U", "D", "w", "V", "j", "a", "l", "F", "U", "B", "U", "E", "X", "x", "U", "T" ]
}
[1779850088.053][INFO]: Waiting for pending navigations...
[1779850088.053][DEBUG]: DevTools WebSocket Command: Runtime.evaluate (id=414) 0EA677E6C4FBD9738A81F51BE053F03D {
   "expression": "1"
}
[1779850088.065][DEBUG]: DevTools WebSocket Response: Runtime.evaluate (id=414) 0EA677E6C4FBD9738A81F51BE053F03D {
   "result": {
      "description": "1",
      "type": "number",
      "value": 1
   }
}
[1779850088.065][INFO]: Done waiting for pending navigations. Status: ok
[1779850088.068][DEBUG]: DevTools WebSocket Command: Runtime.evaluate (id=415) 0EA677E6C4FBD9738A81F51BE053F03D {
   "awaitPromise": true,
   "expression": "(function() { // Copyright (c) 2012 The Chromium Authors. All rights reserved.\n// Use of this source code is governed by a BSD-style license that can be\n// found in the LICENSE file.\n\n/**\n * Enum f...",
   "returnByValue": true
}
[1779850088.081][DEBUG]: DevTools WebSocket Response: Runtime.evaluate (id=415) 0EA677E6C4FBD9738A81F51BE053F03D {
   "result": {
      "type": "object",
      "value": {
         "status": 0,
         "value": "INPUT"
      }
   }
}
[1779850088.084][DEBUG]: DevTools WebSocket Command: Runtime.evaluate (id=416) 0EA677E6C4FBD9738A81F51BE053F03D {
   "awaitPromise": true,
   "expression": "(function() { // Copyright (c) 2012 The Chromium Authors. All rights reserved.\n// Use of this source code is governed by a BSD-style license that can be\n// found in the LICENSE file.\n\n/**\n * Enum f...",
   "returnByValue": true
}
[1779850088.096][DEBUG]: DevTools WebSocket Response: Runtime.evaluate (id=416) 0EA677E6C4FBD9738A81F51BE053F03D {
   "result": {
      "type": "object",
      "value": {
         "status": 0,
         "value": "text"
      }
   }
}
[1779850088.096][DEBUG]: DevTools WebSocket Command: Runtime.evaluate (id=417) 0EA677E6C4FBD9738A81F51BE053F03D {
   "awaitPromise": true,
   "expression": "(function() { // Copyright (c) 2012 The Chromium Authors. All rights reserved.\n// Use of this source code is governed by a BSD-style license that can be\n// found in the LICENSE file.\n\n/**\n * Enum f...",
   "returnByValue": true
}
[1779850088.098][DEBUG]: DevTools WebSocket Response: Runtime.evaluate (id=417) 0EA677E6C4FBD9738A81F51BE053F03D {
   "result": {
      "type": "object",
      "value": {
         "status": 0,
         "value": false
      }
   }
}
[1779850088.100][DEBUG]: DevTools WebSocket Command: Runtime.evaluate (id=418) 0EA677E6C4FBD9738A81F51BE053F03D {
   "awaitPromise": true,
   "expression": "(function() { // Copyright (c) 2012 The Chromium Authors. All rights reserved.\n// Use of this source code is governed by a BSD-style license that can be\n// found in the LICENSE file.\n\n/**\n * Enum f...",
   "returnByValue": true
}
[1779850088.105][DEBUG]: DevTools WebSocket Response: Runtime.evaluate (id=418) 0EA677E6C4FBD9738A81F51BE053F03D {
   "result": {
      "type": "object",
      "value": {
         "status": 0,
         "value": "INPUT"
      }
   }
}
[1779850088.105][DEBUG]: DevTools WebSocket Command: Runtime.evaluate (id=419) 0EA677E6C4FBD9738A81F51BE053F03D {
   "awaitPromise": false,
   "expression": "document.hasFocus()",
   "returnByValue": true
}
[1779850088.105][DEBUG]: DevTools WebSocket Response: Runtime.evaluate (id=419) 0EA677E6C4FBD9738A81F51BE053F03D {
   "result": {
      "type": "boolean",
      "value": true
   }
}
[1779850088.106][DEBUG]: DevTools WebSocket Command: Runtime.evaluate (id=420) 0EA677E6C4FBD9738A81F51BE053F03D {
   "awaitPromise": true,
   "expression": "(function() { // Copyright (c) 2012 The Chromium Authors. All rights reserved.\n// Use of this source code is governed by a BSD-style license that can be\n// found in the LICENSE file.\n\n/**\n * Enum f...",
   "returnByValue": true
}
[1779850088.107][DEBUG]: DevTools WebSocket Response: Runtime.evaluate (id=420) 0EA677E6C4FBD9738A81F51BE053F03D {
   "result": {
      "type": "object",
      "value": {
         "status": 0,
         "value": {
            "element-6066-11e4-a52e-4f735466cecf": "515cdd41-40ca-424b-930d-4984a8b16e10"
         }
      }
   }
}
[1779850088.110][DEBUG]: DevTools WebSocket Command: Runtime.evaluate (id=421) 0EA677E6C4FBD9738A81F51BE053F03D {
   "awaitPromise": true,
   "expression": "(function() { // Copyright (c) 2012 The Chromium Authors. All rights reserved.\n// Use of this source code is governed by a BSD-style license that can be\n// found in the LICENSE file.\n\n/**\n * Enum f...",
   "returnByValue": true
}
[1779850088.118][DEBUG]: DevTools WebSocket Response: Runtime.evaluate (id=421) 0EA677E6C4FBD9738A81F51BE053F03D {
   "result": {
      "type": "object",
      "value": {
         "status": 0,
         "value": true
      }
   }
}
[1779850088.119][DEBUG]: DevTools WebSocket Command: Runtime.evaluate (id=422) 0EA677E6C4FBD9738A81F51BE053F03D {
   "awaitPromise": true,
   "expression": "(function() { // Copyright (c) 2012 The Chromium Authors. All rights reserved.\n// Use of this source code is governed by a BSD-style license that can be\n// found in the LICENSE file.\n\n/**\n * Enum f...",
   "returnByValue": true
}
[1779850088.125][DEBUG]: DevTools WebSocket Response: Runtime.evaluate (id=422) 0EA677E6C4FBD9738A81F51BE053F03D {
   "result": {
      "type": "object",
      "value": {
         "status": 0,
         "value": true
      }
   }
}
[1779850088.126][DEBUG]: DevTools WebSocket Command: Runtime.evaluate (id=423) 0EA677E6C4FBD9738A81F51BE053F03D {
   "awaitPromise": true,
   "expression": "(function() { // Copyright (c) 2012 The Chromium Authors. All rights reserved.\n// Use of this source code is governed by a BSD-style license that can be\n// found in the LICENSE file.\n\n/**\n * Enum f...",
   "returnByValue": true
}
[1779850088.129][DEBUG]: DevTools WebSocket Response: Runtime.evaluate (id=423) 0EA677E6C4FBD9738A81F51BE053F03D {
   "result": {
      "type": "object",
      "value": {
         "status": 0,
         "value": null
      }
   }
}
[1779850088.130][DEBUG]: DevTools WebSocket Command: Runtime.evaluate (id=424) 0EA677E6C4FBD9738A81F51BE053F03D {
   "awaitPromise": true,
   "expression": "(function() { // Copyright (c) 2012 The Chromium Authors. All rights reserved.\n// Use of this source code is governed by a BSD-style license that can be\n// found in the LICENSE file.\n\n/**\n * Enum f...",
   "returnByValue": true
}
[1779850088.134][DEBUG]: DevTools WebSocket Response: Runtime.evaluate (id=424) 0EA677E6C4FBD9738A81F51BE053F03D {
   "result": {
      "type": "object",
      "value": {
         "status": 0,
         "value": null
      }
   }
}
[1779850088.136][DEBUG]: DevTools WebSocket Command: Input.dispatchKeyEvent (id=425) 0EA677E6C4FBD9738A81F51BE053F03D {
   "code": "KeyH",
   "key": "h",
   "modifiers": 0,
   "text": "h",
   "type": "rawKeyDown",
   "unmodifiedText": "h",
   "windowsVirtualKeyCode": 72
}
[1779850088.136][DEBUG]: DevTools WebSocket Command: Input.dispatchKeyEvent (id=426) 0EA677E6C4FBD9738A81F51BE053F03D {
   "code": "KeyH",
   "key": "h",
   "modifiers": 0,
   "text": "h",
   "type": "char",
   "unmodifiedText": "h",
   "windowsVirtualKeyCode": 72
}
[1779850088.136][DEBUG]: DevTools WebSocket Command: Input.dispatchKeyEvent (id=427) 0EA677E6C4FBD9738A81F51BE053F03D {
   "code": "KeyH",
   "key": "h",
   "modifiers": 0,
   "text": "h",
   "type": "keyUp",
   "unmodifiedText": "h",
   "windowsVirtualKeyCode": 72
}
[1779850088.136][DEBUG]: DevTools WebSocket Command: Input.dispatchKeyEvent (id=428) 0EA677E6C4FBD9738A81F51BE053F03D {
   "code": "KeyT",
   "key": "t",
   "modifiers": 0,
   "text": "t",
   "type": "rawKeyDown",
   "unmodifiedText": "t",
   "windowsVirtualKeyCode": 84
}
[1779850088.137][DEBUG]: DevTools WebSocket Command: Input.dispatchKeyEvent (id=429) 0EA677E6C4FBD9738A81F51BE053F03D {
   "code": "KeyT",
   "key": "t",
   "modifiers": 0,
   "text": "t",
   "type": "char",
   "unmodifiedText": "t",
   "windowsVirtualKeyCode": 84
}
[1779850088.137][DEBUG]: DevTools WebSocket Command: Input.dispatchKeyEvent (id=430) 0EA677E6C4FBD9738A81F51BE053F03D {
   "code": "KeyT",
   "key": "t",
   "modifiers": 0,
   "text": "t",
   "type": "keyUp",
   "unmodifiedText": "t",
   "windowsVirtualKeyCode": 84
}
[1779850088.137][DEBUG]: DevTools WebSocket Command: Input.dispatchKeyEvent (id=431) 0EA677E6C4FBD9738A81F51BE053F03D {
   "code": "KeyT",
   "key": "t",
   "modifiers": 0,
   "text": "t",
   "type": "rawKeyDown",
   "unmodifiedText": "t",
   "windowsVirtualKeyCode": 84
}
[1779850088.137][DEBUG]: DevTools WebSocket Command: Input.dispatchKeyEvent (id=432) 0EA677E6C4FBD9738A81F51BE053F03D {
   "code": "KeyT",
   "key": "t",
   "modifiers": 0,
   "text": "t",
   "type": "char",
   "unmodifiedText": "t",
   "windowsVirtualKeyCode": 84
}
[1779850088.138][DEBUG]: DevTools WebSocket Command: Input.dispatchKeyEvent (id=433) 0EA677E6C4FBD9738A81F51BE053F03D {
   "code": "KeyT",
   "key": "t",
   "modifiers": 0,
   "text": "t",
   "type": "keyUp",
   "unmodifiedText": "t",
   "windowsVirtualKeyCode": 84
}
[1779850088.138][DEBUG]: DevTools WebSocket Command: Input.dispatchKeyEvent (id=434) 0EA677E6C4FBD9738A81F51BE053F03D {
   "code": "KeyP",
   "key": "p",
   "modifiers": 0,
   "text": "p",
   "type": "rawKeyDown",
   "unmodifiedText": "p",
   "windowsVirtualKeyCode": 80
}
[1779850088.138][DEBUG]: DevTools WebSocket Command: Input.dispatchKeyEvent (id=435) 0EA677E6C4FBD9738A81F51BE053F03D {
   "code": "KeyP",
   "key": "p",
   "modifiers": 0,
   "text": "p",
   "type": "char",
   "unmodifiedText": "p",
   "windowsVirtualKeyCode": 80
}
[1779850088.139][DEBUG]: DevTools WebSocket Command: Input.dispatchKeyEvent (id=436) 0EA677E6C4FBD9738A81F51BE053F03D {
   "code": "KeyP",
   "key": "p",
   "modifiers": 0,
   "text": "p",
   "type": "keyUp",
   "unmodifiedText": "p",
   "windowsVirtualKeyCode": 80
}
[1779850088.139][DEBUG]: DevTools WebSocket Command: Input.dispatchKeyEvent (id=437) 0EA677E6C4FBD9738A81F51BE053F03D {
   "code": "KeyS",
   "key": "s",
   "modifiers": 0,
   "text": "s",
   "type": "rawKeyDown",
   "unmodifiedText": "s",
   "windowsVirtualKeyCode": 83
}
[1779850088.139][DEBUG]: DevTools WebSocket Command: Input.dispatchKeyEvent (id=438) 0EA677E6C4FBD9738A81F51BE053F03D {
   "code": "KeyS",
   "key": "s",
   "modifiers": 0,
   "text": "s",
   "type": "char",
   "unmodifiedText": "s",
   "windowsVirtualKeyCode": 83
}
[1779850088.139][DEBUG]: DevTools WebSocket Command: Input.dispatchKeyEvent (id=439) 0EA677E6C4FBD9738A81F51BE053F03D {
   "code": "KeyS",
   "key": "s",
   "modifiers": 0,
   "text": "s",
   "type": "keyUp",
   "unmodifiedText": "s",
   "windowsVirtualKeyCode": 83
}
[1779850088.139][DEBUG]: DevTools WebSocket Command: Input.dispatchKeyEvent (id=440) 0EA677E6C4FBD9738A81F51BE053F03D {
   "code": "ShiftLeft",
   "key": "Shift",
   "modifiers": 0,
   "text": "",
   "type": "rawKeyDown",
   "unmodifiedText": "",
   "windowsVirtualKeyCode": 16
}
[1779850088.140][DEBUG]: DevTools WebSocket Command: Input.dispatchKeyEvent (id=441) 0EA677E6C4FBD9738A81F51BE053F03D {
   "code": "Semicolon",
   "key": ":",
   "modifiers": 8,
   "text": ":",
   "type": "rawKeyDown",
   "unmodifiedText": ";",
   "windowsVirtualKeyCode": 186
}
[1779850088.140][DEBUG]: DevTools WebSocket Command: Input.dispatchKeyEvent (id=442) 0EA677E6C4FBD9738A81F51BE053F03D {
   "code": "Semicolon",
   "key": ":",
   "modifiers": 8,
   "text": ":",
   "type": "char",
   "unmodifiedText": ";",
   "windowsVirtualKeyCode": 186
}
[1779850088.140][DEBUG]: DevTools WebSocket Command: Input.dispatchKeyEvent (id=443) 0EA677E6C4FBD9738A81F51BE053F03D {
   "code": "Semicolon",
   "key": ":",
   "modifiers": 8,
   "text": ":",
   "type": "keyUp",
   "unmodifiedText": ";",
   "windowsVirtualKeyCode": 186
}
[1779850088.140][DEBUG]: DevTools WebSocket Command: Input.dispatchKeyEvent (id=444) 0EA677E6C4FBD9738A81F51BE053F03D {
   "code": "ShiftLeft",
   "key": "Shift",
   "modifiers": 0,
   "text": "",
   "type": "keyUp",
   "unmodifiedText": "",
   "windowsVirtualKeyCode": 16
}
[1779850088.140][DEBUG]: DevTools WebSocket Command: Input.dispatchKeyEvent (id=445) 0EA677E6C4FBD9738A81F51BE053F03D {
   "code": "Slash",
   "key": "/",
   "modifiers": 0,
   "text": "/",
   "type": "rawKeyDown",
   "unmodifiedText": "/",
   "windowsVirtualKeyCode": 191
}
[1779850088.141][DEBUG]: DevTools WebSocket Command: Input.dispatchKeyEvent (id=446) 0EA677E6C4FBD9738A81F51BE053F03D {
   "code": "Slash",
   "key": "/",
   "modifiers": 0,
   "text": "/",
   "type": "char",
   "unmodifiedText": "/",
   "windowsVirtualKeyCode": 191
}
[1779850088.141][DEBUG]: DevTools WebSocket Command: Input.dispatchKeyEvent (id=447) 0EA677E6C4FBD9738A81F51BE053F03D {
   "code": "Slash",
   "key": "/",
   "modifiers": 0,
   "text": "/",
   "type": "keyUp",
   "unmodifiedText": "/",
   "windowsVirtualKeyCode": 191
}
[1779850088.141][DEBUG]: DevTools WebSocket Command: Input.dispatchKeyEvent (id=448) 0EA677E6C4FBD9738A81F51BE053F03D {
   "code": "Slash",
   "key": "/",
   "modifiers": 0,
   "text": "/",
   "type": "rawKeyDown",
   "unmodifiedText": "/",
   "windowsVirtualKeyCode": 191
}
[1779850088.141][DEBUG]: DevTools WebSocket Command: Input.dispatchKeyEvent (id=449) 0EA677E6C4FBD9738A81F51BE053F03D {
   "code": "Slash",
   "key": "/",
   "modifiers": 0,
   "text": "/",
   "type": "char",
   "unmodifiedText": "/",
   "windowsVirtualKeyCode": 191
}
[1779850088.142][DEBUG]: DevTools WebSocket Command: Input.dispatchKeyEvent (id=450) 0EA677E6C4FBD9738A81F51BE053F03D {
   "code": "Slash",
   "key": "/",
   "modifiers": 0,
   "text": "/",
   "type": "keyUp",
   "unmodifiedText": "/",
   "windowsVirtualKeyCode": 191
}
[1779850088.142][DEBUG]: DevTools WebSocket Command: Input.dispatchKeyEvent (id=451) 0EA677E6C4FBD9738A81F51BE053F03D {
   "code": "KeyW",
   "key": "w",
   "modifiers": 0,
   "text": "w",
   "type": "rawKeyDown",
   "unmodifiedText": "w",
   "windowsVirtualKeyCode": 87
}
[1779850088.142][DEBUG]: DevTools WebSocket Command: Input.dispatchKeyEvent (id=452) 0EA677E6C4FBD9738A81F51BE053F03D {
   "code": "KeyW",
   "key": "w",
   "modifiers": 0,
   "text": "w",
   "type": "char",
   "unmodifiedText": "w",
   "windowsVirtualKeyCode": 87
}
[1779850088.142][DEBUG]: DevTools WebSocket Command: Input.dispatchKeyEvent (id=453) 0EA677E6C4FBD9738A81F51BE053F03D {
   "code": "KeyW",
   "key": "w",
   "modifiers": 0,
   "text": "w",
   "type": "keyUp",
   "unmodifiedText": "w",
   "windowsVirtualKeyCode": 87
}
[1779850088.143][DEBUG]: DevTools WebSocket Command: Input.dispatchKeyEvent (id=454) 0EA677E6C4FBD9738A81F51BE053F03D {
   "code": "KeyW",
   "key": "w",
   "modifiers": 0,
   "text": "w",
   "type": "rawKeyDown",
   "unmodifiedText": "w",
   "windowsVirtualKeyCode": 87
}
[1779850088.143][DEBUG]: DevTools WebSocket Command: Input.dispatchKeyEvent (id=455) 0EA677E6C4FBD9738A81F51BE053F03D {
   "code": "KeyW",
   "key": "w",
   "modifiers": 0,
   "text": "w",
   "type": "char",
   "unmodifiedText": "w",
   "windowsVirtualKeyCode": 87
}
[1779850088.143][DEBUG]: DevTools WebSocket Command: Input.dispatchKeyEvent (id=456) 0EA677E6C4FBD9738A81F51BE053F03D {
   "code": "KeyW",
   "key": "w",
   "modifiers": 0,
   "text": "w",
   "type": "keyUp",
   "unmodifiedText": "w",
   "windowsVirtualKeyCode": 87
}
[1779850088.143][DEBUG]: DevTools WebSocket Command: Input.dispatchKeyEvent (id=457) 0EA677E6C4FBD9738A81F51BE053F03D {
   "code": "KeyW",
   "key": "w",
   "modifiers": 0,
   "text": "w",
   "type": "rawKeyDown",
   "unmodifiedText": "w",
   "windowsVirtualKeyCode": 87
}
[1779850088.143][DEBUG]: DevTools WebSocket Command: Input.dispatchKeyEvent (id=458) 0EA677E6C4FBD9738A81F51BE053F03D {
   "code": "KeyW",
   "key": "w",
   "modifiers": 0,
   "text": "w",
   "type": "char",
   "unmodifiedText": "w",
   "windowsVirtualKeyCode": 87
}
[1779850088.144][DEBUG]: DevTools WebSocket Command: Input.dispatchKeyEvent (id=459) 0EA677E6C4FBD9738A81F51BE053F03D {
   "code": "KeyW",
   "key": "w",
   "modifiers": 0,
   "text": "w",
   "type": "keyUp",
   "unmodifiedText": "w",
   "windowsVirtualKeyCode": 87
}
[1779850088.144][DEBUG]: DevTools WebSocket Command: Input.dispatchKeyEvent (id=460) 0EA677E6C4FBD9738A81F51BE053F03D {
   "code": "Period",
   "key": ".",
   "modifiers": 0,
   "text": ".",
   "type": "rawKeyDown",
   "unmodifiedText": ".",
   "windowsVirtualKeyCode": 190
}
[1779850088.144][DEBUG]: DevTools WebSocket Command: Input.dispatchKeyEvent (id=461) 0EA677E6C4FBD9738A81F51BE053F03D {
   "code": "Period",
   "key": ".",
   "modifiers": 0,
   "text": ".",
   "type": "char",
   "unmodifiedText": ".",
   "windowsVirtualKeyCode": 190
}
[1779850088.144][DEBUG]: DevTools WebSocket Command: Input.dispatchKeyEvent (id=462) 0EA677E6C4FBD9738A81F51BE053F03D {
   "code": "Period",
   "key": ".",
   "modifiers": 0,
   "text": ".",
   "type": "keyUp",
   "unmodifiedText": ".",
   "windowsVirtualKeyCode": 190
}
[1779850088.144][DEBUG]: DevTools WebSocket Command: Input.dispatchKeyEvent (id=463) 0EA677E6C4FBD9738A81F51BE053F03D {
   "code": "KeyY",
   "key": "y",
   "modifiers": 0,
   "text": "y",
   "type": "rawKeyDown",
   "unmodifiedText": "y",
   "windowsVirtualKeyCode": 89
}
[1779850088.144][DEBUG]: DevTools WebSocket Command: Input.dispatchKeyEvent (id=464) 0EA677E6C4FBD9738A81F51BE053F03D {
   "code": "KeyY",
   "key": "y",
   "modifiers": 0,
   "text": "y",
   "type": "char",
   "unmodifiedText": "y",
   "windowsVirtualKeyCode": 89
}
[1779850088.145][DEBUG]: DevTools WebSocket Command: Input.dispatchKeyEvent (id=465) 0EA677E6C4FBD9738A81F51BE053F03D {
   "code": "KeyY",
   "key": "y",
   "modifiers": 0,
   "text": "y",
   "type": "keyUp",
   "unmodifiedText": "y",
   "windowsVirtualKeyCode": 89
}
[1779850088.145][DEBUG]: DevTools WebSocket Command: Input.dispatchKeyEvent (id=466) 0EA677E6C4FBD9738A81F51BE053F03D {
   "code": "KeyO",
   "key": "o",
   "modifiers": 0,
   "text": "o",
   "type": "rawKeyDown",
   "unmodifiedText": "o",
   "windowsVirtualKeyCode": 79
}
[1779850088.145][DEBUG]: DevTools WebSocket Command: Input.dispatchKeyEvent (id=467) 0EA677E6C4FBD9738A81F51BE053F03D {
   "code": "KeyO",
   "key": "o",
   "modifiers": 0,
   "text": "o",
   "type": "char",
   "unmodifiedText": "o",
   "windowsVirtualKeyCode": 79
}
[1779850088.145][DEBUG]: DevTools WebSocket Command: Input.dispatchKeyEvent (id=468) 0EA677E6C4FBD9738A81F51BE053F03D {
   "code": "KeyO",
   "key": "o",
   "modifiers": 0,
   "text": "o",
   "type": "keyUp",
   "unmodifiedText": "o",
   "windowsVirtualKeyCode": 79
}
[1779850088.145][DEBUG]: DevTools WebSocket Command: Input.dispatchKeyEvent (id=469) 0EA677E6C4FBD9738A81F51BE053F03D {
   "code": "KeyU",
   "key": "u",
   "modifiers": 0,
   "text": "u",
   "type": "rawKeyDown",
   "unmodifiedText": "u",
   "windowsVirtualKeyCode": 85
}
[1779850088.146][DEBUG]: DevTools WebSocket Command: Input.dispatchKeyEvent (id=470) 0EA677E6C4FBD9738A81F51BE053F03D {
   "code": "KeyU",
   "key": "u",
   "modifiers": 0,
   "text": "u",
   "type": "char",
   "unmodifiedText": "u",
   "windowsVirtualKeyCode": 85
}
[1779850088.146][DEBUG]: DevTools WebSocket Command: Input.dispatchKeyEvent (id=471) 0EA677E6C4FBD9738A81F51BE053F03D {
   "code": "KeyU",
   "key": "u",
   "modifiers": 0,
   "text": "u",
   "type": "keyUp",
   "unmodifiedText": "u",
   "windowsVirtualKeyCode": 85
}
[1779850088.146][DEBUG]: DevTools WebSocket Command: Input.dispatchKeyEvent (id=472) 0EA677E6C4FBD9738A81F51BE053F03D {
   "code": "KeyT",
   "key": "t",
   "modifiers": 0,
   "text": "t",
   "type": "rawKeyDown",
   "unmodifiedText": "t",
   "windowsVirtualKeyCode": 84
}
[1779850088.146][DEBUG]: DevTools WebSocket Command: Input.dispatchKeyEvent (id=473) 0EA677E6C4FBD9738A81F51BE053F03D {
   "code": "KeyT",
   "key": "t",
   "modifiers": 0,
   "text": "t",
   "type": "char",
   "unmodifiedText": "t",
   "windowsVirtualKeyCode": 84
}
[1779850088.146][DEBUG]: DevTools WebSocket Command: Input.dispatchKeyEvent (id=474) 0EA677E6C4FBD9738A81F51BE053F03D {
   "code": "KeyT",
   "key": "t",
   "modifiers": 0,
   "text": "t",
   "type": "keyUp",
   "unmodifiedText": "t",
   "windowsVirtualKeyCode": 84
}
[1779850088.147][DEBUG]: DevTools WebSocket Command: Input.dispatchKeyEvent (id=475) 0EA677E6C4FBD9738A81F51BE053F03D {
   "code": "KeyU",
   "key": "u",
   "modifiers": 0,
   "text": "u",
   "type": "rawKeyDown",
   "unmodifiedText": "u",
   "windowsVirtualKeyCode": 85
}
[1779850088.147][DEBUG]: DevTools WebSocket Command: Input.dispatchKeyEvent (id=476) 0EA677E6C4FBD9738A81F51BE053F03D {
   "code": "KeyU",
   "key": "u",
   "modifiers": 0,
   "text": "u",
   "type": "char",
   "unmodifiedText": "u",
   "windowsVirtualKeyCode": 85
}
[1779850088.147][DEBUG]: DevTools WebSocket Command: Input.dispatchKeyEvent (id=477) 0EA677E6C4FBD9738A81F51BE053F03D {
   "code": "KeyU",
   "key": "u",
   "modifiers": 0,
   "text": "u",
   "type": "keyUp",
   "unmodifiedText": "u",
   "windowsVirtualKeyCode": 85
}
[1779850088.147][DEBUG]: DevTools WebSocket Command: Input.dispatchKeyEvent (id=478) 0EA677E6C4FBD9738A81F51BE053F03D {
   "code": "KeyB",
   "key": "b",
   "modifiers": 0,
   "text": "b",
   "type": "rawKeyDown",
   "unmodifiedText": "b",
   "windowsVirtualKeyCode": 66
}
[1779850088.148][DEBUG]: DevTools WebSocket Command: Input.dispatchKeyEvent (id=479) 0EA677E6C4FBD9738A81F51BE053F03D {
   "code": "KeyB",
   "key": "b",
   "modifiers": 0,
   "text": "b",
   "type": "char",
   "unmodifiedText": "b",
   "windowsVirtualKeyCode": 66
}
[1779850088.148][DEBUG]: DevTools WebSocket Command: Input.dispatchKeyEvent (id=480) 0EA677E6C4FBD9738A81F51BE053F03D {
   "code": "KeyB",
   "key": "b",
   "modifiers": 0,
   "text": "b",
   "type": "keyUp",
   "unmodifiedText": "b",
   "windowsVirtualKeyCode": 66
}
[1779850088.148][DEBUG]: DevTools WebSocket Command: Input.dispatchKeyEvent (id=481) 0EA677E6C4FBD9738A81F51BE053F03D {
   "code": "KeyE",
   "key": "e",
   "modifiers": 0,
   "text": "e",
   "type": "rawKeyDown",
   "unmodifiedText": "e",
   "windowsVirtualKeyCode": 69
}
[1779850088.148][DEBUG]: DevTools WebSocket Command: Input.dispatchKeyEvent (id=482) 0EA677E6C4FBD9738A81F51BE053F03D {
   "code": "KeyE",
   "key": "e",
   "modifiers": 0,
   "text": "e",
   "type": "char",
   "unmodifiedText": "e",
   "windowsVirtualKeyCode": 69
}
[1779850088.149][DEBUG]: DevTools WebSocket Command: Input.dispatchKeyEvent (id=483) 0EA677E6C4FBD9738A81F51BE053F03D {
   "code": "KeyE",
   "key": "e",
   "modifiers": 0,
   "text": "e",
   "type": "keyUp",
   "unmodifiedText": "e",
   "windowsVirtualKeyCode": 69
}
[1779850088.149][DEBUG]: DevTools WebSocket Command: Input.dispatchKeyEvent (id=484) 0EA677E6C4FBD9738A81F51BE053F03D {
   "code": "Period",
   "key": ".",
   "modifiers": 0,
   "text": ".",
   "type": "rawKeyDown",
   "unmodifiedText": ".",
   "windowsVirtualKeyCode": 190
}
[1779850088.149][DEBUG]: DevTools WebSocket Command: Input.dispatchKeyEvent (id=485) 0EA677E6C4FBD9738A81F51BE053F03D {
   "code": "Period",
   "key": ".",
   "modifiers": 0,
   "text": ".",
   "type": "char",
   "unmodifiedText": ".",
   "windowsVirtualKeyCode": 190
}
[1779850088.149][DEBUG]: DevTools WebSocket Command: Input.dispatchKeyEvent (id=486) 0EA677E6C4FBD9738A81F51BE053F03D {
   "code": "Period",
   "key": ".",
   "modifiers": 0,
   "text": ".",
   "type": "keyUp",
   "unmodifiedText": ".",
   "windowsVirtualKeyCode": 190
}
[1779850088.150][DEBUG]: DevTools WebSocket Command: Input.dispatchKeyEvent (id=487) 0EA677E6C4FBD9738A81F51BE053F03D {
   "code": "KeyC",
   "key": "c",
   "modifiers": 0,
   "text": "c",
   "type": "rawKeyDown",
   "unmodifiedText": "c",
   "windowsVirtualKeyCode": 67
}
[1779850088.150][DEBUG]: DevTools WebSocket Command: Input.dispatchKeyEvent (id=488) 0EA677E6C4FBD9738A81F51BE053F03D {
   "code": "KeyC",
   "key": "c",
   "modifiers": 0,
   "text": "c",
   "type": "char",
   "unmodifiedText": "c",
   "windowsVirtualKeyCode": 67
}
[1779850088.150][DEBUG]: DevTools WebSocket Command: Input.dispatchKeyEvent (id=489) 0EA677E6C4FBD9738A81F51BE053F03D {
   "code": "KeyC",
   "key": "c",
   "modifiers": 0,
   "text": "c",
   "type": "keyUp",
   "unmodifiedText": "c",
   "windowsVirtualKeyCode": 67
}
[1779850088.150][DEBUG]: DevTools WebSocket Command: Input.dispatchKeyEvent (id=490) 0EA677E6C4FBD9738A81F51BE053F03D {
   "code": "KeyO",
   "key": "o",
   "modifiers": 0,
   "text": "o",
   "type": "rawKeyDown",
   "unmodifiedText": "o",
   "windowsVirtualKeyCode": 79
}
[1779850088.150][DEBUG]: DevTools WebSocket Command: Input.dispatchKeyEvent (id=491) 0EA677E6C4FBD9738A81F51BE053F03D {
   "code": "KeyO",
   "key": "o",
   "modifiers": 0,
   "text": "o",
   "type": "char",
   "unmodifiedText": "o",
   "windowsVirtualKeyCode": 79
}
[1779850088.150][DEBUG]: DevTools WebSocket Command: Input.dispatchKeyEvent (id=492) 0EA677E6C4FBD9738A81F51BE053F03D {
   "code": "KeyO",
   "key": "o",
   "modifiers": 0,
   "text": "o",
   "type": "keyUp",
   "unmodifiedText": "o",
   "windowsVirtualKeyCode": 79
}
[1779850088.151][DEBUG]: DevTools WebSocket Command: Input.dispatchKeyEvent (id=493) 0EA677E6C4FBD9738A81F51BE053F03D {
   "code": "KeyM",
   "key": "m",
   "modifiers": 0,
   "text": "m",
   "type": "rawKeyDown",
   "unmodifiedText": "m",
   "windowsVirtualKeyCode": 77
}
[1779850088.151][DEBUG]: DevTools WebSocket Command: Input.dispatchKeyEvent (id=494) 0EA677E6C4FBD9738A81F51BE053F03D {
   "code": "KeyM",
   "key": "m",
   "modifiers": 0,
   "text": "m",
   "type": "char",
   "unmodifiedText": "m",
   "windowsVirtualKeyCode": 77
}
[1779850088.152][DEBUG]: DevTools WebSocket Command: Input.dispatchKeyEvent (id=495) 0EA677E6C4FBD9738A81F51BE053F03D {
   "code": "KeyM",
   "key": "m",
   "modifiers": 0,
   "text": "m",
   "type": "keyUp",
   "unmodifiedText": "m",
   "windowsVirtualKeyCode": 77
}
[1779850088.152][DEBUG]: DevTools WebSocket Command: Input.dispatchKeyEvent (id=496) 0EA677E6C4FBD9738A81F51BE053F03D {
   "code": "Slash",
   "key": "/",
   "modifiers": 0,
   "text": "/",
   "type": "rawKeyDown",
   "unmodifiedText": "/",
   "windowsVirtualKeyCode": 191
}
[1779850088.153][DEBUG]: DevTools WebSocket Command: Input.dispatchKeyEvent (id=497) 0EA677E6C4FBD9738A81F51BE053F03D {
   "code": "Slash",
   "key": "/",
   "modifiers": 0,
   "text": "/",
   "type": "char",
   "unmodifiedText": "/",
   "windowsVirtualKeyCode": 191
}
[1779850088.153][DEBUG]: DevTools WebSocket Command: Input.dispatchKeyEvent (id=498) 0EA677E6C4FBD9738A81F51BE053F03D {
   "code": "Slash",
   "key": "/",
   "modifiers": 0,
   "text": "/",
   "type": "keyUp",
   "unmodifiedText": "/",
   "windowsVirtualKeyCode": 191
}
[1779850088.153][DEBUG]: DevTools WebSocket Command: Input.dispatchKeyEvent (id=499) 0EA677E6C4FBD9738A81F51BE053F03D {
   "code": "KeyE",
   "key": "e",
   "modifiers": 0,
   "text": "e",
   "type": "rawKeyDown",
   "unmodifiedText": "e",
   "windowsVirtualKeyCode": 69
}
[1779850088.153][DEBUG]: DevTools WebSocket Command: Input.dispatchKeyEvent (id=500) 0EA677E6C4FBD9738A81F51BE053F03D {
   "code": "KeyE",
   "key": "e",
   "modifiers": 0,
   "text": "e",
   "type": "char",
   "unmodifiedText": "e",
   "windowsVirtualKeyCode": 69
}
[1779850088.154][DEBUG]: DevTools WebSocket Command: Input.dispatchKeyEvent (id=501) 0EA677E6C4FBD9738A81F51BE053F03D {
   "code": "KeyE",
   "key": "e",
   "modifiers": 0,
   "text": "e",
   "type": "keyUp",
   "unmodifiedText": "e",
   "windowsVirtualKeyCode": 69
}
[1779850088.154][DEBUG]: DevTools WebSocket Command: Input.dispatchKeyEvent (id=502) 0EA677E6C4FBD9738A81F51BE053F03D {
   "code": "KeyM",
   "key": "m",
   "modifiers": 0,
   "text": "m",
   "type": "rawKeyDown",
   "unmodifiedText": "m",
   "windowsVirtualKeyCode": 77
}
[1779850088.154][DEBUG]: DevTools WebSocket Command: Input.dispatchKeyEvent (id=503) 0EA677E6C4FBD9738A81F51BE053F03D {
   "code": "KeyM",
   "key": "m",
   "modifiers": 0,
   "text": "m",
   "type": "char",
   "unmodifiedText": "m",
   "windowsVirtualKeyCode": 77
}
[1779850088.158][DEBUG]: DevTools WebSocket Command: Input.dispatchKeyEvent (id=504) 0EA677E6C4FBD9738A81F51BE053F03D {
   "code": "KeyM",
   "key": "m",
   "modifiers": 0,
   "text": "m",
   "type": "keyUp",
   "unmodifiedText": "m",
   "windowsVirtualKeyCode": 77
}
[1779850088.159][DEBUG]: DevTools WebSocket Command: Input.dispatchKeyEvent (id=505) 0EA677E6C4FBD9738A81F51BE053F03D {
   "code": "KeyB",
   "key": "b",
   "modifiers": 0,
   "text": "b",
   "type": "rawKeyDown",
   "unmodifiedText": "b",
   "windowsVirtualKeyCode": 66
}
[1779850088.159][DEBUG]: DevTools WebSocket Command: Input.dispatchKeyEvent (id=506) 0EA677E6C4FBD9738A81F51BE053F03D {
   "code": "KeyB",
   "key": "b",
   "modifiers": 0,
   "text": "b",
   "type": "char",
   "unmodifiedText": "b",
   "windowsVirtualKeyCode": 66
}
[1779850088.159][DEBUG]: DevTools WebSocket Command: Input.dispatchKeyEvent (id=507) 0EA677E6C4FBD9738A81F51BE053F03D {
   "code": "KeyB",
   "key": "b",
   "modifiers": 0,
   "text": "b",
   "type": "keyUp",
   "unmodifiedText": "b",
   "windowsVirtualKeyCode": 66
}
[1779850088.159][DEBUG]: DevTools WebSocket Command: Input.dispatchKeyEvent (id=508) 0EA677E6C4FBD9738A81F51BE053F03D {
   "code": "KeyE",
   "key": "e",
   "modifiers": 0,
   "text": "e",
   "type": "rawKeyDown",
   "unmodifiedText": "e",
   "windowsVirtualKeyCode": 69
}
[1779850088.160][DEBUG]: DevTools WebSocket Command: Input.dispatchKeyEvent (id=509) 0EA677E6C4FBD9738A81F51BE053F03D {
   "code": "KeyE",
   "key": "e",
   "modifiers": 0,
   "text": "e",
   "type": "char",
   "unmodifiedText": "e",
   "windowsVirtualKeyCode": 69
}
[1779850088.160][DEBUG]: DevTools WebSocket Command: Input.dispatchKeyEvent (id=510) 0EA677E6C4FBD9738A81F51BE053F03D {
   "code": "KeyE",
   "key": "e",
   "modifiers": 0,
   "text": "e",
   "type": "keyUp",
   "unmodifiedText": "e",
   "windowsVirtualKeyCode": 69
}
[1779850088.160][DEBUG]: DevTools WebSocket Command: Input.dispatchKeyEvent (id=511) 0EA677E6C4FBD9738A81F51BE053F03D {
   "code": "KeyD",
   "key": "d",
   "modifiers": 0,
   "text": "d",
   "type": "rawKeyDown",
   "unmodifiedText": "d",
   "windowsVirtualKeyCode": 68
}
[1779850088.160][DEBUG]: DevTools WebSocket Command: Input.dispatchKeyEvent (id=512) 0EA677E6C4FBD9738A81F51BE053F03D {
   "code": "KeyD",
   "key": "d",
   "modifiers": 0,
   "text": "d",
   "type": "char",
   "unmodifiedText": "d",
   "windowsVirtualKeyCode": 68
}
[1779850088.161][DEBUG]: DevTools WebSocket Command: Input.dispatchKeyEvent (id=513) 0EA677E6C4FBD9738A81F51BE053F03D {
   "code": "KeyD",
   "key": "d",
   "modifiers": 0,
   "text": "d",
   "type": "keyUp",
   "unmodifiedText": "d",
   "windowsVirtualKeyCode": 68
}
[1779850088.161][DEBUG]: DevTools WebSocket Command: Input.dispatchKeyEvent (id=514) 0EA677E6C4FBD9738A81F51BE053F03D {
   "code": "Slash",
   "key": "/",
   "modifiers": 0,
   "text": "/",
   "type": "rawKeyDown",
   "unmodifiedText": "/",
   "windowsVirtualKeyCode": 191
}
[1779850088.161][DEBUG]: DevTools WebSocket Command: Input.dispatchKeyEvent (id=515) 0EA677E6C4FBD9738A81F51BE053F03D {
   "code": "Slash",
   "key": "/",
   "modifiers": 0,
   "text": "/",
   "type": "char",
   "unmodifiedText": "/",
   "windowsVirtualKeyCode": 191
}
[1779850088.161][DEBUG]: DevTools WebSocket Command: Input.dispatchKeyEvent (id=516) 0EA677E6C4FBD9738A81F51BE053F03D {
   "code": "Slash",
   "key": "/",
   "modifiers": 0,
   "text": "/",
   "type": "keyUp",
   "unmodifiedText": "/",
   "windowsVirtualKeyCode": 191
}
[1779850088.161][DEBUG]: DevTools WebSocket Command: Input.dispatchKeyEvent (id=517) 0EA677E6C4FBD9738A81F51BE053F03D {
   "code": "ShiftLeft",
   "key": "Shift",
   "modifiers": 0,
   "text": "",
   "type": "rawKeyDown",
   "unmodifiedText": "",
   "windowsVirtualKeyCode": 16
}
[1779850088.162][DEBUG]: DevTools WebSocket Command: Input.dispatchKeyEvent (id=518) 0EA677E6C4FBD9738A81F51BE053F03D {
   "code": "KeyG",
   "key": "G",
   "modifiers": 8,
   "text": "G",
   "type": "rawKeyDown",
   "unmodifiedText": "g",
   "windowsVirtualKeyCode": 71
}
[1779850088.162][DEBUG]: DevTools WebSocket Command: Input.dispatchKeyEvent (id=519) 0EA677E6C4FBD9738A81F51BE053F03D {
   "code": "KeyG",
   "key": "G",
   "modifiers": 8,
   "text": "G",
   "type": "char",
   "unmodifiedText": "g",
   "windowsVirtualKeyCode": 71
}
[1779850088.162][DEBUG]: DevTools WebSocket Command: Input.dispatchKeyEvent (id=520) 0EA677E6C4FBD9738A81F51BE053F03D {
   "code": "KeyG",
   "key": "G",
   "modifiers": 8,
   "text": "G",
   "type": "keyUp",
   "unmodifiedText": "g",
   "windowsVirtualKeyCode": 71
}
[1779850088.162][DEBUG]: DevTools WebSocket Command: Input.dispatchKeyEvent (id=521) 0EA677E6C4FBD9738A81F51BE053F03D {
   "code": "ShiftLeft",
   "key": "Shift",
   "modifiers": 0,
   "text": "",
   "type": "keyUp",
   "unmodifiedText": "",
   "windowsVirtualKeyCode": 16
}
[1779850088.162][DEBUG]: DevTools WebSocket Command: Input.dispatchKeyEvent (id=522) 0EA677E6C4FBD9738A81F51BE053F03D {
   "code": "ShiftLeft",
   "key": "Shift",
   "modifiers": 0,
   "text": "",
   "type": "rawKeyDown",
   "unmodifiedText": "",
   "windowsVirtualKeyCode": 16
}
[1779850088.163][DEBUG]: DevTools WebSocket Command: Input.dispatchKeyEvent (id=523) 0EA677E6C4FBD9738A81F51BE053F03D {
   "code": "KeyW",
   "key": "W",
   "modifiers": 8,
   "text": "W",
   "type": "rawKeyDown",
   "unmodifiedText": "w",
   "windowsVirtualKeyCode": 87
}
[1779850088.163][DEBUG]: DevTools WebSocket Command: Input.dispatchKeyEvent (id=524) 0EA677E6C4FBD9738A81F51BE053F03D {
   "code": "KeyW",
   "key": "W",
   "modifiers": 8,
   "text": "W",
   "type": "char",
   "unmodifiedText": "w",
   "windowsVirtualKeyCode": 87
}
[1779850088.163][DEBUG]: DevTools WebSocket Command: Input.dispatchKeyEvent (id=525) 0EA677E6C4FBD9738A81F51BE053F03D {
   "code": "KeyW",
   "key": "W",
   "modifiers": 8,
   "text": "W",
   "type": "keyUp",
   "unmodifiedText": "w",
   "windowsVirtualKeyCode": 87
}
[1779850088.163][DEBUG]: DevTools WebSocket Command: Input.dispatchKeyEvent (id=526) 0EA677E6C4FBD9738A81F51BE053F03D {
   "code": "ShiftLeft",
   "key": "Shift",
   "modifiers": 0,
   "text": "",
   "type": "keyUp",
   "unmodifiedText": "",
   "windowsVirtualKeyCode": 16
}
[1779850088.164][DEBUG]: DevTools WebSocket Command: Input.dispatchKeyEvent (id=527) 0EA677E6C4FBD9738A81F51BE053F03D {
   "code": "KeyF",
   "key": "f",
   "modifiers": 0,
   "text": "f",
   "type": "rawKeyDown",
   "unmodifiedText": "f",
   "windowsVirtualKeyCode": 70
}
[1779850088.164][DEBUG]: DevTools WebSocket Command: Input.dispatchKeyEvent (id=528) 0EA677E6C4FBD9738A81F51BE053F03D {
   "code": "KeyF",
   "key": "f",
   "modifiers": 0,
   "text": "f",
   "type": "char",
   "unmodifiedText": "f",
   "windowsVirtualKeyCode": 70
}
[1779850088.164][DEBUG]: DevTools WebSocket Command: Input.dispatchKeyEvent (id=529) 0EA677E6C4FBD9738A81F51BE053F03D {
   "code": "KeyF",
   "key": "f",
   "modifiers": 0,
   "text": "f",
   "type": "keyUp",
   "unmodifiedText": "f",
   "windowsVirtualKeyCode": 70
}
[1779850088.164][DEBUG]: DevTools WebSocket Command: Input.dispatchKeyEvent (id=530) 0EA677E6C4FBD9738A81F51BE053F03D {
   "code": "ShiftLeft",
   "key": "Shift",
   "modifiers": 0,
   "text": "",
   "type": "rawKeyDown",
   "unmodifiedText": "",
   "windowsVirtualKeyCode": 16
}
[1779850088.165][DEBUG]: DevTools WebSocket Command: Input.dispatchKeyEvent (id=531) 0EA677E6C4FBD9738A81F51BE053F03D {
   "code": "KeyY",
   "key": "Y",
   "modifiers": 8,
   "text": "Y",
   "type": "rawKeyDown",
   "unmodifiedText": "y",
   "windowsVirtualKeyCode": 89
}
[1779850088.165][DEBUG]: DevTools WebSocket Command: Input.dispatchKeyEvent (id=532) 0EA677E6C4FBD9738A81F51BE053F03D {
   "code": "KeyY",
   "key": "Y",
   "modifiers": 8,
   "text": "Y",
   "type": "char",
   "unmodifiedText": "y",
   "windowsVirtualKeyCode": 89
}
[1779850088.165][DEBUG]: DevTools WebSocket Command: Input.dispatchKeyEvent (id=533) 0EA677E6C4FBD9738A81F51BE053F03D {
   "code": "KeyY",
   "key": "Y",
   "modifiers": 8,
   "text": "Y",
   "type": "keyUp",
   "unmodifiedText": "y",
   "windowsVirtualKeyCode": 89
}
[1779850088.165][DEBUG]: DevTools WebSocket Command: Input.dispatchKeyEvent (id=534) 0EA677E6C4FBD9738A81F51BE053F03D {
   "code": "ShiftLeft",
   "key": "Shift",
   "modifiers": 0,
   "text": "",
   "type": "keyUp",
   "unmodifiedText": "",
   "windowsVirtualKeyCode": 16
}
[1779850088.165][DEBUG]: DevTools WebSocket Command: Input.dispatchKeyEvent (id=535) 0EA677E6C4FBD9738A81F51BE053F03D {
   "code": "ShiftLeft",
   "key": "Shift",
   "modifiers": 0,
   "text": "",
   "type": "rawKeyDown",
   "unmodifiedText": "",
   "windowsVirtualKeyCode": 16
}
[1779850088.165][DEBUG]: DevTools WebSocket Command: Input.dispatchKeyEvent (id=536) 0EA677E6C4FBD9738A81F51BE053F03D {
   "code": "KeyH",
   "key": "H",
   "modifiers": 8,
   "text": "H",
   "type": "rawKeyDown",
   "unmodifiedText": "h",
   "windowsVirtualKeyCode": 72
}
[1779850088.166][DEBUG]: DevTools WebSocket Command: Input.dispatchKeyEvent (id=537) 0EA677E6C4FBD9738A81F51BE053F03D {
   "code": "KeyH",
   "key": "H",
   "modifiers": 8,
   "text": "H",
   "type": "char",
   "unmodifiedText": "h",
   "windowsVirtualKeyCode": 72
}
[1779850088.166][DEBUG]: DevTools WebSocket Command: Input.dispatchKeyEvent (id=538) 0EA677E6C4FBD9738A81F51BE053F03D {
   "code": "KeyH",
   "key": "H",
   "modifiers": 8,
   "text": "H",
   "type": "keyUp",
   "unmodifiedText": "h",
   "windowsVirtualKeyCode": 72
}
[1779850088.166][DEBUG]: DevTools WebSocket Command: Input.dispatchKeyEvent (id=539) 0EA677E6C4FBD9738A81F51BE053F03D {
   "code": "ShiftLeft",
   "key": "Shift",
   "modifiers": 0,
   "text": "",
   "type": "keyUp",
   "unmodifiedText": "",
   "windowsVirtualKeyCode": 16
}
[1779850088.166][DEBUG]: DevTools WebSocket Command: Input.dispatchKeyEvent (id=540) 0EA677E6C4FBD9738A81F51BE053F03D {
   "code": "ShiftLeft",
   "key": "Shift",
   "modifiers": 0,
   "text": "",
   "type": "rawKeyDown",
   "unmodifiedText": "",
   "windowsVirtualKeyCode": 16
}
[1779850088.167][DEBUG]: DevTools WebSocket Command: Input.dispatchKeyEvent (id=541) 0EA677E6C4FBD9738A81F51BE053F03D {
   "code": "KeyE",
   "key": "E",
   "modifiers": 8,
   "text": "E",
   "type": "rawKeyDown",
   "unmodifiedText": "e",
   "windowsVirtualKeyCode": 69
}
[1779850088.167][DEBUG]: DevTools WebSocket Command: Input.dispatchKeyEvent (id=542) 0EA677E6C4FBD9738A81F51BE053F03D {
   "code": "KeyE",
   "key": "E",
   "modifiers": 8,
   "text": "E",
   "type": "char",
   "unmodifiedText": "e",
   "windowsVirtualKeyCode": 69
}
[1779850088.167][DEBUG]: DevTools WebSocket Command: Input.dispatchKeyEvent (id=543) 0EA677E6C4FBD9738A81F51BE053F03D {
   "code": "KeyE",
   "key": "E",
   "modifiers": 8,
   "text": "E",
   "type": "keyUp",
   "unmodifiedText": "e",
   "windowsVirtualKeyCode": 69
}
[1779850088.167][DEBUG]: DevTools WebSocket Command: Input.dispatchKeyEvent (id=544) 0EA677E6C4FBD9738A81F51BE053F03D {
   "code": "ShiftLeft",
   "key": "Shift",
   "modifiers": 0,
   "text": "",
   "type": "keyUp",
   "unmodifiedText": "",
   "windowsVirtualKeyCode": 16
}
[1779850088.167][DEBUG]: DevTools WebSocket Command: Input.dispatchKeyEvent (id=545) 0EA677E6C4FBD9738A81F51BE053F03D {
   "code": "KeyU",
   "key": "u",
   "modifiers": 0,
   "text": "u",
   "type": "rawKeyDown",
   "unmodifiedText": "u",
   "windowsVirtualKeyCode": 85
}
[1779850088.168][DEBUG]: DevTools WebSocket Command: Input.dispatchKeyEvent (id=546) 0EA677E6C4FBD9738A81F51BE053F03D {
   "code": "KeyU",
   "key": "u",
   "modifiers": 0,
   "text": "u",
   "type": "char",
   "unmodifiedText": "u",
   "windowsVirtualKeyCode": 85
}
[1779850088.168][DEBUG]: DevTools WebSocket Command: Input.dispatchKeyEvent (id=547) 0EA677E6C4FBD9738A81F51BE053F03D {
   "code": "KeyU",
   "key": "u",
   "modifiers": 0,
   "text": "u",
   "type": "keyUp",
   "unmodifiedText": "u",
   "windowsVirtualKeyCode": 85
}
[1779850088.168][DEBUG]: DevTools WebSocket Command: Input.dispatchKeyEvent (id=548) 0EA677E6C4FBD9738A81F51BE053F03D {
   "code": "ShiftLeft",
   "key": "Shift",
   "modifiers": 0,
   "text": "",
   "type": "rawKeyDown",
   "unmodifiedText": "",
   "windowsVirtualKeyCode": 16
}
[1779850088.168][DEBUG]: DevTools WebSocket Command: Input.dispatchKeyEvent (id=549) 0EA677E6C4FBD9738A81F51BE053F03D {
   "code": "KeyW",
   "key": "W",
   "modifiers": 8,
   "text": "W",
   "type": "rawKeyDown",
   "unmodifiedText": "w",
   "windowsVirtualKeyCode": 87
}
[1779850088.168][DEBUG]: DevTools WebSocket Command: Input.dispatchKeyEvent (id=550) 0EA677E6C4FBD9738A81F51BE053F03D {
   "code": "KeyW",
   "key": "W",
   "modifiers": 8,
   "text": "W",
   "type": "char",
   "unmodifiedText": "w",
   "windowsVirtualKeyCode": 87
}
[1779850088.169][DEBUG]: DevTools WebSocket Command: Input.dispatchKeyEvent (id=551) 0EA677E6C4FBD9738A81F51BE053F03D {
   "code": "KeyW",
   "key": "W",
   "modifiers": 8,
   "text": "W",
   "type": "keyUp",
   "unmodifiedText": "w",
   "windowsVirtualKeyCode": 87
}
[1779850088.169][DEBUG]: DevTools WebSocket Command: Input.dispatchKeyEvent (id=552) 0EA677E6C4FBD9738A81F51BE053F03D {
   "code": "ShiftLeft",
   "key": "Shift",
   "modifiers": 0,
   "text": "",
   "type": "keyUp",
   "unmodifiedText": "",
   "windowsVirtualKeyCode": 16
}
[1779850088.169][DEBUG]: DevTools WebSocket Command: Input.dispatchKeyEvent (id=553) 0EA677E6C4FBD9738A81F51BE053F03D {
   "code": "KeyH",
   "key": "h",
   "modifiers": 0,
   "text": "h",
   "type": "rawKeyDown",
   "unmodifiedText": "h",
   "windowsVirtualKeyCode": 72
}
[1779850088.169][DEBUG]: DevTools WebSocket Command: Input.dispatchKeyEvent (id=554) 0EA677E6C4FBD9738A81F51BE053F03D {
   "code": "KeyH",
   "key": "h",
   "modifiers": 0,
   "text": "h",
   "type": "char",
   "unmodifiedText": "h",
   "windowsVirtualKeyCode": 72
}
[1779850088.170][DEBUG]: DevTools WebSocket Command: Input.dispatchKeyEvent (id=555) 0EA677E6C4FBD9738A81F51BE053F03D {
   "code": "KeyH",
   "key": "h",
   "modifiers": 0,
   "text": "h",
   "type": "keyUp",
   "unmodifiedText": "h",
   "windowsVirtualKeyCode": 72
}
[1779850088.170][DEBUG]: DevTools WebSocket Command: Input.dispatchKeyEvent (id=556) 0EA677E6C4FBD9738A81F51BE053F03D {
   "code": "Minus",
   "key": "-",
   "modifiers": 0,
   "text": "-",
   "type": "rawKeyDown",
   "unmodifiedText": "-",
   "windowsVirtualKeyCode": 189
}
[1779850088.170][DEBUG]: DevTools WebSocket Command: Input.dispatchKeyEvent (id=557) 0EA677E6C4FBD9738A81F51BE053F03D {
   "code": "Minus",
   "key": "-",
   "modifiers": 0,
   "text": "-",
   "type": "char",
   "unmodifiedText": "-",
   "windowsVirtualKeyCode": 189
}
[1779850088.171][DEBUG]: DevTools WebSocket Command: Input.dispatchKeyEvent (id=558) 0EA677E6C4FBD9738A81F51BE053F03D {
   "code": "Minus",
   "key": "-",
   "modifiers": 0,
   "text": "-",
   "type": "keyUp",
   "unmodifiedText": "-",
   "windowsVirtualKeyCode": 189
}
[1779850088.171][DEBUG]: DevTools WebSocket Command: Input.dispatchKeyEvent (id=559) 0EA677E6C4FBD9738A81F51BE053F03D {
   "code": "KeyK",
   "key": "k",
   "modifiers": 0,
   "text": "k",
   "type": "rawKeyDown",
   "unmodifiedText": "k",
   "windowsVirtualKeyCode": 75
}
[1779850088.171][DEBUG]: DevTools WebSocket Command: Input.dispatchKeyEvent (id=560) 0EA677E6C4FBD9738A81F51BE053F03D {
   "code": "KeyK",
   "key": "k",
   "modifiers": 0,
   "text": "k",
   "type": "char",
   "unmodifiedText": "k",
   "windowsVirtualKeyCode": 75
}
[1779850088.171][DEBUG]: DevTools WebSocket Command: Input.dispatchKeyEvent (id=561) 0EA677E6C4FBD9738A81F51BE053F03D {
   "code": "KeyK",
   "key": "k",
   "modifiers": 0,
   "text": "k",
   "type": "keyUp",
   "unmodifiedText": "k",
   "windowsVirtualKeyCode": 75
}
[1779850088.171][DEBUG]: DevTools WebSocket Command: Input.dispatchKeyEvent (id=562) 0EA677E6C4FBD9738A81F51BE053F03D {
   "code": "ShiftLeft",
   "key": "Shift",
   "modifiers": 0,
   "text": "",
   "type": "rawKeyDown",
   "unmodifiedText": "",
   "windowsVirtualKeyCode": 16
}
[1779850088.172][DEBUG]: DevTools WebSocket Command: Input.dispatchKeyEvent (id=563) 0EA677E6C4FBD9738A81F51BE053F03D {
   "code": "Slash",
   "key": "?",
   "modifiers": 8,
   "text": "?",
   "type": "rawKeyDown",
   "unmodifiedText": "/",
   "windowsVirtualKeyCode": 191
}
[1779850088.172][DEBUG]: DevTools WebSocket Command: Input.dispatchKeyEvent (id=564) 0EA677E6C4FBD9738A81F51BE053F03D {
   "code": "Slash",
   "key": "?",
   "modifiers": 8,
   "text": "?",
   "type": "char",
   "unmodifiedText": "/",
   "windowsVirtualKeyCode": 191
}
[1779850088.172][DEBUG]: DevTools WebSocket Command: Input.dispatchKeyEvent (id=565) 0EA677E6C4FBD9738A81F51BE053F03D {
   "code": "Slash",
   "key": "?",
   "modifiers": 8,
   "text": "?",
   "type": "keyUp",
   "unmodifiedText": "/",
   "windowsVirtualKeyCode": 191
}
[1779850088.172][DEBUG]: DevTools WebSocket Command: Input.dispatchKeyEvent (id=566) 0EA677E6C4FBD9738A81F51BE053F03D {
   "code": "ShiftLeft",
   "key": "Shift",
   "modifiers": 0,
   "text": "",
   "type": "keyUp",
   "unmodifiedText": "",
   "windowsVirtualKeyCode": 16
}
[1779850088.172][DEBUG]: DevTools WebSocket Command: Input.dispatchKeyEvent (id=567) 0EA677E6C4FBD9738A81F51BE053F03D {
   "code": "KeyS",
   "key": "s",
   "modifiers": 0,
   "text": "s",
   "type": "rawKeyDown",
   "unmodifiedText": "s",
   "windowsVirtualKeyCode": 83
}
[1779850088.173][DEBUG]: DevTools WebSocket Command: Input.dispatchKeyEvent (id=568) 0EA677E6C4FBD9738A81F51BE053F03D {
   "code": "KeyS",
   "key": "s",
   "modifiers": 0,
   "text": "s",
   "type": "char",
   "unmodifiedText": "s",
   "windowsVirtualKeyCode": 83
}
[1779850088.173][DEBUG]: DevTools WebSocket Command: Input.dispatchKeyEvent (id=569) 0EA677E6C4FBD9738A81F51BE053F03D {
   "code": "KeyS",
   "key": "s",
   "modifiers": 0,
   "text": "s",
   "type": "keyUp",
   "unmodifiedText": "s",
   "windowsVirtualKeyCode": 83
}
[1779850088.173][DEBUG]: DevTools WebSocket Command: Input.dispatchKeyEvent (id=570) 0EA677E6C4FBD9738A81F51BE053F03D {
   "code": "KeyI",
   "key": "i",
   "modifiers": 0,
   "text": "i",
   "type": "rawKeyDown",
   "unmodifiedText": "i",
   "windowsVirtualKeyCode": 73
}
[1779850088.174][DEBUG]: DevTools WebSocket Command: Input.dispatchKeyEvent (id=571) 0EA677E6C4FBD9738A81F51BE053F03D {
   "code": "KeyI",
   "key": "i",
   "modifiers": 0,
   "text": "i",
   "type": "char",
   "unmodifiedText": "i",
   "windowsVirtualKeyCode": 73
}
[1779850088.174][DEBUG]: DevTools WebSocket Command: Input.dispatchKeyEvent (id=572) 0EA677E6C4FBD9738A81F51BE053F03D {
   "code": "KeyI",
   "key": "i",
   "modifiers": 0,
   "text": "i",
   "type": "keyUp",
   "unmodifiedText": "i",
   "windowsVirtualKeyCode": 73
}
[1779850088.174][DEBUG]: DevTools WebSocket Command: Input.dispatchKeyEvent (id=573) 0EA677E6C4FBD9738A81F51BE053F03D {
   "code": "Equal",
   "key": "=",
   "modifiers": 0,
   "text": "=",
   "type": "rawKeyDown",
   "unmodifiedText": "=",
   "windowsVirtualKeyCode": 187
}
[1779850088.174][DEBUG]: DevTools WebSocket Command: Input.dispatchKeyEvent (id=574) 0EA677E6C4FBD9738A81F51BE053F03D {
   "code": "Equal",
   "key": "=",
   "modifiers": 0,
   "text": "=",
   "type": "char",
   "unmodifiedText": "=",
   "windowsVirtualKeyCode": 187
}
[1779850088.174][DEBUG]: DevTools WebSocket Command: Input.dispatchKeyEvent (id=575) 0EA677E6C4FBD9738A81F51BE053F03D {
   "code": "Equal",
   "key": "=",
   "modifiers": 0,
   "text": "=",
   "type": "keyUp",
   "unmodifiedText": "=",
   "windowsVirtualKeyCode": 187
}
[1779850088.175][DEBUG]: DevTools WebSocket Command: Input.dispatchKeyEvent (id=576) 0EA677E6C4FBD9738A81F51BE053F03D {
   "code": "ShiftLeft",
   "key": "Shift",
   "modifiers": 0,
   "text": "",
   "type": "rawKeyDown",
   "unmodifiedText": "",
   "windowsVirtualKeyCode": 16
}
[1779850088.175][DEBUG]: DevTools WebSocket Command: Input.dispatchKeyEvent (id=577) 0EA677E6C4FBD9738A81F51BE053F03D {
   "code": "KeyU",
   "key": "U",
   "modifiers": 8,
   "text": "U",
   "type": "rawKeyDown",
   "unmodifiedText": "u",
   "windowsVirtualKeyCode": 85
}
[1779850088.175][DEBUG]: DevTools WebSocket Command: Input.dispatchKeyEvent (id=578) 0EA677E6C4FBD9738A81F51BE053F03D {
   "code": "KeyU",
   "key": "U",
   "modifiers": 8,
   "text": "U",
   "type": "char",
   "unmodifiedText": "u",
   "windowsVirtualKeyCode": 85
}
[1779850088.175][DEBUG]: DevTools WebSocket Command: Input.dispatchKeyEvent (id=579) 0EA677E6C4FBD9738A81F51BE053F03D {
   "code": "KeyU",
   "key": "U",
   "modifiers": 8,
   "text": "U",
   "type": "keyUp",
   "unmodifiedText": "u",
   "windowsVirtualKeyCode": 85
}
[1779850088.175][DEBUG]: DevTools WebSocket Command: Input.dispatchKeyEvent (id=580) 0EA677E6C4FBD9738A81F51BE053F03D {
   "code": "ShiftLeft",
   "key": "Shift",
   "modifiers": 0,
   "text": "",
   "type": "keyUp",
   "unmodifiedText": "",
   "windowsVirtualKeyCode": 16
}
[1779850088.176][DEBUG]: DevTools WebSocket Command: Input.dispatchKeyEvent (id=581) 0EA677E6C4FBD9738A81F51BE053F03D {
   "code": "ShiftLeft",
   "key": "Shift",
   "modifiers": 0,
   "text": "",
   "type": "rawKeyDown",
   "unmodifiedText": "",
   "windowsVirtualKeyCode": 16
}
[1779850088.176][DEBUG]: DevTools WebSocket Command: Input.dispatchKeyEvent (id=582) 0EA677E6C4FBD9738A81F51BE053F03D {
   "code": "KeyD",
   "key": "D",
   "modifiers": 8,
   "text": "D",
   "type": "rawKeyDown",
   "unmodifiedText": "d",
   "windowsVirtualKeyCode": 68
}
[1779850088.176][DEBUG]: DevTools WebSocket Command: Input.dispatchKeyEvent (id=583) 0EA677E6C4FBD9738A81F51BE053F03D {
   "code": "KeyD",
   "key": "D",
   "modifiers": 8,
   "text": "D",
   "type": "char",
   "unmodifiedText": "d",
   "windowsVirtualKeyCode": 68
}
[1779850088.176][DEBUG]: DevTools WebSocket Command: Input.dispatchKeyEvent (id=584) 0EA677E6C4FBD9738A81F51BE053F03D {
   "code": "KeyD",
   "key": "D",
   "modifiers": 8,
   "text": "D",
   "type": "keyUp",
   "unmodifiedText": "d",
   "windowsVirtualKeyCode": 68
}
[1779850088.176][DEBUG]: DevTools WebSocket Command: Input.dispatchKeyEvent (id=585) 0EA677E6C4FBD9738A81F51BE053F03D {
   "code": "ShiftLeft",
   "key": "Shift",
   "modifiers": 0,
   "text": "",
   "type": "keyUp",
   "unmodifiedText": "",
   "windowsVirtualKeyCode": 16
}
[1779850088.177][DEBUG]: DevTools WebSocket Command: Input.dispatchKeyEvent (id=586) 0EA677E6C4FBD9738A81F51BE053F03D {
   "code": "KeyW",
   "key": "w",
   "modifiers": 0,
   "text": "w",
   "type": "rawKeyDown",
   "unmodifiedText": "w",
   "windowsVirtualKeyCode": 87
}
[1779850088.177][DEBUG]: DevTools WebSocket Command: Input.dispatchKeyEvent (id=587) 0EA677E6C4FBD9738A81F51BE053F03D {
   "code": "KeyW",
   "key": "w",
   "modifiers": 0,
   "text": "w",
   "type": "char",
   "unmodifiedText": "w",
   "windowsVirtualKeyCode": 87
}
[1779850088.177][DEBUG]: DevTools WebSocket Command: Input.dispatchKeyEvent (id=588) 0EA677E6C4FBD9738A81F51BE053F03D {
   "code": "KeyW",
   "key": "w",
   "modifiers": 0,
   "text": "w",
   "type": "keyUp",
   "unmodifiedText": "w",
   "windowsVirtualKeyCode": 87
}
[1779850088.177][DEBUG]: DevTools WebSocket Command: Input.dispatchKeyEvent (id=589) 0EA677E6C4FBD9738A81F51BE053F03D {
   "code": "ShiftLeft",
   "key": "Shift",
   "modifiers": 0,
   "text": "",
   "type": "rawKeyDown",
   "unmodifiedText": "",
   "windowsVirtualKeyCode": 16
}
[1779850088.177][DEBUG]: DevTools WebSocket Command: Input.dispatchKeyEvent (id=590) 0EA677E6C4FBD9738A81F51BE053F03D {
   "code": "KeyV",
   "key": "V",
   "modifiers": 8,
   "text": "V",
   "type": "rawKeyDown",
   "unmodifiedText": "v",
   "windowsVirtualKeyCode": 86
}
[1779850088.178][DEBUG]: DevTools WebSocket Command: Input.dispatchKeyEvent (id=591) 0EA677E6C4FBD9738A81F51BE053F03D {
   "code": "KeyV",
   "key": "V",
   "modifiers": 8,
   "text": "V",
   "type": "char",
   "unmodifiedText": "v",
   "windowsVirtualKeyCode": 86
}
[1779850088.178][DEBUG]: DevTools WebSocket Command: Input.dispatchKeyEvent (id=592) 0EA677E6C4FBD9738A81F51BE053F03D {
   "code": "KeyV",
   "key": "V",
   "modifiers": 8,
   "text": "V",
   "type": "keyUp",
   "unmodifiedText": "v",
   "windowsVirtualKeyCode": 86
}
[1779850088.178][DEBUG]: DevTools WebSocket Command: Input.dispatchKeyEvent (id=593) 0EA677E6C4FBD9738A81F51BE053F03D {
   "code": "ShiftLeft",
   "key": "Shift",
   "modifiers": 0,
   "text": "",
   "type": "keyUp",
   "unmodifiedText": "",
   "windowsVirtualKeyCode": 16
}
[1779850088.178][DEBUG]: DevTools WebSocket Command: Input.dispatchKeyEvent (id=594) 0EA677E6C4FBD9738A81F51BE053F03D {
   "code": "KeyJ",
   "key": "j",
   "modifiers": 0,
   "text": "j",
   "type": "rawKeyDown",
   "unmodifiedText": "j",
   "windowsVirtualKeyCode": 74
}
[1779850088.178][DEBUG]: DevTools WebSocket Command: Input.dispatchKeyEvent (id=595) 0EA677E6C4FBD9738A81F51BE053F03D {
   "code": "KeyJ",
   "key": "j",
   "modifiers": 0,
   "text": "j",
   "type": "char",
   "unmodifiedText": "j",
   "windowsVirtualKeyCode": 74
}
[1779850088.179][DEBUG]: DevTools WebSocket Command: Input.dispatchKeyEvent (id=596) 0EA677E6C4FBD9738A81F51BE053F03D {
   "code": "KeyJ",
   "key": "j",
   "modifiers": 0,
   "text": "j",
   "type": "keyUp",
   "unmodifiedText": "j",
   "windowsVirtualKeyCode": 74
}
[1779850088.179][DEBUG]: DevTools WebSocket Command: Input.dispatchKeyEvent (id=597) 0EA677E6C4FBD9738A81F51BE053F03D {
   "code": "KeyA",
   "key": "a",
   "modifiers": 0,
   "text": "a",
   "type": "rawKeyDown",
   "unmodifiedText": "a",
   "windowsVirtualKeyCode": 65
}
[1779850088.179][DEBUG]: DevTools WebSocket Command: Input.dispatchKeyEvent (id=598) 0EA677E6C4FBD9738A81F51BE053F03D {
   "code": "KeyA",
   "key": "a",
   "modifiers": 0,
   "text": "a",
   "type": "char",
   "unmodifiedText": "a",
   "windowsVirtualKeyCode": 65
}
[1779850088.179][DEBUG]: DevTools WebSocket Command: Input.dispatchKeyEvent (id=599) 0EA677E6C4FBD9738A81F51BE053F03D {
   "code": "KeyA",
   "key": "a",
   "modifiers": 0,
   "text": "a",
   "type": "keyUp",
   "unmodifiedText": "a",
   "windowsVirtualKeyCode": 65
}
[1779850088.179][DEBUG]: DevTools WebSocket Command: Input.dispatchKeyEvent (id=600) 0EA677E6C4FBD9738A81F51BE053F03D {
   "code": "KeyL",
   "key": "l",
   "modifiers": 0,
   "text": "l",
   "type": "rawKeyDown",
   "unmodifiedText": "l",
   "windowsVirtualKeyCode": 76
}
[1779850088.180][DEBUG]: DevTools WebSocket Command: Input.dispatchKeyEvent (id=601) 0EA677E6C4FBD9738A81F51BE053F03D {
   "code": "KeyL",
   "key": "l",
   "modifiers": 0,
   "text": "l",
   "type": "char",
   "unmodifiedText": "l",
   "windowsVirtualKeyCode": 76
}
[1779850088.180][DEBUG]: DevTools WebSocket Command: Input.dispatchKeyEvent (id=602) 0EA677E6C4FBD9738A81F51BE053F03D {
   "code": "KeyL",
   "key": "l",
   "modifiers": 0,
   "text": "l",
   "type": "keyUp",
   "unmodifiedText": "l",
   "windowsVirtualKeyCode": 76
}
[1779850088.180][DEBUG]: DevTools WebSocket Command: Input.dispatchKeyEvent (id=603) 0EA677E6C4FBD9738A81F51BE053F03D {
   "code": "ShiftLeft",
   "key": "Shift",
   "modifiers": 0,
   "text": "",
   "type": "rawKeyDown",
   "unmodifiedText": "",
   "windowsVirtualKeyCode": 16
}
[1779850088.180][DEBUG]: DevTools WebSocket Command: Input.dispatchKeyEvent (id=604) 0EA677E6C4FBD9738A81F51BE053F03D {
   "code": "KeyF",
   "key": "F",
   "modifiers": 8,
   "text": "F",
   "type": "rawKeyDown",
   "unmodifiedText": "f",
   "windowsVirtualKeyCode": 70
}
[1779850088.180][DEBUG]: DevTools WebSocket Command: Input.dispatchKeyEvent (id=605) 0EA677E6C4FBD9738A81F51BE053F03D {
   "code": "KeyF",
   "key": "F",
   "modifiers": 8,
   "text": "F",
   "type": "char",
   "unmodifiedText": "f",
   "windowsVirtualKeyCode": 70
}
[1779850088.181][DEBUG]: DevTools WebSocket Command: Input.dispatchKeyEvent (id=606) 0EA677E6C4FBD9738A81F51BE053F03D {
   "code": "KeyF",
   "key": "F",
   "modifiers": 8,
   "text": "F",
   "type": "keyUp",
   "unmodifiedText": "f",
   "windowsVirtualKeyCode": 70
}
[1779850088.181][DEBUG]: DevTools WebSocket Command: Input.dispatchKeyEvent (id=607) 0EA677E6C4FBD9738A81F51BE053F03D {
   "code": "ShiftLeft",
   "key": "Shift",
   "modifiers": 0,
   "text": "",
   "type": "keyUp",
   "unmodifiedText": "",
   "windowsVirtualKeyCode": 16
}
[1779850088.181][DEBUG]: DevTools WebSocket Command: Input.dispatchKeyEvent (id=608) 0EA677E6C4FBD9738A81F51BE053F03D {
   "code": "ShiftLeft",
   "key": "Shift",
   "modifiers": 0,
   "text": "",
   "type": "rawKeyDown",
   "unmodifiedText": "",
   "windowsVirtualKeyCode": 16
}
[1779850088.181][DEBUG]: DevTools WebSocket Command: Input.dispatchKeyEvent (id=609) 0EA677E6C4FBD9738A81F51BE053F03D {
   "code": "KeyU",
   "key": "U",
   "modifiers": 8,
   "text": "U",
   "type": "rawKeyDown",
   "unmodifiedText": "u",
   "windowsVirtualKeyCode": 85
}
[1779850088.181][DEBUG]: DevTools WebSocket Command: Input.dispatchKeyEvent (id=610) 0EA677E6C4FBD9738A81F51BE053F03D {
   "code": "KeyU",
   "key": "U",
   "modifiers": 8,
   "text": "U",
   "type": "char",
   "unmodifiedText": "u",
   "windowsVirtualKeyCode": 85
}
[1779850088.182][DEBUG]: DevTools WebSocket Command: Input.dispatchKeyEvent (id=611) 0EA677E6C4FBD9738A81F51BE053F03D {
   "code": "KeyU",
   "key": "U",
   "modifiers": 8,
   "text": "U",
   "type": "keyUp",
   "unmodifiedText": "u",
   "windowsVirtualKeyCode": 85
}
[1779850088.182][DEBUG]: DevTools WebSocket Command: Input.dispatchKeyEvent (id=612) 0EA677E6C4FBD9738A81F51BE053F03D {
   "code": "ShiftLeft",
   "key": "Shift",
   "modifiers": 0,
   "text": "",
   "type": "keyUp",
   "unmodifiedText": "",
   "windowsVirtualKeyCode": 16
}
[1779850088.182][DEBUG]: DevTools WebSocket Command: Input.dispatchKeyEvent (id=613) 0EA677E6C4FBD9738A81F51BE053F03D {
   "code": "ShiftLeft",
   "key": "Shift",
   "modifiers": 0,
   "text": "",
   "type": "rawKeyDown",
   "unmodifiedText": "",
   "windowsVirtualKeyCode": 16
}
[1779850088.182][DEBUG]: DevTools WebSocket Command: Input.dispatchKeyEvent (id=614) 0EA677E6C4FBD9738A81F51BE053F03D {
   "code": "KeyB",
   "key": "B",
   "modifiers": 8,
   "text": "B",
   "type": "rawKeyDown",
   "unmodifiedText": "b",
   "windowsVirtualKeyCode": 66
}
[1779850088.183][DEBUG]: DevTools WebSocket Command: Input.dispatchKeyEvent (id=615) 0EA677E6C4FBD9738A81F51BE053F03D {
   "code": "KeyB",
   "key": "B",
   "modifiers": 8,
   "text": "B",
   "type": "char",
   "unmodifiedText": "b",
   "windowsVirtualKeyCode": 66
}
[1779850088.183][DEBUG]: DevTools WebSocket Command: Input.dispatchKeyEvent (id=616) 0EA677E6C4FBD9738A81F51BE053F03D {
   "code": "KeyB",
   "key": "B",
   "modifiers": 8,
   "text": "B",
   "type": "keyUp",
   "unmodifiedText": "b",
   "windowsVirtualKeyCode": 66
}
[1779850088.183][DEBUG]: DevTools WebSocket Command: Input.dispatchKeyEvent (id=617) 0EA677E6C4FBD9738A81F51BE053F03D {
   "code": "ShiftLeft",
   "key": "Shift",
   "modifiers": 0,
   "text": "",
   "type": "keyUp",
   "unmodifiedText": "",
   "windowsVirtualKeyCode": 16
}
[1779850088.183][DEBUG]: DevTools WebSocket Command: Input.dispatchKeyEvent (id=618) 0EA677E6C4FBD9738A81F51BE053F03D {
   "code": "ShiftLeft",
   "key": "Shift",
   "modifiers": 0,
   "text": "",
   "type": "rawKeyDown",
   "unmodifiedText": "",
   "windowsVirtualKeyCode": 16
}
[1779850088.183][DEBUG]: DevTools WebSocket Command: Input.dispatchKeyEvent (id=619) 0EA677E6C4FBD9738A81F51BE053F03D {
   "code": "KeyU",
   "key": "U",
   "modifiers": 8,
   "text": "U",
   "type": "rawKeyDown",
   "unmodifiedText": "u",
   "windowsVirtualKeyCode": 85
}
[1779850088.184][DEBUG]: DevTools WebSocket Command: Input.dispatchKeyEvent (id=620) 0EA677E6C4FBD9738A81F51BE053F03D {
   "code": "KeyU",
   "key": "U",
   "modifiers": 8,
   "text": "U",
   "type": "char",
   "unmodifiedText": "u",
   "windowsVirtualKeyCode": 85
}
[1779850088.184][DEBUG]: DevTools WebSocket Command: Input.dispatchKeyEvent (id=621) 0EA677E6C4FBD9738A81F51BE053F03D {
   "code": "KeyU",
   "key": "U",
   "modifiers": 8,
   "text": "U",
   "type": "keyUp",
   "unmodifiedText": "u",
   "windowsVirtualKeyCode": 85
}
[1779850088.184][DEBUG]: DevTools WebSocket Command: Input.dispatchKeyEvent (id=622) 0EA677E6C4FBD9738A81F51BE053F03D {
   "code": "ShiftLeft",
   "key": "Shift",
   "modifiers": 0,
   "text": "",
   "type": "keyUp",
   "unmodifiedText": "",
   "windowsVirtualKeyCode": 16
}
[1779850088.184][DEBUG]: DevTools WebSocket Command: Input.dispatchKeyEvent (id=623) 0EA677E6C4FBD9738A81F51BE053F03D {
   "code": "ShiftLeft",
   "key": "Shift",
   "modifiers": 0,
   "text": "",
   "type": "rawKeyDown",
   "unmodifiedText": "",
   "windowsVirtualKeyCode": 16
}
[1779850088.184][DEBUG]: DevTools WebSocket Command: Input.dispatchKeyEvent (id=624) 0EA677E6C4FBD9738A81F51BE053F03D {
   "code": "KeyE",
   "key": "E",
   "modifiers": 8,
   "text": "E",
   "type": "rawKeyDown",
   "unmodifiedText": "e",
   "windowsVirtualKeyCode": 69
}
[1779850088.185][DEBUG]: DevTools WebSocket Command: Input.dispatchKeyEvent (id=625) 0EA677E6C4FBD9738A81F51BE053F03D {
   "code": "KeyE",
   "key": "E",
   "modifiers": 8,
   "text": "E",
   "type": "char",
   "unmodifiedText": "e",
   "windowsVirtualKeyCode": 69
}
[1779850088.185][DEBUG]: DevTools WebSocket Command: Input.dispatchKeyEvent (id=626) 0EA677E6C4FBD9738A81F51BE053F03D {
   "code": "KeyE",
   "key": "E",
   "modifiers": 8,
   "text": "E",
   "type": "keyUp",
   "unmodifiedText": "e",
   "windowsVirtualKeyCode": 69
}
[1779850088.185][DEBUG]: DevTools WebSocket Command: Input.dispatchKeyEvent (id=627) 0EA677E6C4FBD9738A81F51BE053F03D {
   "code": "ShiftLeft",
   "key": "Shift",
   "modifiers": 0,
   "text": "",
   "type": "keyUp",
   "unmodifiedText": "",
   "windowsVirtualKeyCode": 16
}
[1779850088.185][DEBUG]: DevTools WebSocket Command: Input.dispatchKeyEvent (id=628) 0EA677E6C4FBD9738A81F51BE053F03D {
   "code": "ShiftLeft",
   "key": "Shift",
   "modifiers": 0,
   "text": "",
   "type": "rawKeyDown",
   "unmodifiedText": "",
   "windowsVirtualKeyCode": 16
}
[1779850088.185][DEBUG]: DevTools WebSocket Command: Input.dispatchKeyEvent (id=629) 0EA677E6C4FBD9738A81F51BE053F03D {
   "code": "KeyX",
   "key": "X",
   "modifiers": 8,
   "text": "X",
   "type": "rawKeyDown",
   "unmodifiedText": "x",
   "windowsVirtualKeyCode": 88
}
[1779850088.186][DEBUG]: DevTools WebSocket Command: Input.dispatchKeyEvent (id=630) 0EA677E6C4FBD9738A81F51BE053F03D {
   "code": "KeyX",
   "key": "X",
   "modifiers": 8,
   "text": "X",
   "type": "char",
   "unmodifiedText": "x",
   "windowsVirtualKeyCode": 88
}
[1779850088.186][DEBUG]: DevTools WebSocket Command: Input.dispatchKeyEvent (id=631) 0EA677E6C4FBD9738A81F51BE053F03D {
   "code": "KeyX",
   "key": "X",
   "modifiers": 8,
   "text": "X",
   "type": "keyUp",
   "unmodifiedText": "x",
   "windowsVirtualKeyCode": 88
}
[1779850088.186][DEBUG]: DevTools WebSocket Command: Input.dispatchKeyEvent (id=632) 0EA677E6C4FBD9738A81F51BE053F03D {
   "code": "ShiftLeft",
   "key": "Shift",
   "modifiers": 0,
   "text": "",
   "type": "keyUp",
   "unmodifiedText": "",
   "windowsVirtualKeyCode": 16
}
[1779850088.186][DEBUG]: DevTools WebSocket Command: Input.dispatchKeyEvent (id=633) 0EA677E6C4FBD9738A81F51BE053F03D {
   "code": "KeyX",
   "key": "x",
   "modifiers": 0,
   "text": "x",
   "type": "rawKeyDown",
   "unmodifiedText": "x",
   "windowsVirtualKeyCode": 88
}
[1779850088.186][DEBUG]: DevTools WebSocket Command: Input.dispatchKeyEvent (id=634) 0EA677E6C4FBD9738A81F51BE053F03D {
   "code": "KeyX",
   "key": "x",
   "modifiers": 0,
   "text": "x",
   "type": "char",
   "unmodifiedText": "x",
   "windowsVirtualKeyCode": 88
}
[1779850088.187][DEBUG]: DevTools WebSocket Command: Input.dispatchKeyEvent (id=635) 0EA677E6C4FBD9738A81F51BE053F03D {
   "code": "KeyX",
   "key": "x",
   "modifiers": 0,
   "text": "x",
   "type": "keyUp",
   "unmodifiedText": "x",
   "windowsVirtualKeyCode": 88
}
[1779850088.187][DEBUG]: DevTools WebSocket Command: Input.dispatchKeyEvent (id=636) 0EA677E6C4FBD9738A81F51BE053F03D {
   "code": "ShiftLeft",
   "key": "Shift",
   "modifiers": 0,
   "text": "",
   "type": "rawKeyDown",
   "unmodifiedText": "",
   "windowsVirtualKeyCode": 16
}
[1779850088.187][DEBUG]: DevTools WebSocket Command: Input.dispatchKeyEvent (id=637) 0EA677E6C4FBD9738A81F51BE053F03D {
   "code": "KeyU",
   "key": "U",
   "modifiers": 8,
   "text": "U",
   "type": "rawKeyDown",
   "unmodifiedText": "u",
   "windowsVirtualKeyCode": 85
}
[1779850088.187][DEBUG]: DevTools WebSocket Command: Input.dispatchKeyEvent (id=638) 0EA677E6C4FBD9738A81F51BE053F03D {
   "code": "KeyU",
   "key": "U",
   "modifiers": 8,
   "text": "U",
   "type": "char",
   "unmodifiedText": "u",
   "windowsVirtualKeyCode": 85
}
[1779850088.187][DEBUG]: DevTools WebSocket Command: Input.dispatchKeyEvent (id=639) 0EA677E6C4FBD9738A81F51BE053F03D {
   "code": "KeyU",
   "key": "U",
   "modifiers": 8,
   "text": "U",
   "type": "keyUp",
   "unmodifiedText": "u",
   "windowsVirtualKeyCode": 85
}
[1779850088.188][DEBUG]: DevTools WebSocket Command: Input.dispatchKeyEvent (id=640) 0EA677E6C4FBD9738A81F51BE053F03D {
   "code": "ShiftLeft",
   "key": "Shift",
   "modifiers": 0,
   "text": "",
   "type": "keyUp",
   "unmodifiedText": "",
   "windowsVirtualKeyCode": 16
}
[1779850088.188][DEBUG]: DevTools WebSocket Command: Input.dispatchKeyEvent (id=641) 0EA677E6C4FBD9738A81F51BE053F03D {
   "code": "ShiftLeft",
   "key": "Shift",
   "modifiers": 0,
   "text": "",
   "type": "rawKeyDown",
   "unmodifiedText": "",
   "windowsVirtualKeyCode": 16
}
[1779850088.188][DEBUG]: DevTools WebSocket Command: Input.dispatchKeyEvent (id=642) 0EA677E6C4FBD9738A81F51BE053F03D {
   "code": "KeyT",
   "key": "T",
   "modifiers": 8,
   "text": "T",
   "type": "rawKeyDown",
   "unmodifiedText": "t",
   "windowsVirtualKeyCode": 84
}
[1779850088.188][DEBUG]: DevTools WebSocket Command: Input.dispatchKeyEvent (id=643) 0EA677E6C4FBD9738A81F51BE053F03D {
   "code": "KeyT",
   "key": "T",
   "modifiers": 8,
   "text": "T",
   "type": "char",
   "unmodifiedText": "t",
   "windowsVirtualKeyCode": 84
}
[1779850088.189][DEBUG]: DevTools WebSocket Command: Input.dispatchKeyEvent (id=644) 0EA677E6C4FBD9738A81F51BE053F03D {
   "code": "KeyT",
   "key": "T",
   "modifiers": 8,
   "text": "T",
   "type": "keyUp",
   "unmodifiedText": "t",
   "windowsVirtualKeyCode": 84
}
[1779850088.189][DEBUG]: DevTools WebSocket Command: Input.dispatchKeyEvent (id=645) 0EA677E6C4FBD9738A81F51BE053F03D {
   "code": "ShiftLeft",
   "key": "Shift",
   "modifiers": 0,
   "text": "",
   "type": "keyUp",
   "unmodifiedText": "",
   "windowsVirtualKeyCode": 16
}
[1779850088.189][DEBUG]: DevTools WebSocket Response: Input.dispatchKeyEvent (id=425) 0EA677E6C4FBD9738A81F51BE053F03D {

}
[1779850088.189][DEBUG]: DevTools WebSocket Response: Input.dispatchKeyEvent (id=426) 0EA677E6C4FBD9738A81F51BE053F03D {

}
[1779850088.189][DEBUG]: DevTools WebSocket Response: Input.dispatchKeyEvent (id=427) 0EA677E6C4FBD9738A81F51BE053F03D {

}
[1779850088.189][DEBUG]: DevTools WebSocket Response: Input.dispatchKeyEvent (id=428) 0EA677E6C4FBD9738A81F51BE053F03D {

}
[1779850088.189][DEBUG]: DevTools WebSocket Response: Input.dispatchKeyEvent (id=429) 0EA677E6C4FBD9738A81F51BE053F03D {

}
[1779850088.189][DEBUG]: DevTools WebSocket Response: Input.dispatchKeyEvent (id=430) 0EA677E6C4FBD9738A81F51BE053F03D {

}
[1779850088.189][DEBUG]: DevTools WebSocket Response: Input.dispatchKeyEvent (id=431) 0EA677E6C4FBD9738A81F51BE053F03D {

}
[1779850088.189][DEBUG]: DevTools WebSocket Response: Input.dispatchKeyEvent (id=432) 0EA677E6C4FBD9738A81F51BE053F03D {

}
[1779850088.189][DEBUG]: DevTools WebSocket Response: Input.dispatchKeyEvent (id=433) 0EA677E6C4FBD9738A81F51BE053F03D {

}
[1779850088.189][DEBUG]: DevTools WebSocket Response: Input.dispatchKeyEvent (id=434) 0EA677E6C4FBD9738A81F51BE053F03D {

}
[1779850088.195][DEBUG]: DevTools WebSocket Response: Input.dispatchKeyEvent (id=435) 0EA677E6C4FBD9738A81F51BE053F03D {

}
[1779850088.195][DEBUG]: DevTools WebSocket Response: Input.dispatchKeyEvent (id=436) 0EA677E6C4FBD9738A81F51BE053F03D {

}
[1779850088.195][DEBUG]: DevTools WebSocket Response: Input.dispatchKeyEvent (id=437) 0EA677E6C4FBD9738A81F51BE053F03D {

}
[1779850088.199][DEBUG]: DevTools WebSocket Response: Input.dispatchKeyEvent (id=438) 0EA677E6C4FBD9738A81F51BE053F03D {

}
[1779850088.199][DEBUG]: DevTools WebSocket Response: Input.dispatchKeyEvent (id=439) 0EA677E6C4FBD9738A81F51BE053F03D {

}
[1779850088.199][DEBUG]: DevTools WebSocket Response: Input.dispatchKeyEvent (id=440) 0EA677E6C4FBD9738A81F51BE053F03D {

}
[1779850088.199][DEBUG]: DevTools WebSocket Response: Input.dispatchKeyEvent (id=441) 0EA677E6C4FBD9738A81F51BE053F03D {

}
[1779850088.199][DEBUG]: DevTools WebSocket Response: Input.dispatchKeyEvent (id=442) 0EA677E6C4FBD9738A81F51BE053F03D {

}
[1779850088.199][DEBUG]: DevTools WebSocket Response: Input.dispatchKeyEvent (id=443) 0EA677E6C4FBD9738A81F51BE053F03D {

}
[1779850088.199][DEBUG]: DevTools WebSocket Response: Input.dispatchKeyEvent (id=444) 0EA677E6C4FBD9738A81F51BE053F03D {

}
[1779850088.199][DEBUG]: DevTools WebSocket Response: Input.dispatchKeyEvent (id=445) 0EA677E6C4FBD9738A81F51BE053F03D {

}
[1779850088.199][DEBUG]: DevTools WebSocket Response: Input.dispatchKeyEvent (id=446) 0EA677E6C4FBD9738A81F51BE053F03D {

}
[1779850088.199][DEBUG]: DevTools WebSocket Response: Input.dispatchKeyEvent (id=447) 0EA677E6C4FBD9738A81F51BE053F03D {

}
[1779850088.199][DEBUG]: DevTools WebSocket Response: Input.dispatchKeyEvent (id=448) 0EA677E6C4FBD9738A81F51BE053F03D {

}
[1779850088.206][DEBUG]: DevTools WebSocket Response: Input.dispatchKeyEvent (id=449) 0EA677E6C4FBD9738A81F51BE053F03D {

}
[1779850088.207][DEBUG]: DevTools WebSocket Response: Input.dispatchKeyEvent (id=450) 0EA677E6C4FBD9738A81F51BE053F03D {

}
[1779850088.207][DEBUG]: DevTools WebSocket Response: Input.dispatchKeyEvent (id=451) 0EA677E6C4FBD9738A81F51BE053F03D {

}
[1779850088.207][DEBUG]: DevTools WebSocket Response: Input.dispatchKeyEvent (id=452) 0EA677E6C4FBD9738A81F51BE053F03D {

}
[1779850088.207][DEBUG]: DevTools WebSocket Response: Input.dispatchKeyEvent (id=453) 0EA677E6C4FBD9738A81F51BE053F03D {

}
[1779850088.207][DEBUG]: DevTools WebSocket Response: Input.dispatchKeyEvent (id=454) 0EA677E6C4FBD9738A81F51BE053F03D {

}
[1779850088.208][DEBUG]: DevTools WebSocket Response: Input.dispatchKeyEvent (id=455) 0EA677E6C4FBD9738A81F51BE053F03D {

}
[1779850088.208][DEBUG]: DevTools WebSocket Response: Input.dispatchKeyEvent (id=456) 0EA677E6C4FBD9738A81F51BE053F03D {

}
[1779850088.208][DEBUG]: DevTools WebSocket Response: Input.dispatchKeyEvent (id=457) 0EA677E6C4FBD9738A81F51BE053F03D {

}
[1779850088.210][DEBUG]: DevTools WebSocket Response: Input.dispatchKeyEvent (id=458) 0EA677E6C4FBD9738A81F51BE053F03D {

}
[1779850088.210][DEBUG]: DevTools WebSocket Response: Input.dispatchKeyEvent (id=459) 0EA677E6C4FBD9738A81F51BE053F03D {

}
[1779850088.211][DEBUG]: DevTools WebSocket Response: Input.dispatchKeyEvent (id=460) 0EA677E6C4FBD9738A81F51BE053F03D {

}
[1779850088.212][DEBUG]: DevTools WebSocket Response: Input.dispatchKeyEvent (id=461) 0EA677E6C4FBD9738A81F51BE053F03D {

}
[1779850088.213][DEBUG]: DevTools WebSocket Response: Input.dispatchKeyEvent (id=462) 0EA677E6C4FBD9738A81F51BE053F03D {

}
[1779850088.213][DEBUG]: DevTools WebSocket Response: Input.dispatchKeyEvent (id=463) 0EA677E6C4FBD9738A81F51BE053F03D {

}
[1779850088.215][DEBUG]: DevTools WebSocket Response: Input.dispatchKeyEvent (id=464) 0EA677E6C4FBD9738A81F51BE053F03D {

}
[1779850088.215][DEBUG]: DevTools WebSocket Response: Input.dispatchKeyEvent (id=465) 0EA677E6C4FBD9738A81F51BE053F03D {

}
[1779850088.217][DEBUG]: DevTools WebSocket Response: Input.dispatchKeyEvent (id=466) 0EA677E6C4FBD9738A81F51BE053F03D {

}
[1779850088.218][DEBUG]: DevTools WebSocket Response: Input.dispatchKeyEvent (id=467) 0EA677E6C4FBD9738A81F51BE053F03D {

}
[1779850088.219][DEBUG]: DevTools WebSocket Response: Input.dispatchKeyEvent (id=468) 0EA677E6C4FBD9738A81F51BE053F03D {

}
[1779850088.219][DEBUG]: DevTools WebSocket Response: Input.dispatchKeyEvent (id=469) 0EA677E6C4FBD9738A81F51BE053F03D {

}
[1779850088.220][DEBUG]: DevTools WebSocket Response: Input.dispatchKeyEvent (id=470) 0EA677E6C4FBD9738A81F51BE053F03D {

}
[1779850088.221][DEBUG]: DevTools WebSocket Response: Input.dispatchKeyEvent (id=471) 0EA677E6C4FBD9738A81F51BE053F03D {

}
[1779850088.222][DEBUG]: DevTools WebSocket Response: Input.dispatchKeyEvent (id=472) 0EA677E6C4FBD9738A81F51BE053F03D {

}
[1779850088.223][DEBUG]: DevTools WebSocket Response: Input.dispatchKeyEvent (id=473) 0EA677E6C4FBD9738A81F51BE053F03D {

}
[1779850088.223][DEBUG]: DevTools WebSocket Response: Input.dispatchKeyEvent (id=474) 0EA677E6C4FBD9738A81F51BE053F03D {

}
[1779850088.224][DEBUG]: DevTools WebSocket Response: Input.dispatchKeyEvent (id=475) 0EA677E6C4FBD9738A81F51BE053F03D {

}
[1779850088.225][DEBUG]: DevTools WebSocket Response: Input.dispatchKeyEvent (id=476) 0EA677E6C4FBD9738A81F51BE053F03D {

}
[1779850088.226][DEBUG]: DevTools WebSocket Response: Input.dispatchKeyEvent (id=477) 0EA677E6C4FBD9738A81F51BE053F03D {

}
[1779850088.226][DEBUG]: DevTools WebSocket Response: Input.dispatchKeyEvent (id=478) 0EA677E6C4FBD9738A81F51BE053F03D {

}
[1779850088.228][DEBUG]: DevTools WebSocket Response: Input.dispatchKeyEvent (id=479) 0EA677E6C4FBD9738A81F51BE053F03D {

}
[1779850088.228][DEBUG]: DevTools WebSocket Response: Input.dispatchKeyEvent (id=480) 0EA677E6C4FBD9738A81F51BE053F03D {

}
[1779850088.228][DEBUG]: DevTools WebSocket Response: Input.dispatchKeyEvent (id=481) 0EA677E6C4FBD9738A81F51BE053F03D {

}
[1779850088.230][DEBUG]: DevTools WebSocket Response: Input.dispatchKeyEvent (id=482) 0EA677E6C4FBD9738A81F51BE053F03D {

}
[1779850088.230][DEBUG]: DevTools WebSocket Response: Input.dispatchKeyEvent (id=483) 0EA677E6C4FBD9738A81F51BE053F03D {

}
[1779850088.230][DEBUG]: DevTools WebSocket Response: Input.dispatchKeyEvent (id=484) 0EA677E6C4FBD9738A81F51BE053F03D {

}
[1779850088.232][DEBUG]: DevTools WebSocket Response: Input.dispatchKeyEvent (id=485) 0EA677E6C4FBD9738A81F51BE053F03D {

}
[1779850088.233][DEBUG]: DevTools WebSocket Response: Input.dispatchKeyEvent (id=486) 0EA677E6C4FBD9738A81F51BE053F03D {

}
[1779850088.233][DEBUG]: DevTools WebSocket Response: Input.dispatchKeyEvent (id=487) 0EA677E6C4FBD9738A81F51BE053F03D {

}
[1779850088.235][DEBUG]: DevTools WebSocket Response: Input.dispatchKeyEvent (id=488) 0EA677E6C4FBD9738A81F51BE053F03D {

}
[1779850088.235][DEBUG]: DevTools WebSocket Response: Input.dispatchKeyEvent (id=489) 0EA677E6C4FBD9738A81F51BE053F03D {

}
[1779850088.235][DEBUG]: DevTools WebSocket Response: Input.dispatchKeyEvent (id=490) 0EA677E6C4FBD9738A81F51BE053F03D {

}
[1779850088.238][DEBUG]: DevTools WebSocket Response: Input.dispatchKeyEvent (id=491) 0EA677E6C4FBD9738A81F51BE053F03D {

}
[1779850088.238][DEBUG]: DevTools WebSocket Response: Input.dispatchKeyEvent (id=492) 0EA677E6C4FBD9738A81F51BE053F03D {

}
[1779850088.238][DEBUG]: DevTools WebSocket Response: Input.dispatchKeyEvent (id=493) 0EA677E6C4FBD9738A81F51BE053F03D {

}
[1779850088.241][DEBUG]: DevTools WebSocket Response: Input.dispatchKeyEvent (id=494) 0EA677E6C4FBD9738A81F51BE053F03D {

}
[1779850088.241][DEBUG]: DevTools WebSocket Response: Input.dispatchKeyEvent (id=495) 0EA677E6C4FBD9738A81F51BE053F03D {

}
[1779850088.241][DEBUG]: DevTools WebSocket Response: Input.dispatchKeyEvent (id=496) 0EA677E6C4FBD9738A81F51BE053F03D {

}
[1779850088.243][DEBUG]: DevTools WebSocket Response: Input.dispatchKeyEvent (id=497) 0EA677E6C4FBD9738A81F51BE053F03D {

}
[1779850088.243][DEBUG]: DevTools WebSocket Response: Input.dispatchKeyEvent (id=498) 0EA677E6C4FBD9738A81F51BE053F03D {

}
[1779850088.243][DEBUG]: DevTools WebSocket Response: Input.dispatchKeyEvent (id=499) 0EA677E6C4FBD9738A81F51BE053F03D {

}
[1779850088.245][DEBUG]: DevTools WebSocket Response: Input.dispatchKeyEvent (id=500) 0EA677E6C4FBD9738A81F51BE053F03D {

}
[1779850088.245][DEBUG]: DevTools WebSocket Response: Input.dispatchKeyEvent (id=501) 0EA677E6C4FBD9738A81F51BE053F03D {

}
[1779850088.246][DEBUG]: DevTools WebSocket Response: Input.dispatchKeyEvent (id=502) 0EA677E6C4FBD9738A81F51BE053F03D {

}
[1779850088.247][DEBUG]: DevTools WebSocket Response: Input.dispatchKeyEvent (id=503) 0EA677E6C4FBD9738A81F51BE053F03D {

}
[1779850088.248][DEBUG]: DevTools WebSocket Response: Input.dispatchKeyEvent (id=504) 0EA677E6C4FBD9738A81F51BE053F03D {

}
[1779850088.248][DEBUG]: DevTools WebSocket Response: Input.dispatchKeyEvent (id=505) 0EA677E6C4FBD9738A81F51BE053F03D {

}
[1779850088.250][DEBUG]: DevTools WebSocket Response: Input.dispatchKeyEvent (id=506) 0EA677E6C4FBD9738A81F51BE053F03D {

}
[1779850088.250][DEBUG]: DevTools WebSocket Response: Input.dispatchKeyEvent (id=507) 0EA677E6C4FBD9738A81F51BE053F03D {

}
[1779850088.251][DEBUG]: DevTools WebSocket Response: Input.dispatchKeyEvent (id=508) 0EA677E6C4FBD9738A81F51BE053F03D {

}
[1779850088.259][DEBUG]: DevTools WebSocket Response: Input.dispatchKeyEvent (id=509) 0EA677E6C4FBD9738A81F51BE053F03D {

}
[1779850088.259][DEBUG]: DevTools WebSocket Response: Input.dispatchKeyEvent (id=510) 0EA677E6C4FBD9738A81F51BE053F03D {

}
[1779850088.260][DEBUG]: DevTools WebSocket Response: Input.dispatchKeyEvent (id=511) 0EA677E6C4FBD9738A81F51BE053F03D {

}
[1779850088.263][DEBUG]: DevTools WebSocket Response: Input.dispatchKeyEvent (id=512) 0EA677E6C4FBD9738A81F51BE053F03D {

}
[1779850088.263][DEBUG]: DevTools WebSocket Response: Input.dispatchKeyEvent (id=513) 0EA677E6C4FBD9738A81F51BE053F03D {

}
[1779850088.264][DEBUG]: DevTools WebSocket Response: Input.dispatchKeyEvent (id=514) 0EA677E6C4FBD9738A81F51BE053F03D {

}
[1779850088.265][DEBUG]: DevTools WebSocket Response: Input.dispatchKeyEvent (id=515) 0EA677E6C4FBD9738A81F51BE053F03D {

}
[1779850088.265][DEBUG]: DevTools WebSocket Response: Input.dispatchKeyEvent (id=516) 0EA677E6C4FBD9738A81F51BE053F03D {

}
[1779850088.266][DEBUG]: DevTools WebSocket Response: Input.dispatchKeyEvent (id=517) 0EA677E6C4FBD9738A81F51BE053F03D {

}
[1779850088.266][DEBUG]: DevTools WebSocket Response: Input.dispatchKeyEvent (id=518) 0EA677E6C4FBD9738A81F51BE053F03D {

}
[1779850088.268][DEBUG]: DevTools WebSocket Response: Input.dispatchKeyEvent (id=519) 0EA677E6C4FBD9738A81F51BE053F03D {

}
[1779850088.268][DEBUG]: DevTools WebSocket Response: Input.dispatchKeyEvent (id=520) 0EA677E6C4FBD9738A81F51BE053F03D {

}
[1779850088.268][DEBUG]: DevTools WebSocket Response: Input.dispatchKeyEvent (id=521) 0EA677E6C4FBD9738A81F51BE053F03D {

}
[1779850088.268][DEBUG]: DevTools WebSocket Response: Input.dispatchKeyEvent (id=522) 0EA677E6C4FBD9738A81F51BE053F03D {

}
[1779850088.269][DEBUG]: DevTools WebSocket Response: Input.dispatchKeyEvent (id=523) 0EA677E6C4FBD9738A81F51BE053F03D {

}
[1779850088.271][DEBUG]: DevTools WebSocket Response: Input.dispatchKeyEvent (id=524) 0EA677E6C4FBD9738A81F51BE053F03D {

}
[1779850088.271][DEBUG]: DevTools WebSocket Response: Input.dispatchKeyEvent (id=525) 0EA677E6C4FBD9738A81F51BE053F03D {

}
[1779850088.271][DEBUG]: DevTools WebSocket Response: Input.dispatchKeyEvent (id=526) 0EA677E6C4FBD9738A81F51BE053F03D {

}
[1779850088.271][DEBUG]: DevTools WebSocket Response: Input.dispatchKeyEvent (id=527) 0EA677E6C4FBD9738A81F51BE053F03D {

}
[1779850088.273][DEBUG]: DevTools WebSocket Response: Input.dispatchKeyEvent (id=528) 0EA677E6C4FBD9738A81F51BE053F03D {

}
[1779850088.273][DEBUG]: DevTools WebSocket Response: Input.dispatchKeyEvent (id=529) 0EA677E6C4FBD9738A81F51BE053F03D {

}
[1779850088.273][DEBUG]: DevTools WebSocket Response: Input.dispatchKeyEvent (id=530) 0EA677E6C4FBD9738A81F51BE053F03D {

}
[1779850088.273][DEBUG]: DevTools WebSocket Response: Input.dispatchKeyEvent (id=531) 0EA677E6C4FBD9738A81F51BE053F03D {

}
[1779850088.276][DEBUG]: DevTools WebSocket Response: Input.dispatchKeyEvent (id=532) 0EA677E6C4FBD9738A81F51BE053F03D {

}
[1779850088.276][DEBUG]: DevTools WebSocket Response: Input.dispatchKeyEvent (id=533) 0EA677E6C4FBD9738A81F51BE053F03D {

}
[1779850088.276][DEBUG]: DevTools WebSocket Response: Input.dispatchKeyEvent (id=534) 0EA677E6C4FBD9738A81F51BE053F03D {

}
[1779850088.276][DEBUG]: DevTools WebSocket Response: Input.dispatchKeyEvent (id=535) 0EA677E6C4FBD9738A81F51BE053F03D {

}
[1779850088.276][DEBUG]: DevTools WebSocket Response: Input.dispatchKeyEvent (id=536) 0EA677E6C4FBD9738A81F51BE053F03D {

}
[1779850088.278][DEBUG]: DevTools WebSocket Response: Input.dispatchKeyEvent (id=537) 0EA677E6C4FBD9738A81F51BE053F03D {

}
[1779850088.278][DEBUG]: DevTools WebSocket Response: Input.dispatchKeyEvent (id=538) 0EA677E6C4FBD9738A81F51BE053F03D {

}
[1779850088.278][DEBUG]: DevTools WebSocket Response: Input.dispatchKeyEvent (id=539) 0EA677E6C4FBD9738A81F51BE053F03D {

}
[1779850088.278][DEBUG]: DevTools WebSocket Response: Input.dispatchKeyEvent (id=540) 0EA677E6C4FBD9738A81F51BE053F03D {

}
[1779850088.278][DEBUG]: DevTools WebSocket Response: Input.dispatchKeyEvent (id=541) 0EA677E6C4FBD9738A81F51BE053F03D {

}
[1779850088.280][DEBUG]: DevTools WebSocket Response: Input.dispatchKeyEvent (id=542) 0EA677E6C4FBD9738A81F51BE053F03D {

}
[1779850088.281][DEBUG]: DevTools WebSocket Response: Input.dispatchKeyEvent (id=543) 0EA677E6C4FBD9738A81F51BE053F03D {

}
[1779850088.281][DEBUG]: DevTools WebSocket Response: Input.dispatchKeyEvent (id=544) 0EA677E6C4FBD9738A81F51BE053F03D {

}
[1779850088.281][DEBUG]: DevTools WebSocket Response: Input.dispatchKeyEvent (id=545) 0EA677E6C4FBD9738A81F51BE053F03D {

}
[1779850088.284][DEBUG]: DevTools WebSocket Response: Input.dispatchKeyEvent (id=546) 0EA677E6C4FBD9738A81F51BE053F03D {

}
[1779850088.284][DEBUG]: DevTools WebSocket Response: Input.dispatchKeyEvent (id=547) 0EA677E6C4FBD9738A81F51BE053F03D {

}
[1779850088.284][DEBUG]: DevTools WebSocket Response: Input.dispatchKeyEvent (id=548) 0EA677E6C4FBD9738A81F51BE053F03D {

}
[1779850088.284][DEBUG]: DevTools WebSocket Response: Input.dispatchKeyEvent (id=549) 0EA677E6C4FBD9738A81F51BE053F03D {

}
[1779850088.286][DEBUG]: DevTools WebSocket Response: Input.dispatchKeyEvent (id=550) 0EA677E6C4FBD9738A81F51BE053F03D {

}
[1779850088.286][DEBUG]: DevTools WebSocket Response: Input.dispatchKeyEvent (id=551) 0EA677E6C4FBD9738A81F51BE053F03D {

}
[1779850088.287][DEBUG]: DevTools WebSocket Response: Input.dispatchKeyEvent (id=552) 0EA677E6C4FBD9738A81F51BE053F03D {

}
[1779850088.287][DEBUG]: DevTools WebSocket Response: Input.dispatchKeyEvent (id=553) 0EA677E6C4FBD9738A81F51BE053F03D {

}
[1779850088.290][DEBUG]: DevTools WebSocket Response: Input.dispatchKeyEvent (id=554) 0EA677E6C4FBD9738A81F51BE053F03D {

}
[1779850088.290][DEBUG]: DevTools WebSocket Response: Input.dispatchKeyEvent (id=555) 0EA677E6C4FBD9738A81F51BE053F03D {

}
[1779850088.290][DEBUG]: DevTools WebSocket Response: Input.dispatchKeyEvent (id=556) 0EA677E6C4FBD9738A81F51BE053F03D {

}
[1779850088.292][DEBUG]: DevTools WebSocket Response: Input.dispatchKeyEvent (id=557) 0EA677E6C4FBD9738A81F51BE053F03D {

}
[1779850088.293][DEBUG]: DevTools WebSocket Response: Input.dispatchKeyEvent (id=558) 0EA677E6C4FBD9738A81F51BE053F03D {

}
[1779850088.293][DEBUG]: DevTools WebSocket Response: Input.dispatchKeyEvent (id=559) 0EA677E6C4FBD9738A81F51BE053F03D {

}
[1779850088.295][DEBUG]: DevTools WebSocket Response: Input.dispatchKeyEvent (id=560) 0EA677E6C4FBD9738A81F51BE053F03D {

}
[1779850088.295][DEBUG]: DevTools WebSocket Response: Input.dispatchKeyEvent (id=561) 0EA677E6C4FBD9738A81F51BE053F03D {

}
[1779850088.295][DEBUG]: DevTools WebSocket Response: Input.dispatchKeyEvent (id=562) 0EA677E6C4FBD9738A81F51BE053F03D {

}
[1779850088.296][DEBUG]: DevTools WebSocket Response: Input.dispatchKeyEvent (id=563) 0EA677E6C4FBD9738A81F51BE053F03D {

}
[1779850088.298][DEBUG]: DevTools WebSocket Response: Input.dispatchKeyEvent (id=564) 0EA677E6C4FBD9738A81F51BE053F03D {

}
[1779850088.298][DEBUG]: DevTools WebSocket Response: Input.dispatchKeyEvent (id=565) 0EA677E6C4FBD9738A81F51BE053F03D {

}
[1779850088.298][DEBUG]: DevTools WebSocket Response: Input.dispatchKeyEvent (id=566) 0EA677E6C4FBD9738A81F51BE053F03D {

}
[1779850088.298][DEBUG]: DevTools WebSocket Response: Input.dispatchKeyEvent (id=567) 0EA677E6C4FBD9738A81F51BE053F03D {

}
[1779850088.304][DEBUG]: DevTools WebSocket Response: Input.dispatchKeyEvent (id=568) 0EA677E6C4FBD9738A81F51BE053F03D {

}
[1779850088.304][DEBUG]: DevTools WebSocket Response: Input.dispatchKeyEvent (id=569) 0EA677E6C4FBD9738A81F51BE053F03D {

}
[1779850088.304][DEBUG]: DevTools WebSocket Response: Input.dispatchKeyEvent (id=570) 0EA677E6C4FBD9738A81F51BE053F03D {

}
[1779850088.306][DEBUG]: DevTools WebSocket Response: Input.dispatchKeyEvent (id=571) 0EA677E6C4FBD9738A81F51BE053F03D {

}
[1779850088.306][DEBUG]: DevTools WebSocket Response: Input.dispatchKeyEvent (id=572) 0EA677E6C4FBD9738A81F51BE053F03D {

}
[1779850088.306][DEBUG]: DevTools WebSocket Response: Input.dispatchKeyEvent (id=573) 0EA677E6C4FBD9738A81F51BE053F03D {

}
[1779850088.309][DEBUG]: DevTools WebSocket Response: Input.dispatchKeyEvent (id=574) 0EA677E6C4FBD9738A81F51BE053F03D {

}
[1779850088.309][DEBUG]: DevTools WebSocket Response: Input.dispatchKeyEvent (id=575) 0EA677E6C4FBD9738A81F51BE053F03D {

}
[1779850088.309][DEBUG]: DevTools WebSocket Response: Input.dispatchKeyEvent (id=576) 0EA677E6C4FBD9738A81F51BE053F03D {

}
[1779850088.309][DEBUG]: DevTools WebSocket Response: Input.dispatchKeyEvent (id=577) 0EA677E6C4FBD9738A81F51BE053F03D {

}
[1779850088.311][DEBUG]: DevTools WebSocket Response: Input.dispatchKeyEvent (id=578) 0EA677E6C4FBD9738A81F51BE053F03D {

}
[1779850088.311][DEBUG]: DevTools WebSocket Response: Input.dispatchKeyEvent (id=579) 0EA677E6C4FBD9738A81F51BE053F03D {

}
[1779850088.312][DEBUG]: DevTools WebSocket Response: Input.dispatchKeyEvent (id=580) 0EA677E6C4FBD9738A81F51BE053F03D {

}
[1779850088.312][DEBUG]: DevTools WebSocket Response: Input.dispatchKeyEvent (id=581) 0EA677E6C4FBD9738A81F51BE053F03D {

}
[1779850088.315][DEBUG]: DevTools WebSocket Response: Input.dispatchKeyEvent (id=582) 0EA677E6C4FBD9738A81F51BE053F03D {

}
[1779850088.316][DEBUG]: DevTools WebSocket Response: Input.dispatchKeyEvent (id=583) 0EA677E6C4FBD9738A81F51BE053F03D {

}
[1779850088.317][DEBUG]: DevTools WebSocket Response: Input.dispatchKeyEvent (id=584) 0EA677E6C4FBD9738A81F51BE053F03D {

}
[1779850088.317][DEBUG]: DevTools WebSocket Response: Input.dispatchKeyEvent (id=585) 0EA677E6C4FBD9738A81F51BE053F03D {

}
[1779850088.317][DEBUG]: DevTools WebSocket Response: Input.dispatchKeyEvent (id=586) 0EA677E6C4FBD9738A81F51BE053F03D {

}
[1779850088.321][DEBUG]: DevTools WebSocket Response: Input.dispatchKeyEvent (id=587) 0EA677E6C4FBD9738A81F51BE053F03D {

}
[1779850088.322][DEBUG]: DevTools WebSocket Response: Input.dispatchKeyEvent (id=588) 0EA677E6C4FBD9738A81F51BE053F03D {

}
[1779850088.322][DEBUG]: DevTools WebSocket Response: Input.dispatchKeyEvent (id=589) 0EA677E6C4FBD9738A81F51BE053F03D {

}
[1779850088.322][DEBUG]: DevTools WebSocket Response: Input.dispatchKeyEvent (id=590) 0EA677E6C4FBD9738A81F51BE053F03D {

}
[1779850088.324][DEBUG]: DevTools WebSocket Response: Input.dispatchKeyEvent (id=591) 0EA677E6C4FBD9738A81F51BE053F03D {

}
[1779850088.324][DEBUG]: DevTools WebSocket Response: Input.dispatchKeyEvent (id=592) 0EA677E6C4FBD9738A81F51BE053F03D {

}
[1779850088.324][DEBUG]: DevTools WebSocket Response: Input.dispatchKeyEvent (id=593) 0EA677E6C4FBD9738A81F51BE053F03D {

}
[1779850088.324][DEBUG]: DevTools WebSocket Response: Input.dispatchKeyEvent (id=594) 0EA677E6C4FBD9738A81F51BE053F03D {

}
[1779850088.326][DEBUG]: DevTools WebSocket Response: Input.dispatchKeyEvent (id=595) 0EA677E6C4FBD9738A81F51BE053F03D {

}
[1779850088.326][DEBUG]: DevTools WebSocket Response: Input.dispatchKeyEvent (id=596) 0EA677E6C4FBD9738A81F51BE053F03D {

}
[1779850088.326][DEBUG]: DevTools WebSocket Response: Input.dispatchKeyEvent (id=597) 0EA677E6C4FBD9738A81F51BE053F03D {

}
[1779850088.328][DEBUG]: DevTools WebSocket Response: Input.dispatchKeyEvent (id=598) 0EA677E6C4FBD9738A81F51BE053F03D {

}
[1779850088.328][DEBUG]: DevTools WebSocket Response: Input.dispatchKeyEvent (id=599) 0EA677E6C4FBD9738A81F51BE053F03D {

}
[1779850088.328][DEBUG]: DevTools WebSocket Response: Input.dispatchKeyEvent (id=600) 0EA677E6C4FBD9738A81F51BE053F03D {

}
[1779850088.330][DEBUG]: DevTools WebSocket Response: Input.dispatchKeyEvent (id=601) 0EA677E6C4FBD9738A81F51BE053F03D {

}
[1779850088.331][DEBUG]: DevTools WebSocket Response: Input.dispatchKeyEvent (id=602) 0EA677E6C4FBD9738A81F51BE053F03D {

}
[1779850088.331][DEBUG]: DevTools WebSocket Response: Input.dispatchKeyEvent (id=603) 0EA677E6C4FBD9738A81F51BE053F03D {

}
[1779850088.331][DEBUG]: DevTools WebSocket Response: Input.dispatchKeyEvent (id=604) 0EA677E6C4FBD9738A81F51BE053F03D {

}
[1779850088.333][DEBUG]: DevTools WebSocket Response: Input.dispatchKeyEvent (id=605) 0EA677E6C4FBD9738A81F51BE053F03D {

}
[1779850088.333][DEBUG]: DevTools WebSocket Response: Input.dispatchKeyEvent (id=606) 0EA677E6C4FBD9738A81F51BE053F03D {

}
[1779850088.333][DEBUG]: DevTools WebSocket Response: Input.dispatchKeyEvent (id=607) 0EA677E6C4FBD9738A81F51BE053F03D {

}
[1779850088.333][DEBUG]: DevTools WebSocket Response: Input.dispatchKeyEvent (id=608) 0EA677E6C4FBD9738A81F51BE053F03D {

}
[1779850088.333][DEBUG]: DevTools WebSocket Response: Input.dispatchKeyEvent (id=609) 0EA677E6C4FBD9738A81F51BE053F03D {

}
[1779850088.335][DEBUG]: DevTools WebSocket Response: Input.dispatchKeyEvent (id=610) 0EA677E6C4FBD9738A81F51BE053F03D {

}
[1779850088.335][DEBUG]: DevTools WebSocket Response: Input.dispatchKeyEvent (id=611) 0EA677E6C4FBD9738A81F51BE053F03D {

}
[1779850088.336][DEBUG]: DevTools WebSocket Response: Input.dispatchKeyEvent (id=612) 0EA677E6C4FBD9738A81F51BE053F03D {

}
[1779850088.336][DEBUG]: DevTools WebSocket Response: Input.dispatchKeyEvent (id=613) 0EA677E6C4FBD9738A81F51BE053F03D {

}
[1779850088.336][DEBUG]: DevTools WebSocket Response: Input.dispatchKeyEvent (id=614) 0EA677E6C4FBD9738A81F51BE053F03D {

}
[1779850088.338][DEBUG]: DevTools WebSocket Response: Input.dispatchKeyEvent (id=615) 0EA677E6C4FBD9738A81F51BE053F03D {

}
[1779850088.338][DEBUG]: DevTools WebSocket Response: Input.dispatchKeyEvent (id=616) 0EA677E6C4FBD9738A81F51BE053F03D {

}
[1779850088.338][DEBUG]: DevTools WebSocket Response: Input.dispatchKeyEvent (id=617) 0EA677E6C4FBD9738A81F51BE053F03D {

}
[1779850088.338][DEBUG]: DevTools WebSocket Response: Input.dispatchKeyEvent (id=618) 0EA677E6C4FBD9738A81F51BE053F03D {

}
[1779850088.338][DEBUG]: DevTools WebSocket Response: Input.dispatchKeyEvent (id=619) 0EA677E6C4FBD9738A81F51BE053F03D {

}
[1779850088.340][DEBUG]: DevTools WebSocket Response: Input.dispatchKeyEvent (id=620) 0EA677E6C4FBD9738A81F51BE053F03D {

}
[1779850088.341][DEBUG]: DevTools WebSocket Response: Input.dispatchKeyEvent (id=621) 0EA677E6C4FBD9738A81F51BE053F03D {

}
[1779850088.341][DEBUG]: DevTools WebSocket Response: Input.dispatchKeyEvent (id=622) 0EA677E6C4FBD9738A81F51BE053F03D {

}
[1779850088.341][DEBUG]: DevTools WebSocket Response: Input.dispatchKeyEvent (id=623) 0EA677E6C4FBD9738A81F51BE053F03D {

}
[1779850088.341][DEBUG]: DevTools WebSocket Response: Input.dispatchKeyEvent (id=624) 0EA677E6C4FBD9738A81F51BE053F03D {

}
[1779850088.343][DEBUG]: DevTools WebSocket Response: Input.dispatchKeyEvent (id=625) 0EA677E6C4FBD9738A81F51BE053F03D {

}
[1779850088.343][DEBUG]: DevTools WebSocket Response: Input.dispatchKeyEvent (id=626) 0EA677E6C4FBD9738A81F51BE053F03D {

}
[1779850088.343][DEBUG]: DevTools WebSocket Response: Input.dispatchKeyEvent (id=627) 0EA677E6C4FBD9738A81F51BE053F03D {

}
[1779850088.343][DEBUG]: DevTools WebSocket Response: Input.dispatchKeyEvent (id=628) 0EA677E6C4FBD9738A81F51BE053F03D {

}
[1779850088.343][DEBUG]: DevTools WebSocket Response: Input.dispatchKeyEvent (id=629) 0EA677E6C4FBD9738A81F51BE053F03D {

}
[1779850088.345][DEBUG]: DevTools WebSocket Response: Input.dispatchKeyEvent (id=630) 0EA677E6C4FBD9738A81F51BE053F03D {

}
[1779850088.345][DEBUG]: DevTools WebSocket Response: Input.dispatchKeyEvent (id=631) 0EA677E6C4FBD9738A81F51BE053F03D {

}
[1779850088.345][DEBUG]: DevTools WebSocket Response: Input.dispatchKeyEvent (id=632) 0EA677E6C4FBD9738A81F51BE053F03D {

}
[1779850088.346][DEBUG]: DevTools WebSocket Response: Input.dispatchKeyEvent (id=633) 0EA677E6C4FBD9738A81F51BE053F03D {

}
[1779850088.347][DEBUG]: DevTools WebSocket Response: Input.dispatchKeyEvent (id=634) 0EA677E6C4FBD9738A81F51BE053F03D {

}
[1779850088.348][DEBUG]: DevTools WebSocket Response: Input.dispatchKeyEvent (id=635) 0EA677E6C4FBD9738A81F51BE053F03D {

}
[1779850088.348][DEBUG]: DevTools WebSocket Response: Input.dispatchKeyEvent (id=636) 0EA677E6C4FBD9738A81F51BE053F03D {

}
[1779850088.348][DEBUG]: DevTools WebSocket Response: Input.dispatchKeyEvent (id=637) 0EA677E6C4FBD9738A81F51BE053F03D {

}
[1779850088.349][DEBUG]: DevTools WebSocket Response: Input.dispatchKeyEvent (id=638) 0EA677E6C4FBD9738A81F51BE053F03D {

}
[1779850088.350][DEBUG]: DevTools WebSocket Response: Input.dispatchKeyEvent (id=639) 0EA677E6C4FBD9738A81F51BE053F03D {

}
[1779850088.350][DEBUG]: DevTools WebSocket Response: Input.dispatchKeyEvent (id=640) 0EA677E6C4FBD9738A81F51BE053F03D {

}
[1779850088.350][DEBUG]: DevTools WebSocket Response: Input.dispatchKeyEvent (id=641) 0EA677E6C4FBD9738A81F51BE053F03D {

}
[1779850088.350][DEBUG]: DevTools WebSocket Response: Input.dispatchKeyEvent (id=642) 0EA677E6C4FBD9738A81F51BE053F03D {

}
[1779850088.352][DEBUG]: DevTools WebSocket Response: Input.dispatchKeyEvent (id=643) 0EA677E6C4FBD9738A81F51BE053F03D {

}
[1779850088.352][DEBUG]: DevTools WebSocket Response: Input.dispatchKeyEvent (id=644) 0EA677E6C4FBD9738A81F51BE053F03D {

}
[1779850088.352][DEBUG]: DevTools WebSocket Response: Input.dispatchKeyEvent (id=645) 0EA677E6C4FBD9738A81F51BE053F03D {

}
[1779850088.352][INFO]: Waiting for pending navigations...
[1779850088.352][DEBUG]: DevTools WebSocket Command: Runtime.evaluate (id=646) 0EA677E6C4FBD9738A81F51BE053F03D {
   "expression": "1"
}
[1779850088.366][DEBUG]: DevTools WebSocket Response: Runtime.evaluate (id=646) 0EA677E6C4FBD9738A81F51BE053F03D {
   "result": {
      "description": "1",
      "type": "number",
      "value": 1
   }
}
[1779850088.366][INFO]: Done waiting for pending navigations. Status: ok
[1779850088.366][INFO]: [6d6a54ac6a81f45fc5bf60d2fceca1fa] RESPONSE TypeElement
[1779850088.395][INFO]: [6d6a54ac6a81f45fc5bf60d2fceca1fa] COMMAND TypeElement {
   "id": "10fd4fb8-07fb-498e-b5cb-6f61eecd7f1c",
   "text": "https://www.crio.do/blog/content/images/size/w1000/2020/08/Aug_04--1-.png",
   "value": [ "h", "t", "t", "p", "s", ":", "/", "/", "w", "w", "w", ".", "c", "r", "i", "o", ".", "d", "o", "/", "b", "l", "o", "g", "/", "c", "o", "n", "t", "e", "n", "t", "/", "i", "m", "a", "g", "e", "s", "/", "s", "i", "z", "e", "/", "w", "1", "0", "0", "0", "/", "2", "0", "2", "0", "/", "0", "8", "/", "A", "u", "g", "_", "0", "4", "-", "-", "1", "-", ".", "p", "n", "g" ]
}
[1779850088.395][INFO]: Waiting for pending navigations...
[1779850088.395][DEBUG]: DevTools WebSocket Command: Runtime.evaluate (id=647) 0EA677E6C4FBD9738A81F51BE053F03D {
   "expression": "1"
}
[1779850088.395][DEBUG]: DevTools WebSocket Response: Runtime.evaluate (id=647) 0EA677E6C4FBD9738A81F51BE053F03D {
   "result": {
      "description": "1",
      "type": "number",
      "value": 1
   }
}
[1779850088.396][INFO]: Done waiting for pending navigations. Status: ok
[1779850088.398][DEBUG]: DevTools WebSocket Command: Runtime.evaluate (id=648) 0EA677E6C4FBD9738A81F51BE053F03D {
   "awaitPromise": true,
   "expression": "(function() { // Copyright (c) 2012 The Chromium Authors. All rights reserved.\n// Use of this source code is governed by a BSD-style license that can be\n// found in the LICENSE file.\n\n/**\n * Enum f...",
   "returnByValue": true
}
[1779850088.406][DEBUG]: DevTools WebSocket Response: Runtime.evaluate (id=648) 0EA677E6C4FBD9738A81F51BE053F03D {
   "result": {
      "type": "object",
      "value": {
         "status": 0,
         "value": "INPUT"
      }
   }
}
[1779850088.408][DEBUG]: DevTools WebSocket Command: Runtime.evaluate (id=649) 0EA677E6C4FBD9738A81F51BE053F03D {
   "awaitPromise": true,
   "expression": "(function() { // Copyright (c) 2012 The Chromium Authors. All rights reserved.\n// Use of this source code is governed by a BSD-style license that can be\n// found in the LICENSE file.\n\n/**\n * Enum f...",
   "returnByValue": true
}
[1779850088.413][DEBUG]: DevTools WebSocket Response: Runtime.evaluate (id=649) 0EA677E6C4FBD9738A81F51BE053F03D {
   "result": {
      "type": "object",
      "value": {
         "status": 0,
         "value": "text"
      }
   }
}
[1779850088.414][DEBUG]: DevTools WebSocket Command: Runtime.evaluate (id=650) 0EA677E6C4FBD9738A81F51BE053F03D {
   "awaitPromise": true,
   "expression": "(function() { // Copyright (c) 2012 The Chromium Authors. All rights reserved.\n// Use of this source code is governed by a BSD-style license that can be\n// found in the LICENSE file.\n\n/**\n * Enum f...",
   "returnByValue": true
}
[1779850088.415][DEBUG]: DevTools WebSocket Response: Runtime.evaluate (id=650) 0EA677E6C4FBD9738A81F51BE053F03D {
   "result": {
      "type": "object",
      "value": {
         "status": 0,
         "value": false
      }
   }
}
[1779850088.417][DEBUG]: DevTools WebSocket Command: Runtime.evaluate (id=651) 0EA677E6C4FBD9738A81F51BE053F03D {
   "awaitPromise": true,
   "expression": "(function() { // Copyright (c) 2012 The Chromium Authors. All rights reserved.\n// Use of this source code is governed by a BSD-style license that can be\n// found in the LICENSE file.\n\n/**\n * Enum f...",
   "returnByValue": true
}
[1779850088.419][DEBUG]: DevTools WebSocket Response: Runtime.evaluate (id=651) 0EA677E6C4FBD9738A81F51BE053F03D {
   "result": {
      "type": "object",
      "value": {
         "status": 0,
         "value": "INPUT"
      }
   }
}
[1779850088.419][DEBUG]: DevTools WebSocket Command: Runtime.evaluate (id=652) 0EA677E6C4FBD9738A81F51BE053F03D {
   "awaitPromise": false,
   "expression": "document.hasFocus()",
   "returnByValue": true
}
[1779850088.420][DEBUG]: DevTools WebSocket Response: Runtime.evaluate (id=652) 0EA677E6C4FBD9738A81F51BE053F03D {
   "result": {
      "type": "boolean",
      "value": true
   }
}
[1779850088.420][DEBUG]: DevTools WebSocket Command: Runtime.evaluate (id=653) 0EA677E6C4FBD9738A81F51BE053F03D {
   "awaitPromise": true,
   "expression": "(function() { // Copyright (c) 2012 The Chromium Authors. All rights reserved.\n// Use of this source code is governed by a BSD-style license that can be\n// found in the LICENSE file.\n\n/**\n * Enum f...",
   "returnByValue": true
}
[1779850088.421][DEBUG]: DevTools WebSocket Response: Runtime.evaluate (id=653) 0EA677E6C4FBD9738A81F51BE053F03D {
   "result": {
      "type": "object",
      "value": {
         "status": 0,
         "value": {
            "element-6066-11e4-a52e-4f735466cecf": "f0130c53-d138-470e-b248-48c285c5c51b"
         }
      }
   }
}
[1779850088.424][DEBUG]: DevTools WebSocket Command: Runtime.evaluate (id=654) 0EA677E6C4FBD9738A81F51BE053F03D {
   "awaitPromise": true,
   "expression": "(function() { // Copyright (c) 2012 The Chromium Authors. All rights reserved.\n// Use of this source code is governed by a BSD-style license that can be\n// found in the LICENSE file.\n\n/**\n * Enum f...",
   "returnByValue": true
}
[1779850088.431][DEBUG]: DevTools WebSocket Response: Runtime.evaluate (id=654) 0EA677E6C4FBD9738A81F51BE053F03D {
   "result": {
      "type": "object",
      "value": {
         "status": 0,
         "value": true
      }
   }
}
[1779850088.433][DEBUG]: DevTools WebSocket Command: Runtime.evaluate (id=655) 0EA677E6C4FBD9738A81F51BE053F03D {
   "awaitPromise": true,
   "expression": "(function() { // Copyright (c) 2012 The Chromium Authors. All rights reserved.\n// Use of this source code is governed by a BSD-style license that can be\n// found in the LICENSE file.\n\n/**\n * Enum f...",
   "returnByValue": true
}
[1779850088.437][DEBUG]: DevTools WebSocket Response: Runtime.evaluate (id=655) 0EA677E6C4FBD9738A81F51BE053F03D {
   "result": {
      "type": "object",
      "value": {
         "status": 0,
         "value": true
      }
   }
}
[1779850088.438][DEBUG]: DevTools WebSocket Command: Runtime.evaluate (id=656) 0EA677E6C4FBD9738A81F51BE053F03D {
   "awaitPromise": true,
   "expression": "(function() { // Copyright (c) 2012 The Chromium Authors. All rights reserved.\n// Use of this source code is governed by a BSD-style license that can be\n// found in the LICENSE file.\n\n/**\n * Enum f...",
   "returnByValue": true
}
[1779850088.442][DEBUG]: DevTools WebSocket Response: Runtime.evaluate (id=656) 0EA677E6C4FBD9738A81F51BE053F03D {
   "result": {
      "type": "object",
      "value": {
         "status": 0,
         "value": null
      }
   }
}
[1779850088.442][DEBUG]: DevTools WebSocket Command: Runtime.evaluate (id=657) 0EA677E6C4FBD9738A81F51BE053F03D {
   "awaitPromise": true,
   "expression": "(function() { // Copyright (c) 2012 The Chromium Authors. All rights reserved.\n// Use of this source code is governed by a BSD-style license that can be\n// found in the LICENSE file.\n\n/**\n * Enum f...",
   "returnByValue": true
}
[1779850088.445][DEBUG]: DevTools WebSocket Response: Runtime.evaluate (id=657) 0EA677E6C4FBD9738A81F51BE053F03D {
   "result": {
      "type": "object",
      "value": {
         "status": 0,
         "value": null
      }
   }
}
[1779850088.447][DEBUG]: DevTools WebSocket Command: Input.dispatchKeyEvent (id=658) 0EA677E6C4FBD9738A81F51BE053F03D {
   "code": "KeyH",
   "key": "h",
   "modifiers": 0,
   "text": "h",
   "type": "rawKeyDown",
   "unmodifiedText": "h",
   "windowsVirtualKeyCode": 72
}
[1779850088.447][DEBUG]: DevTools WebSocket Command: Input.dispatchKeyEvent (id=659) 0EA677E6C4FBD9738A81F51BE053F03D {
   "code": "KeyH",
   "key": "h",
   "modifiers": 0,
   "text": "h",
   "type": "char",
   "unmodifiedText": "h",
   "windowsVirtualKeyCode": 72
}
[1779850088.447][DEBUG]: DevTools WebSocket Command: Input.dispatchKeyEvent (id=660) 0EA677E6C4FBD9738A81F51BE053F03D {
   "code": "KeyH",
   "key": "h",
   "modifiers": 0,
   "text": "h",
   "type": "keyUp",
   "unmodifiedText": "h",
   "windowsVirtualKeyCode": 72
}
[1779850088.447][DEBUG]: DevTools WebSocket Command: Input.dispatchKeyEvent (id=661) 0EA677E6C4FBD9738A81F51BE053F03D {
   "code": "KeyT",
   "key": "t",
   "modifiers": 0,
   "text": "t",
   "type": "rawKeyDown",
   "unmodifiedText": "t",
   "windowsVirtualKeyCode": 84
}
[1779850088.448][DEBUG]: DevTools WebSocket Command: Input.dispatchKeyEvent (id=662) 0EA677E6C4FBD9738A81F51BE053F03D {
   "code": "KeyT",
   "key": "t",
   "modifiers": 0,
   "text": "t",
   "type": "char",
   "unmodifiedText": "t",
   "windowsVirtualKeyCode": 84
}
[1779850088.448][DEBUG]: DevTools WebSocket Command: Input.dispatchKeyEvent (id=663) 0EA677E6C4FBD9738A81F51BE053F03D {
   "code": "KeyT",
   "key": "t",
   "modifiers": 0,
   "text": "t",
   "type": "keyUp",
   "unmodifiedText": "t",
   "windowsVirtualKeyCode": 84
}
[1779850088.448][DEBUG]: DevTools WebSocket Command: Input.dispatchKeyEvent (id=664) 0EA677E6C4FBD9738A81F51BE053F03D {
   "code": "KeyT",
   "key": "t",
   "modifiers": 0,
   "text": "t",
   "type": "rawKeyDown",
   "unmodifiedText": "t",
   "windowsVirtualKeyCode": 84
}
[1779850088.448][DEBUG]: DevTools WebSocket Command: Input.dispatchKeyEvent (id=665) 0EA677E6C4FBD9738A81F51BE053F03D {
   "code": "KeyT",
   "key": "t",
   "modifiers": 0,
   "text": "t",
   "type": "char",
   "unmodifiedText": "t",
   "windowsVirtualKeyCode": 84
}
[1779850088.448][DEBUG]: DevTools WebSocket Command: Input.dispatchKeyEvent (id=666) 0EA677E6C4FBD9738A81F51BE053F03D {
   "code": "KeyT",
   "key": "t",
   "modifiers": 0,
   "text": "t",
   "type": "keyUp",
   "unmodifiedText": "t",
   "windowsVirtualKeyCode": 84
}
[1779850088.448][DEBUG]: DevTools WebSocket Command: Input.dispatchKeyEvent (id=667) 0EA677E6C4FBD9738A81F51BE053F03D {
   "code": "KeyP",
   "key": "p",
   "modifiers": 0,
   "text": "p",
   "type": "rawKeyDown",
   "unmodifiedText": "p",
   "windowsVirtualKeyCode": 80
}
[1779850088.449][DEBUG]: DevTools WebSocket Command: Input.dispatchKeyEvent (id=668) 0EA677E6C4FBD9738A81F51BE053F03D {
   "code": "KeyP",
   "key": "p",
   "modifiers": 0,
   "text": "p",
   "type": "char",
   "unmodifiedText": "p",
   "windowsVirtualKeyCode": 80
}
[1779850088.449][DEBUG]: DevTools WebSocket Command: Input.dispatchKeyEvent (id=669) 0EA677E6C4FBD9738A81F51BE053F03D {
   "code": "KeyP",
   "key": "p",
   "modifiers": 0,
   "text": "p",
   "type": "keyUp",
   "unmodifiedText": "p",
   "windowsVirtualKeyCode": 80
}
[1779850088.449][DEBUG]: DevTools WebSocket Command: Input.dispatchKeyEvent (id=670) 0EA677E6C4FBD9738A81F51BE053F03D {
   "code": "KeyS",
   "key": "s",
   "modifiers": 0,
   "text": "s",
   "type": "rawKeyDown",
   "unmodifiedText": "s",
   "windowsVirtualKeyCode": 83
}
[1779850088.449][DEBUG]: DevTools WebSocket Command: Input.dispatchKeyEvent (id=671) 0EA677E6C4FBD9738A81F51BE053F03D {
   "code": "KeyS",
   "key": "s",
   "modifiers": 0,
   "text": "s",
   "type": "char",
   "unmodifiedText": "s",
   "windowsVirtualKeyCode": 83
}
[1779850088.449][DEBUG]: DevTools WebSocket Command: Input.dispatchKeyEvent (id=672) 0EA677E6C4FBD9738A81F51BE053F03D {
   "code": "KeyS",
   "key": "s",
   "modifiers": 0,
   "text": "s",
   "type": "keyUp",
   "unmodifiedText": "s",
   "windowsVirtualKeyCode": 83
}
[1779850088.449][DEBUG]: DevTools WebSocket Command: Input.dispatchKeyEvent (id=673) 0EA677E6C4FBD9738A81F51BE053F03D {
   "code": "ShiftLeft",
   "key": "Shift",
   "modifiers": 0,
   "text": "",
   "type": "rawKeyDown",
   "unmodifiedText": "",
   "windowsVirtualKeyCode": 16
}
[1779850088.449][DEBUG]: DevTools WebSocket Command: Input.dispatchKeyEvent (id=674) 0EA677E6C4FBD9738A81F51BE053F03D {
   "code": "Semicolon",
   "key": ":",
   "modifiers": 8,
   "text": ":",
   "type": "rawKeyDown",
   "unmodifiedText": ";",
   "windowsVirtualKeyCode": 186
}
[1779850088.450][DEBUG]: DevTools WebSocket Command: Input.dispatchKeyEvent (id=675) 0EA677E6C4FBD9738A81F51BE053F03D {
   "code": "Semicolon",
   "key": ":",
   "modifiers": 8,
   "text": ":",
   "type": "char",
   "unmodifiedText": ";",
   "windowsVirtualKeyCode": 186
}
[1779850088.450][DEBUG]: DevTools WebSocket Command: Input.dispatchKeyEvent (id=676) 0EA677E6C4FBD9738A81F51BE053F03D {
   "code": "Semicolon",
   "key": ":",
   "modifiers": 8,
   "text": ":",
   "type": "keyUp",
   "unmodifiedText": ";",
   "windowsVirtualKeyCode": 186
}
[1779850088.450][DEBUG]: DevTools WebSocket Command: Input.dispatchKeyEvent (id=677) 0EA677E6C4FBD9738A81F51BE053F03D {
   "code": "ShiftLeft",
   "key": "Shift",
   "modifiers": 0,
   "text": "",
   "type": "keyUp",
   "unmodifiedText": "",
   "windowsVirtualKeyCode": 16
}
[1779850088.450][DEBUG]: DevTools WebSocket Command: Input.dispatchKeyEvent (id=678) 0EA677E6C4FBD9738A81F51BE053F03D {
   "code": "Slash",
   "key": "/",
   "modifiers": 0,
   "text": "/",
   "type": "rawKeyDown",
   "unmodifiedText": "/",
   "windowsVirtualKeyCode": 191
}
[1779850088.450][DEBUG]: DevTools WebSocket Command: Input.dispatchKeyEvent (id=679) 0EA677E6C4FBD9738A81F51BE053F03D {
   "code": "Slash",
   "key": "/",
   "modifiers": 0,
   "text": "/",
   "type": "char",
   "unmodifiedText": "/",
   "windowsVirtualKeyCode": 191
}
[1779850088.450][DEBUG]: DevTools WebSocket Command: Input.dispatchKeyEvent (id=680) 0EA677E6C4FBD9738A81F51BE053F03D {
   "code": "Slash",
   "key": "/",
   "modifiers": 0,
   "text": "/",
   "type": "keyUp",
   "unmodifiedText": "/",
   "windowsVirtualKeyCode": 191
}
[1779850088.451][DEBUG]: DevTools WebSocket Command: Input.dispatchKeyEvent (id=681) 0EA677E6C4FBD9738A81F51BE053F03D {
   "code": "Slash",
   "key": "/",
   "modifiers": 0,
   "text": "/",
   "type": "rawKeyDown",
   "unmodifiedText": "/",
   "windowsVirtualKeyCode": 191
}
[1779850088.451][DEBUG]: DevTools WebSocket Command: Input.dispatchKeyEvent (id=682) 0EA677E6C4FBD9738A81F51BE053F03D {
   "code": "Slash",
   "key": "/",
   "modifiers": 0,
   "text": "/",
   "type": "char",
   "unmodifiedText": "/",
   "windowsVirtualKeyCode": 191
}
[1779850088.451][DEBUG]: DevTools WebSocket Command: Input.dispatchKeyEvent (id=683) 0EA677E6C4FBD9738A81F51BE053F03D {
   "code": "Slash",
   "key": "/",
   "modifiers": 0,
   "text": "/",
   "type": "keyUp",
   "unmodifiedText": "/",
   "windowsVirtualKeyCode": 191
}
[1779850088.451][DEBUG]: DevTools WebSocket Command: Input.dispatchKeyEvent (id=684) 0EA677E6C4FBD9738A81F51BE053F03D {
   "code": "KeyW",
   "key": "w",
   "modifiers": 0,
   "text": "w",
   "type": "rawKeyDown",
   "unmodifiedText": "w",
   "windowsVirtualKeyCode": 87
}
[1779850088.451][DEBUG]: DevTools WebSocket Command: Input.dispatchKeyEvent (id=685) 0EA677E6C4FBD9738A81F51BE053F03D {
   "code": "KeyW",
   "key": "w",
   "modifiers": 0,
   "text": "w",
   "type": "char",
   "unmodifiedText": "w",
   "windowsVirtualKeyCode": 87
}
[1779850088.452][DEBUG]: DevTools WebSocket Command: Input.dispatchKeyEvent (id=686) 0EA677E6C4FBD9738A81F51BE053F03D {
   "code": "KeyW",
   "key": "w",
   "modifiers": 0,
   "text": "w",
   "type": "keyUp",
   "unmodifiedText": "w",
   "windowsVirtualKeyCode": 87
}
[1779850088.452][DEBUG]: DevTools WebSocket Command: Input.dispatchKeyEvent (id=687) 0EA677E6C4FBD9738A81F51BE053F03D {
   "code": "KeyW",
   "key": "w",
   "modifiers": 0,
   "text": "w",
   "type": "rawKeyDown",
   "unmodifiedText": "w",
   "windowsVirtualKeyCode": 87
}
[1779850088.452][DEBUG]: DevTools WebSocket Command: Input.dispatchKeyEvent (id=688) 0EA677E6C4FBD9738A81F51BE053F03D {
   "code": "KeyW",
   "key": "w",
   "modifiers": 0,
   "text": "w",
   "type": "char",
   "unmodifiedText": "w",
   "windowsVirtualKeyCode": 87
}
[1779850088.452][DEBUG]: DevTools WebSocket Command: Input.dispatchKeyEvent (id=689) 0EA677E6C4FBD9738A81F51BE053F03D {
   "code": "KeyW",
   "key": "w",
   "modifiers": 0,
   "text": "w",
   "type": "keyUp",
   "unmodifiedText": "w",
   "windowsVirtualKeyCode": 87
}
[1779850088.452][DEBUG]: DevTools WebSocket Command: Input.dispatchKeyEvent (id=690) 0EA677E6C4FBD9738A81F51BE053F03D {
   "code": "KeyW",
   "key": "w",
   "modifiers": 0,
   "text": "w",
   "type": "rawKeyDown",
   "unmodifiedText": "w",
   "windowsVirtualKeyCode": 87
}
[1779850088.452][DEBUG]: DevTools WebSocket Command: Input.dispatchKeyEvent (id=691) 0EA677E6C4FBD9738A81F51BE053F03D {
   "code": "KeyW",
   "key": "w",
   "modifiers": 0,
   "text": "w",
   "type": "char",
   "unmodifiedText": "w",
   "windowsVirtualKeyCode": 87
}
[1779850088.453][DEBUG]: DevTools WebSocket Command: Input.dispatchKeyEvent (id=692) 0EA677E6C4FBD9738A81F51BE053F03D {
   "code": "KeyW",
   "key": "w",
   "modifiers": 0,
   "text": "w",
   "type": "keyUp",
   "unmodifiedText": "w",
   "windowsVirtualKeyCode": 87
}
[1779850088.453][DEBUG]: DevTools WebSocket Command: Input.dispatchKeyEvent (id=693) 0EA677E6C4FBD9738A81F51BE053F03D {
   "code": "Period",
   "key": ".",
   "modifiers": 0,
   "text": ".",
   "type": "rawKeyDown",
   "unmodifiedText": ".",
   "windowsVirtualKeyCode": 190
}
[1779850088.453][DEBUG]: DevTools WebSocket Command: Input.dispatchKeyEvent (id=694) 0EA677E6C4FBD9738A81F51BE053F03D {
   "code": "Period",
   "key": ".",
   "modifiers": 0,
   "text": ".",
   "type": "char",
   "unmodifiedText": ".",
   "windowsVirtualKeyCode": 190
}
[1779850088.454][DEBUG]: DevTools WebSocket Command: Input.dispatchKeyEvent (id=695) 0EA677E6C4FBD9738A81F51BE053F03D {
   "code": "Period",
   "key": ".",
   "modifiers": 0,
   "text": ".",
   "type": "keyUp",
   "unmodifiedText": ".",
   "windowsVirtualKeyCode": 190
}
[1779850088.454][DEBUG]: DevTools WebSocket Command: Input.dispatchKeyEvent (id=696) 0EA677E6C4FBD9738A81F51BE053F03D {
   "code": "KeyC",
   "key": "c",
   "modifiers": 0,
   "text": "c",
   "type": "rawKeyDown",
   "unmodifiedText": "c",
   "windowsVirtualKeyCode": 67
}
[1779850088.454][DEBUG]: DevTools WebSocket Command: Input.dispatchKeyEvent (id=697) 0EA677E6C4FBD9738A81F51BE053F03D {
   "code": "KeyC",
   "key": "c",
   "modifiers": 0,
   "text": "c",
   "type": "char",
   "unmodifiedText": "c",
   "windowsVirtualKeyCode": 67
}
[1779850088.454][DEBUG]: DevTools WebSocket Command: Input.dispatchKeyEvent (id=698) 0EA677E6C4FBD9738A81F51BE053F03D {
   "code": "KeyC",
   "key": "c",
   "modifiers": 0,
   "text": "c",
   "type": "keyUp",
   "unmodifiedText": "c",
   "windowsVirtualKeyCode": 67
}
[1779850088.455][DEBUG]: DevTools WebSocket Command: Input.dispatchKeyEvent (id=699) 0EA677E6C4FBD9738A81F51BE053F03D {
   "code": "KeyR",
   "key": "r",
   "modifiers": 0,
   "text": "r",
   "type": "rawKeyDown",
   "unmodifiedText": "r",
   "windowsVirtualKeyCode": 82
}
[1779850088.455][DEBUG]: DevTools WebSocket Command: Input.dispatchKeyEvent (id=700) 0EA677E6C4FBD9738A81F51BE053F03D {
   "code": "KeyR",
   "key": "r",
   "modifiers": 0,
   "text": "r",
   "type": "char",
   "unmodifiedText": "r",
   "windowsVirtualKeyCode": 82
}
[1779850088.455][DEBUG]: DevTools WebSocket Command: Input.dispatchKeyEvent (id=701) 0EA677E6C4FBD9738A81F51BE053F03D {
   "code": "KeyR",
   "key": "r",
   "modifiers": 0,
   "text": "r",
   "type": "keyUp",
   "unmodifiedText": "r",
   "windowsVirtualKeyCode": 82
}
[1779850088.455][DEBUG]: DevTools WebSocket Command: Input.dispatchKeyEvent (id=702) 0EA677E6C4FBD9738A81F51BE053F03D {
   "code": "KeyI",
   "key": "i",
   "modifiers": 0,
   "text": "i",
   "type": "rawKeyDown",
   "unmodifiedText": "i",
   "windowsVirtualKeyCode": 73
}
[1779850088.455][DEBUG]: DevTools WebSocket Command: Input.dispatchKeyEvent (id=703) 0EA677E6C4FBD9738A81F51BE053F03D {
   "code": "KeyI",
   "key": "i",
   "modifiers": 0,
   "text": "i",
   "type": "char",
   "unmodifiedText": "i",
   "windowsVirtualKeyCode": 73
}
[1779850088.456][DEBUG]: DevTools WebSocket Command: Input.dispatchKeyEvent (id=704) 0EA677E6C4FBD9738A81F51BE053F03D {
   "code": "KeyI",
   "key": "i",
   "modifiers": 0,
   "text": "i",
   "type": "keyUp",
   "unmodifiedText": "i",
   "windowsVirtualKeyCode": 73
}
[1779850088.456][DEBUG]: DevTools WebSocket Command: Input.dispatchKeyEvent (id=705) 0EA677E6C4FBD9738A81F51BE053F03D {
   "code": "KeyO",
   "key": "o",
   "modifiers": 0,
   "text": "o",
   "type": "rawKeyDown",
   "unmodifiedText": "o",
   "windowsVirtualKeyCode": 79
}
[1779850088.456][DEBUG]: DevTools WebSocket Command: Input.dispatchKeyEvent (id=706) 0EA677E6C4FBD9738A81F51BE053F03D {
   "code": "KeyO",
   "key": "o",
   "modifiers": 0,
   "text": "o",
   "type": "char",
   "unmodifiedText": "o",
   "windowsVirtualKeyCode": 79
}
[1779850088.456][DEBUG]: DevTools WebSocket Command: Input.dispatchKeyEvent (id=707) 0EA677E6C4FBD9738A81F51BE053F03D {
   "code": "KeyO",
   "key": "o",
   "modifiers": 0,
   "text": "o",
   "type": "keyUp",
   "unmodifiedText": "o",
   "windowsVirtualKeyCode": 79
}
[1779850088.456][DEBUG]: DevTools WebSocket Command: Input.dispatchKeyEvent (id=708) 0EA677E6C4FBD9738A81F51BE053F03D {
   "code": "Period",
   "key": ".",
   "modifiers": 0,
   "text": ".",
   "type": "rawKeyDown",
   "unmodifiedText": ".",
   "windowsVirtualKeyCode": 190
}
[1779850088.457][DEBUG]: DevTools WebSocket Command: Input.dispatchKeyEvent (id=709) 0EA677E6C4FBD9738A81F51BE053F03D {
   "code": "Period",
   "key": ".",
   "modifiers": 0,
   "text": ".",
   "type": "char",
   "unmodifiedText": ".",
   "windowsVirtualKeyCode": 190
}
[1779850088.457][DEBUG]: DevTools WebSocket Command: Input.dispatchKeyEvent (id=710) 0EA677E6C4FBD9738A81F51BE053F03D {
   "code": "Period",
   "key": ".",
   "modifiers": 0,
   "text": ".",
   "type": "keyUp",
   "unmodifiedText": ".",
   "windowsVirtualKeyCode": 190
}
[1779850088.457][DEBUG]: DevTools WebSocket Command: Input.dispatchKeyEvent (id=711) 0EA677E6C4FBD9738A81F51BE053F03D {
   "code": "KeyD",
   "key": "d",
   "modifiers": 0,
   "text": "d",
   "type": "rawKeyDown",
   "unmodifiedText": "d",
   "windowsVirtualKeyCode": 68
}
[1779850088.457][DEBUG]: DevTools WebSocket Command: Input.dispatchKeyEvent (id=712) 0EA677E6C4FBD9738A81F51BE053F03D {
   "code": "KeyD",
   "key": "d",
   "modifiers": 0,
   "text": "d",
   "type": "char",
   "unmodifiedText": "d",
   "windowsVirtualKeyCode": 68
}
[1779850088.457][DEBUG]: DevTools WebSocket Command: Input.dispatchKeyEvent (id=713) 0EA677E6C4FBD9738A81F51BE053F03D {
   "code": "KeyD",
   "key": "d",
   "modifiers": 0,
   "text": "d",
   "type": "keyUp",
   "unmodifiedText": "d",
   "windowsVirtualKeyCode": 68
}
[1779850088.458][DEBUG]: DevTools WebSocket Command: Input.dispatchKeyEvent (id=714) 0EA677E6C4FBD9738A81F51BE053F03D {
   "code": "KeyO",
   "key": "o",
   "modifiers": 0,
   "text": "o",
   "type": "rawKeyDown",
   "unmodifiedText": "o",
   "windowsVirtualKeyCode": 79
}
[1779850088.458][DEBUG]: DevTools WebSocket Command: Input.dispatchKeyEvent (id=715) 0EA677E6C4FBD9738A81F51BE053F03D {
   "code": "KeyO",
   "key": "o",
   "modifiers": 0,
   "text": "o",
   "type": "char",
   "unmodifiedText": "o",
   "windowsVirtualKeyCode": 79
}
[1779850088.458][DEBUG]: DevTools WebSocket Command: Input.dispatchKeyEvent (id=716) 0EA677E6C4FBD9738A81F51BE053F03D {
   "code": "KeyO",
   "key": "o",
   "modifiers": 0,
   "text": "o",
   "type": "keyUp",
   "unmodifiedText": "o",
   "windowsVirtualKeyCode": 79
}
[1779850088.458][DEBUG]: DevTools WebSocket Command: Input.dispatchKeyEvent (id=717) 0EA677E6C4FBD9738A81F51BE053F03D {
   "code": "Slash",
   "key": "/",
   "modifiers": 0,
   "text": "/",
   "type": "rawKeyDown",
   "unmodifiedText": "/",
   "windowsVirtualKeyCode": 191
}
[1779850088.459][DEBUG]: DevTools WebSocket Command: Input.dispatchKeyEvent (id=718) 0EA677E6C4FBD9738A81F51BE053F03D {
   "code": "Slash",
   "key": "/",
   "modifiers": 0,
   "text": "/",
   "type": "char",
   "unmodifiedText": "/",
   "windowsVirtualKeyCode": 191
}
[1779850088.459][DEBUG]: DevTools WebSocket Command: Input.dispatchKeyEvent (id=719) 0EA677E6C4FBD9738A81F51BE053F03D {
   "code": "Slash",
   "key": "/",
   "modifiers": 0,
   "text": "/",
   "type": "keyUp",
   "unmodifiedText": "/",
   "windowsVirtualKeyCode": 191
}
[1779850088.459][DEBUG]: DevTools WebSocket Command: Input.dispatchKeyEvent (id=720) 0EA677E6C4FBD9738A81F51BE053F03D {
   "code": "KeyB",
   "key": "b",
   "modifiers": 0,
   "text": "b",
   "type": "rawKeyDown",
   "unmodifiedText": "b",
   "windowsVirtualKeyCode": 66
}
[1779850088.459][DEBUG]: DevTools WebSocket Command: Input.dispatchKeyEvent (id=721) 0EA677E6C4FBD9738A81F51BE053F03D {
   "code": "KeyB",
   "key": "b",
   "modifiers": 0,
   "text": "b",
   "type": "char",
   "unmodifiedText": "b",
   "windowsVirtualKeyCode": 66
}
[1779850088.459][DEBUG]: DevTools WebSocket Command: Input.dispatchKeyEvent (id=722) 0EA677E6C4FBD9738A81F51BE053F03D {
   "code": "KeyB",
   "key": "b",
   "modifiers": 0,
   "text": "b",
   "type": "keyUp",
   "unmodifiedText": "b",
   "windowsVirtualKeyCode": 66
}
[1779850088.459][DEBUG]: DevTools WebSocket Command: Input.dispatchKeyEvent (id=723) 0EA677E6C4FBD9738A81F51BE053F03D {
   "code": "KeyL",
   "key": "l",
   "modifiers": 0,
   "text": "l",
   "type": "rawKeyDown",
   "unmodifiedText": "l",
   "windowsVirtualKeyCode": 76
}
[1779850088.460][DEBUG]: DevTools WebSocket Command: Input.dispatchKeyEvent (id=724) 0EA677E6C4FBD9738A81F51BE053F03D {
   "code": "KeyL",
   "key": "l",
   "modifiers": 0,
   "text": "l",
   "type": "char",
   "unmodifiedText": "l",
   "windowsVirtualKeyCode": 76
}
[1779850088.460][DEBUG]: DevTools WebSocket Command: Input.dispatchKeyEvent (id=725) 0EA677E6C4FBD9738A81F51BE053F03D {
   "code": "KeyL",
   "key": "l",
   "modifiers": 0,
   "text": "l",
   "type": "keyUp",
   "unmodifiedText": "l",
   "windowsVirtualKeyCode": 76
}
[1779850088.460][DEBUG]: DevTools WebSocket Command: Input.dispatchKeyEvent (id=726) 0EA677E6C4FBD9738A81F51BE053F03D {
   "code": "KeyO",
   "key": "o",
   "modifiers": 0,
   "text": "o",
   "type": "rawKeyDown",
   "unmodifiedText": "o",
   "windowsVirtualKeyCode": 79
}
[1779850088.460][DEBUG]: DevTools WebSocket Command: Input.dispatchKeyEvent (id=727) 0EA677E6C4FBD9738A81F51BE053F03D {
   "code": "KeyO",
   "key": "o",
   "modifiers": 0,
   "text": "o",
   "type": "char",
   "unmodifiedText": "o",
   "windowsVirtualKeyCode": 79
}
[1779850088.460][DEBUG]: DevTools WebSocket Command: Input.dispatchKeyEvent (id=728) 0EA677E6C4FBD9738A81F51BE053F03D {
   "code": "KeyO",
   "key": "o",
   "modifiers": 0,
   "text": "o",
   "type": "keyUp",
   "unmodifiedText": "o",
   "windowsVirtualKeyCode": 79
}
[1779850088.461][DEBUG]: DevTools WebSocket Command: Input.dispatchKeyEvent (id=729) 0EA677E6C4FBD9738A81F51BE053F03D {
   "code": "KeyG",
   "key": "g",
   "modifiers": 0,
   "text": "g",
   "type": "rawKeyDown",
   "unmodifiedText": "g",
   "windowsVirtualKeyCode": 71
}
[1779850088.461][DEBUG]: DevTools WebSocket Command: Input.dispatchKeyEvent (id=730) 0EA677E6C4FBD9738A81F51BE053F03D {
   "code": "KeyG",
   "key": "g",
   "modifiers": 0,
   "text": "g",
   "type": "char",
   "unmodifiedText": "g",
   "windowsVirtualKeyCode": 71
}
[1779850088.461][DEBUG]: DevTools WebSocket Command: Input.dispatchKeyEvent (id=731) 0EA677E6C4FBD9738A81F51BE053F03D {
   "code": "KeyG",
   "key": "g",
   "modifiers": 0,
   "text": "g",
   "type": "keyUp",
   "unmodifiedText": "g",
   "windowsVirtualKeyCode": 71
}
[1779850088.461][DEBUG]: DevTools WebSocket Command: Input.dispatchKeyEvent (id=732) 0EA677E6C4FBD9738A81F51BE053F03D {
   "code": "Slash",
   "key": "/",
   "modifiers": 0,
   "text": "/",
   "type": "rawKeyDown",
   "unmodifiedText": "/",
   "windowsVirtualKeyCode": 191
}
[1779850088.462][DEBUG]: DevTools WebSocket Command: Input.dispatchKeyEvent (id=733) 0EA677E6C4FBD9738A81F51BE053F03D {
   "code": "Slash",
   "key": "/",
   "modifiers": 0,
   "text": "/",
   "type": "char",
   "unmodifiedText": "/",
   "windowsVirtualKeyCode": 191
}
[1779850088.462][DEBUG]: DevTools WebSocket Command: Input.dispatchKeyEvent (id=734) 0EA677E6C4FBD9738A81F51BE053F03D {
   "code": "Slash",
   "key": "/",
   "modifiers": 0,
   "text": "/",
   "type": "keyUp",
   "unmodifiedText": "/",
   "windowsVirtualKeyCode": 191
}
[1779850088.462][DEBUG]: DevTools WebSocket Command: Input.dispatchKeyEvent (id=735) 0EA677E6C4FBD9738A81F51BE053F03D {
   "code": "KeyC",
   "key": "c",
   "modifiers": 0,
   "text": "c",
   "type": "rawKeyDown",
   "unmodifiedText": "c",
   "windowsVirtualKeyCode": 67
}
[1779850088.462][DEBUG]: DevTools WebSocket Command: Input.dispatchKeyEvent (id=736) 0EA677E6C4FBD9738A81F51BE053F03D {
   "code": "KeyC",
   "key": "c",
   "modifiers": 0,
   "text": "c",
   "type": "char",
   "unmodifiedText": "c",
   "windowsVirtualKeyCode": 67
}
[1779850088.462][DEBUG]: DevTools WebSocket Command: Input.dispatchKeyEvent (id=737) 0EA677E6C4FBD9738A81F51BE053F03D {
   "code": "KeyC",
   "key": "c",
   "modifiers": 0,
   "text": "c",
   "type": "keyUp",
   "unmodifiedText": "c",
   "windowsVirtualKeyCode": 67
}
[1779850088.463][DEBUG]: DevTools WebSocket Command: Input.dispatchKeyEvent (id=738) 0EA677E6C4FBD9738A81F51BE053F03D {
   "code": "KeyO",
   "key": "o",
   "modifiers": 0,
   "text": "o",
   "type": "rawKeyDown",
   "unmodifiedText": "o",
   "windowsVirtualKeyCode": 79
}
[1779850088.463][DEBUG]: DevTools WebSocket Command: Input.dispatchKeyEvent (id=739) 0EA677E6C4FBD9738A81F51BE053F03D {
   "code": "KeyO",
   "key": "o",
   "modifiers": 0,
   "text": "o",
   "type": "char",
   "unmodifiedText": "o",
   "windowsVirtualKeyCode": 79
}
[1779850088.463][DEBUG]: DevTools WebSocket Command: Input.dispatchKeyEvent (id=740) 0EA677E6C4FBD9738A81F51BE053F03D {
   "code": "KeyO",
   "key": "o",
   "modifiers": 0,
   "text": "o",
   "type": "keyUp",
   "unmodifiedText": "o",
   "windowsVirtualKeyCode": 79
}
[1779850088.463][DEBUG]: DevTools WebSocket Command: Input.dispatchKeyEvent (id=741) 0EA677E6C4FBD9738A81F51BE053F03D {
   "code": "KeyN",
   "key": "n",
   "modifiers": 0,
   "text": "n",
   "type": "rawKeyDown",
   "unmodifiedText": "n",
   "windowsVirtualKeyCode": 78
}
[1779850088.464][DEBUG]: DevTools WebSocket Command: Input.dispatchKeyEvent (id=742) 0EA677E6C4FBD9738A81F51BE053F03D {
   "code": "KeyN",
   "key": "n",
   "modifiers": 0,
   "text": "n",
   "type": "char",
   "unmodifiedText": "n",
   "windowsVirtualKeyCode": 78
}
[1779850088.464][DEBUG]: DevTools WebSocket Command: Input.dispatchKeyEvent (id=743) 0EA677E6C4FBD9738A81F51BE053F03D {
   "code": "KeyN",
   "key": "n",
   "modifiers": 0,
   "text": "n",
   "type": "keyUp",
   "unmodifiedText": "n",
   "windowsVirtualKeyCode": 78
}
[1779850088.464][DEBUG]: DevTools WebSocket Command: Input.dispatchKeyEvent (id=744) 0EA677E6C4FBD9738A81F51BE053F03D {
   "code": "KeyT",
   "key": "t",
   "modifiers": 0,
   "text": "t",
   "type": "rawKeyDown",
   "unmodifiedText": "t",
   "windowsVirtualKeyCode": 84
}
[1779850088.464][DEBUG]: DevTools WebSocket Command: Input.dispatchKeyEvent (id=745) 0EA677E6C4FBD9738A81F51BE053F03D {
   "code": "KeyT",
   "key": "t",
   "modifiers": 0,
   "text": "t",
   "type": "char",
   "unmodifiedText": "t",
   "windowsVirtualKeyCode": 84
}
[1779850088.465][DEBUG]: DevTools WebSocket Command: Input.dispatchKeyEvent (id=746) 0EA677E6C4FBD9738A81F51BE053F03D {
   "code": "KeyT",
   "key": "t",
   "modifiers": 0,
   "text": "t",
   "type": "keyUp",
   "unmodifiedText": "t",
   "windowsVirtualKeyCode": 84
}
[1779850088.465][DEBUG]: DevTools WebSocket Command: Input.dispatchKeyEvent (id=747) 0EA677E6C4FBD9738A81F51BE053F03D {
   "code": "KeyE",
   "key": "e",
   "modifiers": 0,
   "text": "e",
   "type": "rawKeyDown",
   "unmodifiedText": "e",
   "windowsVirtualKeyCode": 69
}
[1779850088.465][DEBUG]: DevTools WebSocket Command: Input.dispatchKeyEvent (id=748) 0EA677E6C4FBD9738A81F51BE053F03D {
   "code": "KeyE",
   "key": "e",
   "modifiers": 0,
   "text": "e",
   "type": "char",
   "unmodifiedText": "e",
   "windowsVirtualKeyCode": 69
}
[1779850088.465][DEBUG]: DevTools WebSocket Command: Input.dispatchKeyEvent (id=749) 0EA677E6C4FBD9738A81F51BE053F03D {
   "code": "KeyE",
   "key": "e",
   "modifiers": 0,
   "text": "e",
   "type": "keyUp",
   "unmodifiedText": "e",
   "windowsVirtualKeyCode": 69
}
[1779850088.465][DEBUG]: DevTools WebSocket Command: Input.dispatchKeyEvent (id=750) 0EA677E6C4FBD9738A81F51BE053F03D {
   "code": "KeyN",
   "key": "n",
   "modifiers": 0,
   "text": "n",
   "type": "rawKeyDown",
   "unmodifiedText": "n",
   "windowsVirtualKeyCode": 78
}
[1779850088.465][DEBUG]: DevTools WebSocket Command: Input.dispatchKeyEvent (id=751) 0EA677E6C4FBD9738A81F51BE053F03D {
   "code": "KeyN",
   "key": "n",
   "modifiers": 0,
   "text": "n",
   "type": "char",
   "unmodifiedText": "n",
   "windowsVirtualKeyCode": 78
}
[1779850088.466][DEBUG]: DevTools WebSocket Command: Input.dispatchKeyEvent (id=752) 0EA677E6C4FBD9738A81F51BE053F03D {
   "code": "KeyN",
   "key": "n",
   "modifiers": 0,
   "text": "n",
   "type": "keyUp",
   "unmodifiedText": "n",
   "windowsVirtualKeyCode": 78
}
[1779850088.466][DEBUG]: DevTools WebSocket Command: Input.dispatchKeyEvent (id=753) 0EA677E6C4FBD9738A81F51BE053F03D {
   "code": "KeyT",
   "key": "t",
   "modifiers": 0,
   "text": "t",
   "type": "rawKeyDown",
   "unmodifiedText": "t",
   "windowsVirtualKeyCode": 84
}
[1779850088.466][DEBUG]: DevTools WebSocket Command: Input.dispatchKeyEvent (id=754) 0EA677E6C4FBD9738A81F51BE053F03D {
   "code": "KeyT",
   "key": "t",
   "modifiers": 0,
   "text": "t",
   "type": "char",
   "unmodifiedText": "t",
   "windowsVirtualKeyCode": 84
}
[1779850088.466][DEBUG]: DevTools WebSocket Command: Input.dispatchKeyEvent (id=755) 0EA677E6C4FBD9738A81F51BE053F03D {
   "code": "KeyT",
   "key": "t",
   "modifiers": 0,
   "text": "t",
   "type": "keyUp",
   "unmodifiedText": "t",
   "windowsVirtualKeyCode": 84
}
[1779850088.467][DEBUG]: DevTools WebSocket Command: Input.dispatchKeyEvent (id=756) 0EA677E6C4FBD9738A81F51BE053F03D {
   "code": "Slash",
   "key": "/",
   "modifiers": 0,
   "text": "/",
   "type": "rawKeyDown",
   "unmodifiedText": "/",
   "windowsVirtualKeyCode": 191
}
[1779850088.467][DEBUG]: DevTools WebSocket Command: Input.dispatchKeyEvent (id=757) 0EA677E6C4FBD9738A81F51BE053F03D {
   "code": "Slash",
   "key": "/",
   "modifiers": 0,
   "text": "/",
   "type": "char",
   "unmodifiedText": "/",
   "windowsVirtualKeyCode": 191
}
[1779850088.467][DEBUG]: DevTools WebSocket Command: Input.dispatchKeyEvent (id=758) 0EA677E6C4FBD9738A81F51BE053F03D {
   "code": "Slash",
   "key": "/",
   "modifiers": 0,
   "text": "/",
   "type": "keyUp",
   "unmodifiedText": "/",
   "windowsVirtualKeyCode": 191
}
[1779850088.467][DEBUG]: DevTools WebSocket Command: Input.dispatchKeyEvent (id=759) 0EA677E6C4FBD9738A81F51BE053F03D {
   "code": "KeyI",
   "key": "i",
   "modifiers": 0,
   "text": "i",
   "type": "rawKeyDown",
   "unmodifiedText": "i",
   "windowsVirtualKeyCode": 73
}
[1779850088.468][DEBUG]: DevTools WebSocket Command: Input.dispatchKeyEvent (id=760) 0EA677E6C4FBD9738A81F51BE053F03D {
   "code": "KeyI",
   "key": "i",
   "modifiers": 0,
   "text": "i",
   "type": "char",
   "unmodifiedText": "i",
   "windowsVirtualKeyCode": 73
}
[1779850088.468][DEBUG]: DevTools WebSocket Command: Input.dispatchKeyEvent (id=761) 0EA677E6C4FBD9738A81F51BE053F03D {
   "code": "KeyI",
   "key": "i",
   "modifiers": 0,
   "text": "i",
   "type": "keyUp",
   "unmodifiedText": "i",
   "windowsVirtualKeyCode": 73
}
[1779850088.468][DEBUG]: DevTools WebSocket Command: Input.dispatchKeyEvent (id=762) 0EA677E6C4FBD9738A81F51BE053F03D {
   "code": "KeyM",
   "key": "m",
   "modifiers": 0,
   "text": "m",
   "type": "rawKeyDown",
   "unmodifiedText": "m",
   "windowsVirtualKeyCode": 77
}
[1779850088.468][DEBUG]: DevTools WebSocket Command: Input.dispatchKeyEvent (id=763) 0EA677E6C4FBD9738A81F51BE053F03D {
   "code": "KeyM",
   "key": "m",
   "modifiers": 0,
   "text": "m",
   "type": "char",
   "unmodifiedText": "m",
   "windowsVirtualKeyCode": 77
}
[1779850088.469][DEBUG]: DevTools WebSocket Command: Input.dispatchKeyEvent (id=764) 0EA677E6C4FBD9738A81F51BE053F03D {
   "code": "KeyM",
   "key": "m",
   "modifiers": 0,
   "text": "m",
   "type": "keyUp",
   "unmodifiedText": "m",
   "windowsVirtualKeyCode": 77
}
[1779850088.469][DEBUG]: DevTools WebSocket Command: Input.dispatchKeyEvent (id=765) 0EA677E6C4FBD9738A81F51BE053F03D {
   "code": "KeyA",
   "key": "a",
   "modifiers": 0,
   "text": "a",
   "type": "rawKeyDown",
   "unmodifiedText": "a",
   "windowsVirtualKeyCode": 65
}
[1779850088.469][DEBUG]: DevTools WebSocket Command: Input.dispatchKeyEvent (id=766) 0EA677E6C4FBD9738A81F51BE053F03D {
   "code": "KeyA",
   "key": "a",
   "modifiers": 0,
   "text": "a",
   "type": "char",
   "unmodifiedText": "a",
   "windowsVirtualKeyCode": 65
}
[1779850088.469][DEBUG]: DevTools WebSocket Command: Input.dispatchKeyEvent (id=767) 0EA677E6C4FBD9738A81F51BE053F03D {
   "code": "KeyA",
   "key": "a",
   "modifiers": 0,
   "text": "a",
   "type": "keyUp",
   "unmodifiedText": "a",
   "windowsVirtualKeyCode": 65
}
[1779850088.469][DEBUG]: DevTools WebSocket Command: Input.dispatchKeyEvent (id=768) 0EA677E6C4FBD9738A81F51BE053F03D {
   "code": "KeyG",
   "key": "g",
   "modifiers": 0,
   "text": "g",
   "type": "rawKeyDown",
   "unmodifiedText": "g",
   "windowsVirtualKeyCode": 71
}
[1779850088.470][DEBUG]: DevTools WebSocket Command: Input.dispatchKeyEvent (id=769) 0EA677E6C4FBD9738A81F51BE053F03D {
   "code": "KeyG",
   "key": "g",
   "modifiers": 0,
   "text": "g",
   "type": "char",
   "unmodifiedText": "g",
   "windowsVirtualKeyCode": 71
}
[1779850088.470][DEBUG]: DevTools WebSocket Command: Input.dispatchKeyEvent (id=770) 0EA677E6C4FBD9738A81F51BE053F03D {
   "code": "KeyG",
   "key": "g",
   "modifiers": 0,
   "text": "g",
   "type": "keyUp",
   "unmodifiedText": "g",
   "windowsVirtualKeyCode": 71
}
[1779850088.470][DEBUG]: DevTools WebSocket Command: Input.dispatchKeyEvent (id=771) 0EA677E6C4FBD9738A81F51BE053F03D {
   "code": "KeyE",
   "key": "e",
   "modifiers": 0,
   "text": "e",
   "type": "rawKeyDown",
   "unmodifiedText": "e",
   "windowsVirtualKeyCode": 69
}
[1779850088.471][DEBUG]: DevTools WebSocket Command: Input.dispatchKeyEvent (id=772) 0EA677E6C4FBD9738A81F51BE053F03D {
   "code": "KeyE",
   "key": "e",
   "modifiers": 0,
   "text": "e",
   "type": "char",
   "unmodifiedText": "e",
   "windowsVirtualKeyCode": 69
}
[1779850088.471][DEBUG]: DevTools WebSocket Command: Input.dispatchKeyEvent (id=773) 0EA677E6C4FBD9738A81F51BE053F03D {
   "code": "KeyE",
   "key": "e",
   "modifiers": 0,
   "text": "e",
   "type": "keyUp",
   "unmodifiedText": "e",
   "windowsVirtualKeyCode": 69
}
[1779850088.471][DEBUG]: DevTools WebSocket Command: Input.dispatchKeyEvent (id=774) 0EA677E6C4FBD9738A81F51BE053F03D {
   "code": "KeyS",
   "key": "s",
   "modifiers": 0,
   "text": "s",
   "type": "rawKeyDown",
   "unmodifiedText": "s",
   "windowsVirtualKeyCode": 83
}
[1779850088.471][DEBUG]: DevTools WebSocket Command: Input.dispatchKeyEvent (id=775) 0EA677E6C4FBD9738A81F51BE053F03D {
   "code": "KeyS",
   "key": "s",
   "modifiers": 0,
   "text": "s",
   "type": "char",
   "unmodifiedText": "s",
   "windowsVirtualKeyCode": 83
}
[1779850088.472][DEBUG]: DevTools WebSocket Command: Input.dispatchKeyEvent (id=776) 0EA677E6C4FBD9738A81F51BE053F03D {
   "code": "KeyS",
   "key": "s",
   "modifiers": 0,
   "text": "s",
   "type": "keyUp",
   "unmodifiedText": "s",
   "windowsVirtualKeyCode": 83
}
[1779850088.472][DEBUG]: DevTools WebSocket Command: Input.dispatchKeyEvent (id=777) 0EA677E6C4FBD9738A81F51BE053F03D {
   "code": "Slash",
   "key": "/",
   "modifiers": 0,
   "text": "/",
   "type": "rawKeyDown",
   "unmodifiedText": "/",
   "windowsVirtualKeyCode": 191
}
[1779850088.472][DEBUG]: DevTools WebSocket Command: Input.dispatchKeyEvent (id=778) 0EA677E6C4FBD9738A81F51BE053F03D {
   "code": "Slash",
   "key": "/",
   "modifiers": 0,
   "text": "/",
   "type": "char",
   "unmodifiedText": "/",
   "windowsVirtualKeyCode": 191
}
[1779850088.472][DEBUG]: DevTools WebSocket Command: Input.dispatchKeyEvent (id=779) 0EA677E6C4FBD9738A81F51BE053F03D {
   "code": "Slash",
   "key": "/",
   "modifiers": 0,
   "text": "/",
   "type": "keyUp",
   "unmodifiedText": "/",
   "windowsVirtualKeyCode": 191
}
[1779850088.472][DEBUG]: DevTools WebSocket Command: Input.dispatchKeyEvent (id=780) 0EA677E6C4FBD9738A81F51BE053F03D {
   "code": "KeyS",
   "key": "s",
   "modifiers": 0,
   "text": "s",
   "type": "rawKeyDown",
   "unmodifiedText": "s",
   "windowsVirtualKeyCode": 83
}
[1779850088.473][DEBUG]: DevTools WebSocket Command: Input.dispatchKeyEvent (id=781) 0EA677E6C4FBD9738A81F51BE053F03D {
   "code": "KeyS",
   "key": "s",
   "modifiers": 0,
   "text": "s",
   "type": "char",
   "unmodifiedText": "s",
   "windowsVirtualKeyCode": 83
}
[1779850088.473][DEBUG]: DevTools WebSocket Command: Input.dispatchKeyEvent (id=782) 0EA677E6C4FBD9738A81F51BE053F03D {
   "code": "KeyS",
   "key": "s",
   "modifiers": 0,
   "text": "s",
   "type": "keyUp",
   "unmodifiedText": "s",
   "windowsVirtualKeyCode": 83
}
[1779850088.473][DEBUG]: DevTools WebSocket Command: Input.dispatchKeyEvent (id=783) 0EA677E6C4FBD9738A81F51BE053F03D {
   "code": "KeyI",
   "key": "i",
   "modifiers": 0,
   "text": "i",
   "type": "rawKeyDown",
   "unmodifiedText": "i",
   "windowsVirtualKeyCode": 73
}
[1779850088.473][DEBUG]: DevTools WebSocket Command: Input.dispatchKeyEvent (id=784) 0EA677E6C4FBD9738A81F51BE053F03D {
   "code": "KeyI",
   "key": "i",
   "modifiers": 0,
   "text": "i",
   "type": "char",
   "unmodifiedText": "i",
   "windowsVirtualKeyCode": 73
}
[1779850088.473][DEBUG]: DevTools WebSocket Command: Input.dispatchKeyEvent (id=785) 0EA677E6C4FBD9738A81F51BE053F03D {
   "code": "KeyI",
   "key": "i",
   "modifiers": 0,
   "text": "i",
   "type": "keyUp",
   "unmodifiedText": "i",
   "windowsVirtualKeyCode": 73
}
[1779850088.474][DEBUG]: DevTools WebSocket Command: Input.dispatchKeyEvent (id=786) 0EA677E6C4FBD9738A81F51BE053F03D {
   "code": "KeyZ",
   "key": "z",
   "modifiers": 0,
   "text": "z",
   "type": "rawKeyDown",
   "unmodifiedText": "z",
   "windowsVirtualKeyCode": 90
}
[1779850088.474][DEBUG]: DevTools WebSocket Command: Input.dispatchKeyEvent (id=787) 0EA677E6C4FBD9738A81F51BE053F03D {
   "code": "KeyZ",
   "key": "z",
   "modifiers": 0,
   "text": "z",
   "type": "char",
   "unmodifiedText": "z",
   "windowsVirtualKeyCode": 90
}
[1779850088.474][DEBUG]: DevTools WebSocket Command: Input.dispatchKeyEvent (id=788) 0EA677E6C4FBD9738A81F51BE053F03D {
   "code": "KeyZ",
   "key": "z",
   "modifiers": 0,
   "text": "z",
   "type": "keyUp",
   "unmodifiedText": "z",
   "windowsVirtualKeyCode": 90
}
[1779850088.474][DEBUG]: DevTools WebSocket Command: Input.dispatchKeyEvent (id=789) 0EA677E6C4FBD9738A81F51BE053F03D {
   "code": "KeyE",
   "key": "e",
   "modifiers": 0,
   "text": "e",
   "type": "rawKeyDown",
   "unmodifiedText": "e",
   "windowsVirtualKeyCode": 69
}
[1779850088.474][DEBUG]: DevTools WebSocket Command: Input.dispatchKeyEvent (id=790) 0EA677E6C4FBD9738A81F51BE053F03D {
   "code": "KeyE",
   "key": "e",
   "modifiers": 0,
   "text": "e",
   "type": "char",
   "unmodifiedText": "e",
   "windowsVirtualKeyCode": 69
}
[1779850088.475][DEBUG]: DevTools WebSocket Command: Input.dispatchKeyEvent (id=791) 0EA677E6C4FBD9738A81F51BE053F03D {
   "code": "KeyE",
   "key": "e",
   "modifiers": 0,
   "text": "e",
   "type": "keyUp",
   "unmodifiedText": "e",
   "windowsVirtualKeyCode": 69
}
[1779850088.475][DEBUG]: DevTools WebSocket Command: Input.dispatchKeyEvent (id=792) 0EA677E6C4FBD9738A81F51BE053F03D {
   "code": "Slash",
   "key": "/",
   "modifiers": 0,
   "text": "/",
   "type": "rawKeyDown",
   "unmodifiedText": "/",
   "windowsVirtualKeyCode": 191
}
[1779850088.475][DEBUG]: DevTools WebSocket Command: Input.dispatchKeyEvent (id=793) 0EA677E6C4FBD9738A81F51BE053F03D {
   "code": "Slash",
   "key": "/",
   "modifiers": 0,
   "text": "/",
   "type": "char",
   "unmodifiedText": "/",
   "windowsVirtualKeyCode": 191
}
[1779850088.475][DEBUG]: DevTools WebSocket Command: Input.dispatchKeyEvent (id=794) 0EA677E6C4FBD9738A81F51BE053F03D {
   "code": "Slash",
   "key": "/",
   "modifiers": 0,
   "text": "/",
   "type": "keyUp",
   "unmodifiedText": "/",
   "windowsVirtualKeyCode": 191
}
[1779850088.475][DEBUG]: DevTools WebSocket Command: Input.dispatchKeyEvent (id=795) 0EA677E6C4FBD9738A81F51BE053F03D {
   "code": "KeyW",
   "key": "w",
   "modifiers": 0,
   "text": "w",
   "type": "rawKeyDown",
   "unmodifiedText": "w",
   "windowsVirtualKeyCode": 87
}
[1779850088.475][DEBUG]: DevTools WebSocket Command: Input.dispatchKeyEvent (id=796) 0EA677E6C4FBD9738A81F51BE053F03D {
   "code": "KeyW",
   "key": "w",
   "modifiers": 0,
   "text": "w",
   "type": "char",
   "unmodifiedText": "w",
   "windowsVirtualKeyCode": 87
}
[1779850088.476][DEBUG]: DevTools WebSocket Command: Input.dispatchKeyEvent (id=797) 0EA677E6C4FBD9738A81F51BE053F03D {
   "code": "KeyW",
   "key": "w",
   "modifiers": 0,
   "text": "w",
   "type": "keyUp",
   "unmodifiedText": "w",
   "windowsVirtualKeyCode": 87
}
[1779850088.476][DEBUG]: DevTools WebSocket Command: Input.dispatchKeyEvent (id=798) 0EA677E6C4FBD9738A81F51BE053F03D {
   "code": "Digit1",
   "key": "1",
   "modifiers": 0,
   "text": "1",
   "type": "rawKeyDown",
   "unmodifiedText": "1",
   "windowsVirtualKeyCode": 49
}
[1779850088.476][DEBUG]: DevTools WebSocket Command: Input.dispatchKeyEvent (id=799) 0EA677E6C4FBD9738A81F51BE053F03D {
   "code": "Digit1",
   "key": "1",
   "modifiers": 0,
   "text": "1",
   "type": "char",
   "unmodifiedText": "1",
   "windowsVirtualKeyCode": 49
}
[1779850088.476][DEBUG]: DevTools WebSocket Command: Input.dispatchKeyEvent (id=800) 0EA677E6C4FBD9738A81F51BE053F03D {
   "code": "Digit1",
   "key": "1",
   "modifiers": 0,
   "text": "1",
   "type": "keyUp",
   "unmodifiedText": "1",
   "windowsVirtualKeyCode": 49
}
[1779850088.476][DEBUG]: DevTools WebSocket Command: Input.dispatchKeyEvent (id=801) 0EA677E6C4FBD9738A81F51BE053F03D {
   "code": "Digit0",
   "key": "0",
   "modifiers": 0,
   "text": "0",
   "type": "rawKeyDown",
   "unmodifiedText": "0",
   "windowsVirtualKeyCode": 48
}
[1779850088.477][DEBUG]: DevTools WebSocket Command: Input.dispatchKeyEvent (id=802) 0EA677E6C4FBD9738A81F51BE053F03D {
   "code": "Digit0",
   "key": "0",
   "modifiers": 0,
   "text": "0",
   "type": "char",
   "unmodifiedText": "0",
   "windowsVirtualKeyCode": 48
}
[1779850088.477][DEBUG]: DevTools WebSocket Command: Input.dispatchKeyEvent (id=803) 0EA677E6C4FBD9738A81F51BE053F03D {
   "code": "Digit0",
   "key": "0",
   "modifiers": 0,
   "text": "0",
   "type": "keyUp",
   "unmodifiedText": "0",
   "windowsVirtualKeyCode": 48
}
[1779850088.477][DEBUG]: DevTools WebSocket Command: Input.dispatchKeyEvent (id=804) 0EA677E6C4FBD9738A81F51BE053F03D {
   "code": "Digit0",
   "key": "0",
   "modifiers": 0,
   "text": "0",
   "type": "rawKeyDown",
   "unmodifiedText": "0",
   "windowsVirtualKeyCode": 48
}
[1779850088.477][DEBUG]: DevTools WebSocket Command: Input.dispatchKeyEvent (id=805) 0EA677E6C4FBD9738A81F51BE053F03D {
   "code": "Digit0",
   "key": "0",
   "modifiers": 0,
   "text": "0",
   "type": "char",
   "unmodifiedText": "0",
   "windowsVirtualKeyCode": 48
}
[1779850088.478][DEBUG]: DevTools WebSocket Command: Input.dispatchKeyEvent (id=806) 0EA677E6C4FBD9738A81F51BE053F03D {
   "code": "Digit0",
   "key": "0",
   "modifiers": 0,
   "text": "0",
   "type": "keyUp",
   "unmodifiedText": "0",
   "windowsVirtualKeyCode": 48
}
[1779850088.478][DEBUG]: DevTools WebSocket Command: Input.dispatchKeyEvent (id=807) 0EA677E6C4FBD9738A81F51BE053F03D {
   "code": "Digit0",
   "key": "0",
   "modifiers": 0,
   "text": "0",
   "type": "rawKeyDown",
   "unmodifiedText": "0",
   "windowsVirtualKeyCode": 48
}
[1779850088.478][DEBUG]: DevTools WebSocket Command: Input.dispatchKeyEvent (id=808) 0EA677E6C4FBD9738A81F51BE053F03D {
   "code": "Digit0",
   "key": "0",
   "modifiers": 0,
   "text": "0",
   "type": "char",
   "unmodifiedText": "0",
   "windowsVirtualKeyCode": 48
}
[1779850088.478][DEBUG]: DevTools WebSocket Command: Input.dispatchKeyEvent (id=809) 0EA677E6C4FBD9738A81F51BE053F03D {
   "code": "Digit0",
   "key": "0",
   "modifiers": 0,
   "text": "0",
   "type": "keyUp",
   "unmodifiedText": "0",
   "windowsVirtualKeyCode": 48
}
[1779850088.478][DEBUG]: DevTools WebSocket Command: Input.dispatchKeyEvent (id=810) 0EA677E6C4FBD9738A81F51BE053F03D {
   "code": "Slash",
   "key": "/",
   "modifiers": 0,
   "text": "/",
   "type": "rawKeyDown",
   "unmodifiedText": "/",
   "windowsVirtualKeyCode": 191
}
[1779850088.478][DEBUG]: DevTools WebSocket Command: Input.dispatchKeyEvent (id=811) 0EA677E6C4FBD9738A81F51BE053F03D {
   "code": "Slash",
   "key": "/",
   "modifiers": 0,
   "text": "/",
   "type": "char",
   "unmodifiedText": "/",
   "windowsVirtualKeyCode": 191
}
[1779850088.479][DEBUG]: DevTools WebSocket Command: Input.dispatchKeyEvent (id=812) 0EA677E6C4FBD9738A81F51BE053F03D {
   "code": "Slash",
   "key": "/",
   "modifiers": 0,
   "text": "/",
   "type": "keyUp",
   "unmodifiedText": "/",
   "windowsVirtualKeyCode": 191
}
[1779850088.479][DEBUG]: DevTools WebSocket Command: Input.dispatchKeyEvent (id=813) 0EA677E6C4FBD9738A81F51BE053F03D {
   "code": "Digit2",
   "key": "2",
   "modifiers": 0,
   "text": "2",
   "type": "rawKeyDown",
   "unmodifiedText": "2",
   "windowsVirtualKeyCode": 50
}
[1779850088.479][DEBUG]: DevTools WebSocket Command: Input.dispatchKeyEvent (id=814) 0EA677E6C4FBD9738A81F51BE053F03D {
   "code": "Digit2",
   "key": "2",
   "modifiers": 0,
   "text": "2",
   "type": "char",
   "unmodifiedText": "2",
   "windowsVirtualKeyCode": 50
}
[1779850088.479][DEBUG]: DevTools WebSocket Command: Input.dispatchKeyEvent (id=815) 0EA677E6C4FBD9738A81F51BE053F03D {
   "code": "Digit2",
   "key": "2",
   "modifiers": 0,
   "text": "2",
   "type": "keyUp",
   "unmodifiedText": "2",
   "windowsVirtualKeyCode": 50
}
[1779850088.479][DEBUG]: DevTools WebSocket Command: Input.dispatchKeyEvent (id=816) 0EA677E6C4FBD9738A81F51BE053F03D {
   "code": "Digit0",
   "key": "0",
   "modifiers": 0,
   "text": "0",
   "type": "rawKeyDown",
   "unmodifiedText": "0",
   "windowsVirtualKeyCode": 48
}
[1779850088.480][DEBUG]: DevTools WebSocket Command: Input.dispatchKeyEvent (id=817) 0EA677E6C4FBD9738A81F51BE053F03D {
   "code": "Digit0",
   "key": "0",
   "modifiers": 0,
   "text": "0",
   "type": "char",
   "unmodifiedText": "0",
   "windowsVirtualKeyCode": 48
}
[1779850088.480][DEBUG]: DevTools WebSocket Command: Input.dispatchKeyEvent (id=818) 0EA677E6C4FBD9738A81F51BE053F03D {
   "code": "Digit0",
   "key": "0",
   "modifiers": 0,
   "text": "0",
   "type": "keyUp",
   "unmodifiedText": "0",
   "windowsVirtualKeyCode": 48
}
[1779850088.480][DEBUG]: DevTools WebSocket Command: Input.dispatchKeyEvent (id=819) 0EA677E6C4FBD9738A81F51BE053F03D {
   "code": "Digit2",
   "key": "2",
   "modifiers": 0,
   "text": "2",
   "type": "rawKeyDown",
   "unmodifiedText": "2",
   "windowsVirtualKeyCode": 50
}
[1779850088.480][DEBUG]: DevTools WebSocket Command: Input.dispatchKeyEvent (id=820) 0EA677E6C4FBD9738A81F51BE053F03D {
   "code": "Digit2",
   "key": "2",
   "modifiers": 0,
   "text": "2",
   "type": "char",
   "unmodifiedText": "2",
   "windowsVirtualKeyCode": 50
}
[1779850088.481][DEBUG]: DevTools WebSocket Command: Input.dispatchKeyEvent (id=821) 0EA677E6C4FBD9738A81F51BE053F03D {
   "code": "Digit2",
   "key": "2",
   "modifiers": 0,
   "text": "2",
   "type": "keyUp",
   "unmodifiedText": "2",
   "windowsVirtualKeyCode": 50
}
[1779850088.481][DEBUG]: DevTools WebSocket Command: Input.dispatchKeyEvent (id=822) 0EA677E6C4FBD9738A81F51BE053F03D {
   "code": "Digit0",
   "key": "0",
   "modifiers": 0,
   "text": "0",
   "type": "rawKeyDown",
   "unmodifiedText": "0",
   "windowsVirtualKeyCode": 48
}
[1779850088.481][DEBUG]: DevTools WebSocket Command: Input.dispatchKeyEvent (id=823) 0EA677E6C4FBD9738A81F51BE053F03D {
   "code": "Digit0",
   "key": "0",
   "modifiers": 0,
   "text": "0",
   "type": "char",
   "unmodifiedText": "0",
   "windowsVirtualKeyCode": 48
}
[1779850088.481][DEBUG]: DevTools WebSocket Command: Input.dispatchKeyEvent (id=824) 0EA677E6C4FBD9738A81F51BE053F03D {
   "code": "Digit0",
   "key": "0",
   "modifiers": 0,
   "text": "0",
   "type": "keyUp",
   "unmodifiedText": "0",
   "windowsVirtualKeyCode": 48
}
[1779850088.481][DEBUG]: DevTools WebSocket Command: Input.dispatchKeyEvent (id=825) 0EA677E6C4FBD9738A81F51BE053F03D {
   "code": "Slash",
   "key": "/",
   "modifiers": 0,
   "text": "/",
   "type": "rawKeyDown",
   "unmodifiedText": "/",
   "windowsVirtualKeyCode": 191
}
[1779850088.482][DEBUG]: DevTools WebSocket Command: Input.dispatchKeyEvent (id=826) 0EA677E6C4FBD9738A81F51BE053F03D {
   "code": "Slash",
   "key": "/",
   "modifiers": 0,
   "text": "/",
   "type": "char",
   "unmodifiedText": "/",
   "windowsVirtualKeyCode": 191
}
[1779850088.482][DEBUG]: DevTools WebSocket Command: Input.dispatchKeyEvent (id=827) 0EA677E6C4FBD9738A81F51BE053F03D {
   "code": "Slash",
   "key": "/",
   "modifiers": 0,
   "text": "/",
   "type": "keyUp",
   "unmodifiedText": "/",
   "windowsVirtualKeyCode": 191
}
[1779850088.482][DEBUG]: DevTools WebSocket Command: Input.dispatchKeyEvent (id=828) 0EA677E6C4FBD9738A81F51BE053F03D {
   "code": "Digit0",
   "key": "0",
   "modifiers": 0,
   "text": "0",
   "type": "rawKeyDown",
   "unmodifiedText": "0",
   "windowsVirtualKeyCode": 48
}
[1779850088.482][DEBUG]: DevTools WebSocket Command: Input.dispatchKeyEvent (id=829) 0EA677E6C4FBD9738A81F51BE053F03D {
   "code": "Digit0",
   "key": "0",
   "modifiers": 0,
   "text": "0",
   "type": "char",
   "unmodifiedText": "0",
   "windowsVirtualKeyCode": 48
}
[1779850088.482][DEBUG]: DevTools WebSocket Command: Input.dispatchKeyEvent (id=830) 0EA677E6C4FBD9738A81F51BE053F03D {
   "code": "Digit0",
   "key": "0",
   "modifiers": 0,
   "text": "0",
   "type": "keyUp",
   "unmodifiedText": "0",
   "windowsVirtualKeyCode": 48
}
[1779850088.483][DEBUG]: DevTools WebSocket Command: Input.dispatchKeyEvent (id=831) 0EA677E6C4FBD9738A81F51BE053F03D {
   "code": "Digit8",
   "key": "8",
   "modifiers": 0,
   "text": "8",
   "type": "rawKeyDown",
   "unmodifiedText": "8",
   "windowsVirtualKeyCode": 56
}
[1779850088.483][DEBUG]: DevTools WebSocket Command: Input.dispatchKeyEvent (id=832) 0EA677E6C4FBD9738A81F51BE053F03D {
   "code": "Digit8",
   "key": "8",
   "modifiers": 0,
   "text": "8",
   "type": "char",
   "unmodifiedText": "8",
   "windowsVirtualKeyCode": 56
}
[1779850088.483][DEBUG]: DevTools WebSocket Command: Input.dispatchKeyEvent (id=833) 0EA677E6C4FBD9738A81F51BE053F03D {
   "code": "Digit8",
   "key": "8",
   "modifiers": 0,
   "text": "8",
   "type": "keyUp",
   "unmodifiedText": "8",
   "windowsVirtualKeyCode": 56
}
[1779850088.483][DEBUG]: DevTools WebSocket Command: Input.dispatchKeyEvent (id=834) 0EA677E6C4FBD9738A81F51BE053F03D {
   "code": "Slash",
   "key": "/",
   "modifiers": 0,
   "text": "/",
   "type": "rawKeyDown",
   "unmodifiedText": "/",
   "windowsVirtualKeyCode": 191
}
[1779850088.483][DEBUG]: DevTools WebSocket Command: Input.dispatchKeyEvent (id=835) 0EA677E6C4FBD9738A81F51BE053F03D {
   "code": "Slash",
   "key": "/",
   "modifiers": 0,
   "text": "/",
   "type": "char",
   "unmodifiedText": "/",
   "windowsVirtualKeyCode": 191
}
[1779850088.484][DEBUG]: DevTools WebSocket Command: Input.dispatchKeyEvent (id=836) 0EA677E6C4FBD9738A81F51BE053F03D {
   "code": "Slash",
   "key": "/",
   "modifiers": 0,
   "text": "/",
   "type": "keyUp",
   "unmodifiedText": "/",
   "windowsVirtualKeyCode": 191
}
[1779850088.484][DEBUG]: DevTools WebSocket Command: Input.dispatchKeyEvent (id=837) 0EA677E6C4FBD9738A81F51BE053F03D {
   "code": "ShiftLeft",
   "key": "Shift",
   "modifiers": 0,
   "text": "",
   "type": "rawKeyDown",
   "unmodifiedText": "",
   "windowsVirtualKeyCode": 16
}
[1779850088.484][DEBUG]: DevTools WebSocket Command: Input.dispatchKeyEvent (id=838) 0EA677E6C4FBD9738A81F51BE053F03D {
   "code": "KeyA",
   "key": "A",
   "modifiers": 8,
   "text": "A",
   "type": "rawKeyDown",
   "unmodifiedText": "a",
   "windowsVirtualKeyCode": 65
}
[1779850088.484][DEBUG]: DevTools WebSocket Command: Input.dispatchKeyEvent (id=839) 0EA677E6C4FBD9738A81F51BE053F03D {
   "code": "KeyA",
   "key": "A",
   "modifiers": 8,
   "text": "A",
   "type": "char",
   "unmodifiedText": "a",
   "windowsVirtualKeyCode": 65
}
[1779850088.484][DEBUG]: DevTools WebSocket Command: Input.dispatchKeyEvent (id=840) 0EA677E6C4FBD9738A81F51BE053F03D {
   "code": "KeyA",
   "key": "A",
   "modifiers": 8,
   "text": "A",
   "type": "keyUp",
   "unmodifiedText": "a",
   "windowsVirtualKeyCode": 65
}
[1779850088.485][DEBUG]: DevTools WebSocket Command: Input.dispatchKeyEvent (id=841) 0EA677E6C4FBD9738A81F51BE053F03D {
   "code": "ShiftLeft",
   "key": "Shift",
   "modifiers": 0,
   "text": "",
   "type": "keyUp",
   "unmodifiedText": "",
   "windowsVirtualKeyCode": 16
}
[1779850088.485][DEBUG]: DevTools WebSocket Command: Input.dispatchKeyEvent (id=842) 0EA677E6C4FBD9738A81F51BE053F03D {
   "code": "KeyU",
   "key": "u",
   "modifiers": 0,
   "text": "u",
   "type": "rawKeyDown",
   "unmodifiedText": "u",
   "windowsVirtualKeyCode": 85
}
[1779850088.485][DEBUG]: DevTools WebSocket Command: Input.dispatchKeyEvent (id=843) 0EA677E6C4FBD9738A81F51BE053F03D {
   "code": "KeyU",
   "key": "u",
   "modifiers": 0,
   "text": "u",
   "type": "char",
   "unmodifiedText": "u",
   "windowsVirtualKeyCode": 85
}
[1779850088.485][DEBUG]: DevTools WebSocket Command: Input.dispatchKeyEvent (id=844) 0EA677E6C4FBD9738A81F51BE053F03D {
   "code": "KeyU",
   "key": "u",
   "modifiers": 0,
   "text": "u",
   "type": "keyUp",
   "unmodifiedText": "u",
   "windowsVirtualKeyCode": 85
}
[1779850088.486][DEBUG]: DevTools WebSocket Command: Input.dispatchKeyEvent (id=845) 0EA677E6C4FBD9738A81F51BE053F03D {
   "code": "KeyG",
   "key": "g",
   "modifiers": 0,
   "text": "g",
   "type": "rawKeyDown",
   "unmodifiedText": "g",
   "windowsVirtualKeyCode": 71
}
[1779850088.486][DEBUG]: DevTools WebSocket Command: Input.dispatchKeyEvent (id=846) 0EA677E6C4FBD9738A81F51BE053F03D {
   "code": "KeyG",
   "key": "g",
   "modifiers": 0,
   "text": "g",
   "type": "char",
   "unmodifiedText": "g",
   "windowsVirtualKeyCode": 71
}
[1779850088.486][DEBUG]: DevTools WebSocket Command: Input.dispatchKeyEvent (id=847) 0EA677E6C4FBD9738A81F51BE053F03D {
   "code": "KeyG",
   "key": "g",
   "modifiers": 0,
   "text": "g",
   "type": "keyUp",
   "unmodifiedText": "g",
   "windowsVirtualKeyCode": 71
}
[1779850088.487][DEBUG]: DevTools WebSocket Command: Input.dispatchKeyEvent (id=848) 0EA677E6C4FBD9738A81F51BE053F03D {
   "code": "ShiftLeft",
   "key": "Shift",
   "modifiers": 0,
   "text": "",
   "type": "rawKeyDown",
   "unmodifiedText": "",
   "windowsVirtualKeyCode": 16
}
[1779850088.487][DEBUG]: DevTools WebSocket Command: Input.dispatchKeyEvent (id=849) 0EA677E6C4FBD9738A81F51BE053F03D {
   "code": "Minus",
   "key": "_",
   "modifiers": 8,
   "text": "_",
   "type": "rawKeyDown",
   "unmodifiedText": "-",
   "windowsVirtualKeyCode": 189
}
[1779850088.487][DEBUG]: DevTools WebSocket Command: Input.dispatchKeyEvent (id=850) 0EA677E6C4FBD9738A81F51BE053F03D {
   "code": "Minus",
   "key": "_",
   "modifiers": 8,
   "text": "_",
   "type": "char",
   "unmodifiedText": "-",
   "windowsVirtualKeyCode": 189
}
[1779850088.487][DEBUG]: DevTools WebSocket Command: Input.dispatchKeyEvent (id=851) 0EA677E6C4FBD9738A81F51BE053F03D {
   "code": "Minus",
   "key": "_",
   "modifiers": 8,
   "text": "_",
   "type": "keyUp",
   "unmodifiedText": "-",
   "windowsVirtualKeyCode": 189
}
[1779850088.487][DEBUG]: DevTools WebSocket Command: Input.dispatchKeyEvent (id=852) 0EA677E6C4FBD9738A81F51BE053F03D {
   "code": "ShiftLeft",
   "key": "Shift",
   "modifiers": 0,
   "text": "",
   "type": "keyUp",
   "unmodifiedText": "",
   "windowsVirtualKeyCode": 16
}
[1779850088.488][DEBUG]: DevTools WebSocket Command: Input.dispatchKeyEvent (id=853) 0EA677E6C4FBD9738A81F51BE053F03D {
   "code": "Digit0",
   "key": "0",
   "modifiers": 0,
   "text": "0",
   "type": "rawKeyDown",
   "unmodifiedText": "0",
   "windowsVirtualKeyCode": 48
}
[1779850088.488][DEBUG]: DevTools WebSocket Command: Input.dispatchKeyEvent (id=854) 0EA677E6C4FBD9738A81F51BE053F03D {
   "code": "Digit0",
   "key": "0",
   "modifiers": 0,
   "text": "0",
   "type": "char",
   "unmodifiedText": "0",
   "windowsVirtualKeyCode": 48
}
[1779850088.488][DEBUG]: DevTools WebSocket Command: Input.dispatchKeyEvent (id=855) 0EA677E6C4FBD9738A81F51BE053F03D {
   "code": "Digit0",
   "key": "0",
   "modifiers": 0,
   "text": "0",
   "type": "keyUp",
   "unmodifiedText": "0",
   "windowsVirtualKeyCode": 48
}
[1779850088.488][DEBUG]: DevTools WebSocket Command: Input.dispatchKeyEvent (id=856) 0EA677E6C4FBD9738A81F51BE053F03D {
   "code": "Digit4",
   "key": "4",
   "modifiers": 0,
   "text": "4",
   "type": "rawKeyDown",
   "unmodifiedText": "4",
   "windowsVirtualKeyCode": 52
}
[1779850088.488][DEBUG]: DevTools WebSocket Command: Input.dispatchKeyEvent (id=857) 0EA677E6C4FBD9738A81F51BE053F03D {
   "code": "Digit4",
   "key": "4",
   "modifiers": 0,
   "text": "4",
   "type": "char",
   "unmodifiedText": "4",
   "windowsVirtualKeyCode": 52
}
[1779850088.489][DEBUG]: DevTools WebSocket Command: Input.dispatchKeyEvent (id=858) 0EA677E6C4FBD9738A81F51BE053F03D {
   "code": "Digit4",
   "key": "4",
   "modifiers": 0,
   "text": "4",
   "type": "keyUp",
   "unmodifiedText": "4",
   "windowsVirtualKeyCode": 52
}
[1779850088.489][DEBUG]: DevTools WebSocket Command: Input.dispatchKeyEvent (id=859) 0EA677E6C4FBD9738A81F51BE053F03D {
   "code": "Minus",
   "key": "-",
   "modifiers": 0,
   "text": "-",
   "type": "rawKeyDown",
   "unmodifiedText": "-",
   "windowsVirtualKeyCode": 189
}
[1779850088.489][DEBUG]: DevTools WebSocket Command: Input.dispatchKeyEvent (id=860) 0EA677E6C4FBD9738A81F51BE053F03D {
   "code": "Minus",
   "key": "-",
   "modifiers": 0,
   "text": "-",
   "type": "char",
   "unmodifiedText": "-",
   "windowsVirtualKeyCode": 189
}
[1779850088.489][DEBUG]: DevTools WebSocket Command: Input.dispatchKeyEvent (id=861) 0EA677E6C4FBD9738A81F51BE053F03D {
   "code": "Minus",
   "key": "-",
   "modifiers": 0,
   "text": "-",
   "type": "keyUp",
   "unmodifiedText": "-",
   "windowsVirtualKeyCode": 189
}
[1779850088.490][DEBUG]: DevTools WebSocket Command: Input.dispatchKeyEvent (id=862) 0EA677E6C4FBD9738A81F51BE053F03D {
   "code": "Minus",
   "key": "-",
   "modifiers": 0,
   "text": "-",
   "type": "rawKeyDown",
   "unmodifiedText": "-",
   "windowsVirtualKeyCode": 189
}
[1779850088.490][DEBUG]: DevTools WebSocket Command: Input.dispatchKeyEvent (id=863) 0EA677E6C4FBD9738A81F51BE053F03D {
   "code": "Minus",
   "key": "-",
   "modifiers": 0,
   "text": "-",
   "type": "char",
   "unmodifiedText": "-",
   "windowsVirtualKeyCode": 189
}
[1779850088.490][DEBUG]: DevTools WebSocket Command: Input.dispatchKeyEvent (id=864) 0EA677E6C4FBD9738A81F51BE053F03D {
   "code": "Minus",
   "key": "-",
   "modifiers": 0,
   "text": "-",
   "type": "keyUp",
   "unmodifiedText": "-",
   "windowsVirtualKeyCode": 189
}
[1779850088.497][DEBUG]: DevTools WebSocket Command: Input.dispatchKeyEvent (id=865) 0EA677E6C4FBD9738A81F51BE053F03D {
   "code": "Digit1",
   "key": "1",
   "modifiers": 0,
   "text": "1",
   "type": "rawKeyDown",
   "unmodifiedText": "1",
   "windowsVirtualKeyCode": 49
}
[1779850088.498][DEBUG]: DevTools WebSocket Command: Input.dispatchKeyEvent (id=866) 0EA677E6C4FBD9738A81F51BE053F03D {
   "code": "Digit1",
   "key": "1",
   "modifiers": 0,
   "text": "1",
   "type": "char",
   "unmodifiedText": "1",
   "windowsVirtualKeyCode": 49
}
[1779850088.498][DEBUG]: DevTools WebSocket Command: Input.dispatchKeyEvent (id=867) 0EA677E6C4FBD9738A81F51BE053F03D {
   "code": "Digit1",
   "key": "1",
   "modifiers": 0,
   "text": "1",
   "type": "keyUp",
   "unmodifiedText": "1",
   "windowsVirtualKeyCode": 49
}
[1779850088.498][DEBUG]: DevTools WebSocket Command: Input.dispatchKeyEvent (id=868) 0EA677E6C4FBD9738A81F51BE053F03D {
   "code": "Minus",
   "key": "-",
   "modifiers": 0,
   "text": "-",
   "type": "rawKeyDown",
   "unmodifiedText": "-",
   "windowsVirtualKeyCode": 189
}
[1779850088.498][DEBUG]: DevTools WebSocket Command: Input.dispatchKeyEvent (id=869) 0EA677E6C4FBD9738A81F51BE053F03D {
   "code": "Minus",
   "key": "-",
   "modifiers": 0,
   "text": "-",
   "type": "char",
   "unmodifiedText": "-",
   "windowsVirtualKeyCode": 189
}
[1779850088.498][DEBUG]: DevTools WebSocket Command: Input.dispatchKeyEvent (id=870) 0EA677E6C4FBD9738A81F51BE053F03D {
   "code": "Minus",
   "key": "-",
   "modifiers": 0,
   "text": "-",
   "type": "keyUp",
   "unmodifiedText": "-",
   "windowsVirtualKeyCode": 189
}
[1779850088.504][DEBUG]: DevTools WebSocket Command: Input.dispatchKeyEvent (id=871) 0EA677E6C4FBD9738A81F51BE053F03D {
   "code": "Period",
   "key": ".",
   "modifiers": 0,
   "text": ".",
   "type": "rawKeyDown",
   "unmodifiedText": ".",
   "windowsVirtualKeyCode": 190
}
[1779850088.504][DEBUG]: DevTools WebSocket Command: Input.dispatchKeyEvent (id=872) 0EA677E6C4FBD9738A81F51BE053F03D {
   "code": "Period",
   "key": ".",
   "modifiers": 0,
   "text": ".",
   "type": "char",
   "unmodifiedText": ".",
   "windowsVirtualKeyCode": 190
}
[1779850088.504][DEBUG]: DevTools WebSocket Command: Input.dispatchKeyEvent (id=873) 0EA677E6C4FBD9738A81F51BE053F03D {
   "code": "Period",
   "key": ".",
   "modifiers": 0,
   "text": ".",
   "type": "keyUp",
   "unmodifiedText": ".",
   "windowsVirtualKeyCode": 190
}
[1779850088.505][DEBUG]: DevTools WebSocket Command: Input.dispatchKeyEvent (id=874) 0EA677E6C4FBD9738A81F51BE053F03D {
   "code": "KeyP",
   "key": "p",
   "modifiers": 0,
   "text": "p",
   "type": "rawKeyDown",
   "unmodifiedText": "p",
   "windowsVirtualKeyCode": 80
}
[1779850088.505][DEBUG]: DevTools WebSocket Command: Input.dispatchKeyEvent (id=875) 0EA677E6C4FBD9738A81F51BE053F03D {
   "code": "KeyP",
   "key": "p",
   "modifiers": 0,
   "text": "p",
   "type": "char",
   "unmodifiedText": "p",
   "windowsVirtualKeyCode": 80
}
[1779850088.505][DEBUG]: DevTools WebSocket Command: Input.dispatchKeyEvent (id=876) 0EA677E6C4FBD9738A81F51BE053F03D {
   "code": "KeyP",
   "key": "p",
   "modifiers": 0,
   "text": "p",
   "type": "keyUp",
   "unmodifiedText": "p",
   "windowsVirtualKeyCode": 80
}
[1779850088.505][DEBUG]: DevTools WebSocket Command: Input.dispatchKeyEvent (id=877) 0EA677E6C4FBD9738A81F51BE053F03D {
   "code": "KeyN",
   "key": "n",
   "modifiers": 0,
   "text": "n",
   "type": "rawKeyDown",
   "unmodifiedText": "n",
   "windowsVirtualKeyCode": 78
}
[1779850088.505][DEBUG]: DevTools WebSocket Command: Input.dispatchKeyEvent (id=878) 0EA677E6C4FBD9738A81F51BE053F03D {
   "code": "KeyN",
   "key": "n",
   "modifiers": 0,
   "text": "n",
   "type": "char",
   "unmodifiedText": "n",
   "windowsVirtualKeyCode": 78
}
[1779850088.506][DEBUG]: DevTools WebSocket Command: Input.dispatchKeyEvent (id=879) 0EA677E6C4FBD9738A81F51BE053F03D {
   "code": "KeyN",
   "key": "n",
   "modifiers": 0,
   "text": "n",
   "type": "keyUp",
   "unmodifiedText": "n",
   "windowsVirtualKeyCode": 78
}
[1779850088.506][DEBUG]: DevTools WebSocket Command: Input.dispatchKeyEvent (id=880) 0EA677E6C4FBD9738A81F51BE053F03D {
   "code": "KeyG",
   "key": "g",
   "modifiers": 0,
   "text": "g",
   "type": "rawKeyDown",
   "unmodifiedText": "g",
   "windowsVirtualKeyCode": 71
}
[1779850088.506][DEBUG]: DevTools WebSocket Command: Input.dispatchKeyEvent (id=881) 0EA677E6C4FBD9738A81F51BE053F03D {
   "code": "KeyG",
   "key": "g",
   "modifiers": 0,
   "text": "g",
   "type": "char",
   "unmodifiedText": "g",
   "windowsVirtualKeyCode": 71
}
[1779850088.506][DEBUG]: DevTools WebSocket Command: Input.dispatchKeyEvent (id=882) 0EA677E6C4FBD9738A81F51BE053F03D {
   "code": "KeyG",
   "key": "g",
   "modifiers": 0,
   "text": "g",
   "type": "keyUp",
   "unmodifiedText": "g",
   "windowsVirtualKeyCode": 71
}
[1779850088.506][DEBUG]: DevTools WebSocket Response: Input.dispatchKeyEvent (id=658) 0EA677E6C4FBD9738A81F51BE053F03D {

}
[1779850088.506][DEBUG]: DevTools WebSocket Response: Input.dispatchKeyEvent (id=659) 0EA677E6C4FBD9738A81F51BE053F03D {

}
[1779850088.506][DEBUG]: DevTools WebSocket Response: Input.dispatchKeyEvent (id=660) 0EA677E6C4FBD9738A81F51BE053F03D {

}
[1779850088.506][DEBUG]: DevTools WebSocket Response: Input.dispatchKeyEvent (id=661) 0EA677E6C4FBD9738A81F51BE053F03D {

}
[1779850088.506][DEBUG]: DevTools WebSocket Response: Input.dispatchKeyEvent (id=662) 0EA677E6C4FBD9738A81F51BE053F03D {

}
[1779850088.506][DEBUG]: DevTools WebSocket Response: Input.dispatchKeyEvent (id=663) 0EA677E6C4FBD9738A81F51BE053F03D {

}
[1779850088.506][DEBUG]: DevTools WebSocket Response: Input.dispatchKeyEvent (id=664) 0EA677E6C4FBD9738A81F51BE053F03D {

}
[1779850088.506][DEBUG]: DevTools WebSocket Response: Input.dispatchKeyEvent (id=665) 0EA677E6C4FBD9738A81F51BE053F03D {

}
[1779850088.507][DEBUG]: DevTools WebSocket Response: Input.dispatchKeyEvent (id=666) 0EA677E6C4FBD9738A81F51BE053F03D {

}
[1779850088.507][DEBUG]: DevTools WebSocket Response: Input.dispatchKeyEvent (id=667) 0EA677E6C4FBD9738A81F51BE053F03D {

}
[1779850088.507][DEBUG]: DevTools WebSocket Response: Input.dispatchKeyEvent (id=668) 0EA677E6C4FBD9738A81F51BE053F03D {

}
[1779850088.507][DEBUG]: DevTools WebSocket Response: Input.dispatchKeyEvent (id=669) 0EA677E6C4FBD9738A81F51BE053F03D {

}
[1779850088.507][DEBUG]: DevTools WebSocket Response: Input.dispatchKeyEvent (id=670) 0EA677E6C4FBD9738A81F51BE053F03D {

}
[1779850088.526][DEBUG]: DevTools WebSocket Response: Input.dispatchKeyEvent (id=671) 0EA677E6C4FBD9738A81F51BE053F03D {

}
[1779850088.526][DEBUG]: DevTools WebSocket Response: Input.dispatchKeyEvent (id=672) 0EA677E6C4FBD9738A81F51BE053F03D {

}
[1779850088.526][DEBUG]: DevTools WebSocket Response: Input.dispatchKeyEvent (id=673) 0EA677E6C4FBD9738A81F51BE053F03D {

}
[1779850088.526][DEBUG]: DevTools WebSocket Response: Input.dispatchKeyEvent (id=674) 0EA677E6C4FBD9738A81F51BE053F03D {

}
[1779850088.526][DEBUG]: DevTools WebSocket Response: Input.dispatchKeyEvent (id=675) 0EA677E6C4FBD9738A81F51BE053F03D {

}
[1779850088.526][DEBUG]: DevTools WebSocket Response: Input.dispatchKeyEvent (id=676) 0EA677E6C4FBD9738A81F51BE053F03D {

}
[1779850088.526][DEBUG]: DevTools WebSocket Response: Input.dispatchKeyEvent (id=677) 0EA677E6C4FBD9738A81F51BE053F03D {

}
[1779850088.526][DEBUG]: DevTools WebSocket Response: Input.dispatchKeyEvent (id=678) 0EA677E6C4FBD9738A81F51BE053F03D {

}
[1779850088.526][DEBUG]: DevTools WebSocket Response: Input.dispatchKeyEvent (id=679) 0EA677E6C4FBD9738A81F51BE053F03D {

}
[1779850088.526][DEBUG]: DevTools WebSocket Response: Input.dispatchKeyEvent (id=680) 0EA677E6C4FBD9738A81F51BE053F03D {

}
[1779850088.526][DEBUG]: DevTools WebSocket Response: Input.dispatchKeyEvent (id=681) 0EA677E6C4FBD9738A81F51BE053F03D {

}
[1779850088.526][DEBUG]: DevTools WebSocket Response: Input.dispatchKeyEvent (id=682) 0EA677E6C4FBD9738A81F51BE053F03D {

}
[1779850088.526][DEBUG]: DevTools WebSocket Response: Input.dispatchKeyEvent (id=683) 0EA677E6C4FBD9738A81F51BE053F03D {

}
[1779850088.526][DEBUG]: DevTools WebSocket Response: Input.dispatchKeyEvent (id=684) 0EA677E6C4FBD9738A81F51BE053F03D {

}
[1779850088.526][DEBUG]: DevTools WebSocket Response: Input.dispatchKeyEvent (id=685) 0EA677E6C4FBD9738A81F51BE053F03D {

}
[1779850088.526][DEBUG]: DevTools WebSocket Response: Input.dispatchKeyEvent (id=686) 0EA677E6C4FBD9738A81F51BE053F03D {

}
[1779850088.526][DEBUG]: DevTools WebSocket Response: Input.dispatchKeyEvent (id=687) 0EA677E6C4FBD9738A81F51BE053F03D {

}
[1779850088.526][DEBUG]: DevTools WebSocket Response: Input.dispatchKeyEvent (id=688) 0EA677E6C4FBD9738A81F51BE053F03D {

}
[1779850088.526][DEBUG]: DevTools WebSocket Response: Input.dispatchKeyEvent (id=689) 0EA677E6C4FBD9738A81F51BE053F03D {

}
[1779850088.527][DEBUG]: DevTools WebSocket Response: Input.dispatchKeyEvent (id=690) 0EA677E6C4FBD9738A81F51BE053F03D {

}
[1779850088.527][DEBUG]: DevTools WebSocket Response: Input.dispatchKeyEvent (id=691) 0EA677E6C4FBD9738A81F51BE053F03D {

}
[1779850088.527][DEBUG]: DevTools WebSocket Response: Input.dispatchKeyEvent (id=692) 0EA677E6C4FBD9738A81F51BE053F03D {

}
[1779850088.527][DEBUG]: DevTools WebSocket Response: Input.dispatchKeyEvent (id=693) 0EA677E6C4FBD9738A81F51BE053F03D {

}
[1779850088.533][DEBUG]: DevTools WebSocket Response: Input.dispatchKeyEvent (id=694) 0EA677E6C4FBD9738A81F51BE053F03D {

}
[1779850088.533][DEBUG]: DevTools WebSocket Response: Input.dispatchKeyEvent (id=695) 0EA677E6C4FBD9738A81F51BE053F03D {

}
[1779850088.533][DEBUG]: DevTools WebSocket Response: Input.dispatchKeyEvent (id=696) 0EA677E6C4FBD9738A81F51BE053F03D {

}
[1779850088.534][DEBUG]: DevTools WebSocket Response: Input.dispatchKeyEvent (id=697) 0EA677E6C4FBD9738A81F51BE053F03D {

}
[1779850088.534][DEBUG]: DevTools WebSocket Response: Input.dispatchKeyEvent (id=698) 0EA677E6C4FBD9738A81F51BE053F03D {

}
[1779850088.534][DEBUG]: DevTools WebSocket Response: Input.dispatchKeyEvent (id=699) 0EA677E6C4FBD9738A81F51BE053F03D {

}
[1779850088.534][DEBUG]: DevTools WebSocket Response: Input.dispatchKeyEvent (id=700) 0EA677E6C4FBD9738A81F51BE053F03D {

}
[1779850088.534][DEBUG]: DevTools WebSocket Response: Input.dispatchKeyEvent (id=701) 0EA677E6C4FBD9738A81F51BE053F03D {

}
[1779850088.534][DEBUG]: DevTools WebSocket Response: Input.dispatchKeyEvent (id=702) 0EA677E6C4FBD9738A81F51BE053F03D {

}
[1779850088.534][DEBUG]: DevTools WebSocket Response: Input.dispatchKeyEvent (id=703) 0EA677E6C4FBD9738A81F51BE053F03D {

}
[1779850088.534][DEBUG]: DevTools WebSocket Response: Input.dispatchKeyEvent (id=704) 0EA677E6C4FBD9738A81F51BE053F03D {

}
[1779850088.534][DEBUG]: DevTools WebSocket Response: Input.dispatchKeyEvent (id=705) 0EA677E6C4FBD9738A81F51BE053F03D {

}
[1779850088.535][DEBUG]: DevTools WebSocket Response: Input.dispatchKeyEvent (id=706) 0EA677E6C4FBD9738A81F51BE053F03D {

}
[1779850088.535][DEBUG]: DevTools WebSocket Response: Input.dispatchKeyEvent (id=707) 0EA677E6C4FBD9738A81F51BE053F03D {

}
[1779850088.535][DEBUG]: DevTools WebSocket Response: Input.dispatchKeyEvent (id=708) 0EA677E6C4FBD9738A81F51BE053F03D {

}
[1779850088.535][DEBUG]: DevTools WebSocket Response: Input.dispatchKeyEvent (id=709) 0EA677E6C4FBD9738A81F51BE053F03D {

}
[1779850088.535][DEBUG]: DevTools WebSocket Response: Input.dispatchKeyEvent (id=710) 0EA677E6C4FBD9738A81F51BE053F03D {

}
[1779850088.535][DEBUG]: DevTools WebSocket Response: Input.dispatchKeyEvent (id=711) 0EA677E6C4FBD9738A81F51BE053F03D {

}
[1779850088.536][DEBUG]: DevTools WebSocket Response: Input.dispatchKeyEvent (id=712) 0EA677E6C4FBD9738A81F51BE053F03D {

}
[1779850088.536][DEBUG]: DevTools WebSocket Response: Input.dispatchKeyEvent (id=713) 0EA677E6C4FBD9738A81F51BE053F03D {

}
[1779850088.536][DEBUG]: DevTools WebSocket Response: Input.dispatchKeyEvent (id=714) 0EA677E6C4FBD9738A81F51BE053F03D {

}
[1779850088.536][DEBUG]: DevTools WebSocket Response: Input.dispatchKeyEvent (id=715) 0EA677E6C4FBD9738A81F51BE053F03D {

}
[1779850088.536][DEBUG]: DevTools WebSocket Response: Input.dispatchKeyEvent (id=716) 0EA677E6C4FBD9738A81F51BE053F03D {

}
[1779850088.536][DEBUG]: DevTools WebSocket Response: Input.dispatchKeyEvent (id=717) 0EA677E6C4FBD9738A81F51BE053F03D {

}
[1779850088.536][DEBUG]: DevTools WebSocket Response: Input.dispatchKeyEvent (id=718) 0EA677E6C4FBD9738A81F51BE053F03D {

}
[1779850088.536][DEBUG]: DevTools WebSocket Response: Input.dispatchKeyEvent (id=719) 0EA677E6C4FBD9738A81F51BE053F03D {

}
[1779850088.537][DEBUG]: DevTools WebSocket Response: Input.dispatchKeyEvent (id=720) 0EA677E6C4FBD9738A81F51BE053F03D {

}
[1779850088.537][DEBUG]: DevTools WebSocket Response: Input.dispatchKeyEvent (id=721) 0EA677E6C4FBD9738A81F51BE053F03D {

}
[1779850088.537][DEBUG]: DevTools WebSocket Response: Input.dispatchKeyEvent (id=722) 0EA677E6C4FBD9738A81F51BE053F03D {

}
[1779850088.537][DEBUG]: DevTools WebSocket Response: Input.dispatchKeyEvent (id=723) 0EA677E6C4FBD9738A81F51BE053F03D {

}
[1779850088.537][DEBUG]: DevTools WebSocket Response: Input.dispatchKeyEvent (id=724) 0EA677E6C4FBD9738A81F51BE053F03D {

}
[1779850088.537][DEBUG]: DevTools WebSocket Response: Input.dispatchKeyEvent (id=725) 0EA677E6C4FBD9738A81F51BE053F03D {

}
[1779850088.537][DEBUG]: DevTools WebSocket Response: Input.dispatchKeyEvent (id=726) 0EA677E6C4FBD9738A81F51BE053F03D {

}
[1779850088.538][DEBUG]: DevTools WebSocket Response: Input.dispatchKeyEvent (id=727) 0EA677E6C4FBD9738A81F51BE053F03D {

}
[1779850088.538][DEBUG]: DevTools WebSocket Response: Input.dispatchKeyEvent (id=728) 0EA677E6C4FBD9738A81F51BE053F03D {

}
[1779850088.538][DEBUG]: DevTools WebSocket Response: Input.dispatchKeyEvent (id=729) 0EA677E6C4FBD9738A81F51BE053F03D {

}
[1779850088.538][DEBUG]: DevTools WebSocket Response: Input.dispatchKeyEvent (id=730) 0EA677E6C4FBD9738A81F51BE053F03D {

}
[1779850088.538][DEBUG]: DevTools WebSocket Response: Input.dispatchKeyEvent (id=731) 0EA677E6C4FBD9738A81F51BE053F03D {

}
[1779850088.539][DEBUG]: DevTools WebSocket Response: Input.dispatchKeyEvent (id=732) 0EA677E6C4FBD9738A81F51BE053F03D {

}
[1779850088.539][DEBUG]: DevTools WebSocket Response: Input.dispatchKeyEvent (id=733) 0EA677E6C4FBD9738A81F51BE053F03D {

}
[1779850088.539][DEBUG]: DevTools WebSocket Response: Input.dispatchKeyEvent (id=734) 0EA677E6C4FBD9738A81F51BE053F03D {

}
[1779850088.539][DEBUG]: DevTools WebSocket Response: Input.dispatchKeyEvent (id=735) 0EA677E6C4FBD9738A81F51BE053F03D {

}
[1779850088.539][DEBUG]: DevTools WebSocket Response: Input.dispatchKeyEvent (id=736) 0EA677E6C4FBD9738A81F51BE053F03D {

}
[1779850088.539][DEBUG]: DevTools WebSocket Response: Input.dispatchKeyEvent (id=737) 0EA677E6C4FBD9738A81F51BE053F03D {

}
[1779850088.539][DEBUG]: DevTools WebSocket Response: Input.dispatchKeyEvent (id=738) 0EA677E6C4FBD9738A81F51BE053F03D {

}
[1779850088.540][DEBUG]: DevTools WebSocket Response: Input.dispatchKeyEvent (id=739) 0EA677E6C4FBD9738A81F51BE053F03D {

}
[1779850088.540][DEBUG]: DevTools WebSocket Response: Input.dispatchKeyEvent (id=740) 0EA677E6C4FBD9738A81F51BE053F03D {

}
[1779850088.540][DEBUG]: DevTools WebSocket Response: Input.dispatchKeyEvent (id=741) 0EA677E6C4FBD9738A81F51BE053F03D {

}
[1779850088.541][DEBUG]: DevTools WebSocket Response: Input.dispatchKeyEvent (id=742) 0EA677E6C4FBD9738A81F51BE053F03D {

}
[1779850088.541][DEBUG]: DevTools WebSocket Response: Input.dispatchKeyEvent (id=743) 0EA677E6C4FBD9738A81F51BE053F03D {

}
[1779850088.541][DEBUG]: DevTools WebSocket Response: Input.dispatchKeyEvent (id=744) 0EA677E6C4FBD9738A81F51BE053F03D {

}
[1779850088.542][DEBUG]: DevTools WebSocket Response: Input.dispatchKeyEvent (id=745) 0EA677E6C4FBD9738A81F51BE053F03D {

}
[1779850088.543][DEBUG]: DevTools WebSocket Response: Input.dispatchKeyEvent (id=746) 0EA677E6C4FBD9738A81F51BE053F03D {

}
[1779850088.543][DEBUG]: DevTools WebSocket Response: Input.dispatchKeyEvent (id=747) 0EA677E6C4FBD9738A81F51BE053F03D {

}
[1779850088.544][DEBUG]: DevTools WebSocket Response: Input.dispatchKeyEvent (id=748) 0EA677E6C4FBD9738A81F51BE053F03D {

}
[1779850088.544][DEBUG]: DevTools WebSocket Response: Input.dispatchKeyEvent (id=749) 0EA677E6C4FBD9738A81F51BE053F03D {

}
[1779850088.544][DEBUG]: DevTools WebSocket Response: Input.dispatchKeyEvent (id=750) 0EA677E6C4FBD9738A81F51BE053F03D {

}
[1779850088.546][DEBUG]: DevTools WebSocket Response: Input.dispatchKeyEvent (id=751) 0EA677E6C4FBD9738A81F51BE053F03D {

}
[1779850088.546][DEBUG]: DevTools WebSocket Response: Input.dispatchKeyEvent (id=752) 0EA677E6C4FBD9738A81F51BE053F03D {

}
[1779850088.546][DEBUG]: DevTools WebSocket Response: Input.dispatchKeyEvent (id=753) 0EA677E6C4FBD9738A81F51BE053F03D {

}
[1779850088.548][DEBUG]: DevTools WebSocket Response: Input.dispatchKeyEvent (id=754) 0EA677E6C4FBD9738A81F51BE053F03D {

}
[1779850088.548][DEBUG]: DevTools WebSocket Response: Input.dispatchKeyEvent (id=755) 0EA677E6C4FBD9738A81F51BE053F03D {

}
[1779850088.548][DEBUG]: DevTools WebSocket Response: Input.dispatchKeyEvent (id=756) 0EA677E6C4FBD9738A81F51BE053F03D {

}
[1779850088.550][DEBUG]: DevTools WebSocket Response: Input.dispatchKeyEvent (id=757) 0EA677E6C4FBD9738A81F51BE053F03D {

}
[1779850088.550][DEBUG]: DevTools WebSocket Response: Input.dispatchKeyEvent (id=758) 0EA677E6C4FBD9738A81F51BE053F03D {

}
[1779850088.550][DEBUG]: DevTools WebSocket Response: Input.dispatchKeyEvent (id=759) 0EA677E6C4FBD9738A81F51BE053F03D {

}
[1779850088.551][DEBUG]: DevTools WebSocket Response: Input.dispatchKeyEvent (id=760) 0EA677E6C4FBD9738A81F51BE053F03D {

}
[1779850088.552][DEBUG]: DevTools WebSocket Response: Input.dispatchKeyEvent (id=761) 0EA677E6C4FBD9738A81F51BE053F03D {

}
[1779850088.552][DEBUG]: DevTools WebSocket Response: Input.dispatchKeyEvent (id=762) 0EA677E6C4FBD9738A81F51BE053F03D {

}
[1779850088.555][DEBUG]: DevTools WebSocket Response: Input.dispatchKeyEvent (id=763) 0EA677E6C4FBD9738A81F51BE053F03D {

}
[1779850088.555][DEBUG]: DevTools WebSocket Response: Input.dispatchKeyEvent (id=764) 0EA677E6C4FBD9738A81F51BE053F03D {

}
[1779850088.556][DEBUG]: DevTools WebSocket Response: Input.dispatchKeyEvent (id=765) 0EA677E6C4FBD9738A81F51BE053F03D {

}
[1779850088.556][DEBUG]: DevTools WebSocket Response: Input.dispatchKeyEvent (id=766) 0EA677E6C4FBD9738A81F51BE053F03D {

}
[1779850088.556][DEBUG]: DevTools WebSocket Response: Input.dispatchKeyEvent (id=767) 0EA677E6C4FBD9738A81F51BE053F03D {

}
[1779850088.556][DEBUG]: DevTools WebSocket Response: Input.dispatchKeyEvent (id=768) 0EA677E6C4FBD9738A81F51BE053F03D {

}
[1779850088.557][DEBUG]: DevTools WebSocket Response: Input.dispatchKeyEvent (id=769) 0EA677E6C4FBD9738A81F51BE053F03D {

}
[1779850088.557][DEBUG]: DevTools WebSocket Response: Input.dispatchKeyEvent (id=770) 0EA677E6C4FBD9738A81F51BE053F03D {

}
[1779850088.557][DEBUG]: DevTools WebSocket Response: Input.dispatchKeyEvent (id=771) 0EA677E6C4FBD9738A81F51BE053F03D {

}
[1779850088.559][DEBUG]: DevTools WebSocket Response: Input.dispatchKeyEvent (id=772) 0EA677E6C4FBD9738A81F51BE053F03D {

}
[1779850088.559][DEBUG]: DevTools WebSocket Response: Input.dispatchKeyEvent (id=773) 0EA677E6C4FBD9738A81F51BE053F03D {

}
[1779850088.559][DEBUG]: DevTools WebSocket Response: Input.dispatchKeyEvent (id=774) 0EA677E6C4FBD9738A81F51BE053F03D {

}
[1779850088.560][DEBUG]: DevTools WebSocket Response: Input.dispatchKeyEvent (id=775) 0EA677E6C4FBD9738A81F51BE053F03D {

}
[1779850088.560][DEBUG]: DevTools WebSocket Response: Input.dispatchKeyEvent (id=776) 0EA677E6C4FBD9738A81F51BE053F03D {

}
[1779850088.560][DEBUG]: DevTools WebSocket Response: Input.dispatchKeyEvent (id=777) 0EA677E6C4FBD9738A81F51BE053F03D {

}
[1779850088.578][DEBUG]: DevTools WebSocket Response: Input.dispatchKeyEvent (id=778) 0EA677E6C4FBD9738A81F51BE053F03D {

}
[1779850088.579][DEBUG]: DevTools WebSocket Response: Input.dispatchKeyEvent (id=779) 0EA677E6C4FBD9738A81F51BE053F03D {

}
[1779850088.581][DEBUG]: DevTools WebSocket Response: Input.dispatchKeyEvent (id=780) 0EA677E6C4FBD9738A81F51BE053F03D {

}
[1779850088.581][DEBUG]: DevTools WebSocket Response: Input.dispatchKeyEvent (id=781) 0EA677E6C4FBD9738A81F51BE053F03D {

}
[1779850088.581][DEBUG]: DevTools WebSocket Response: Input.dispatchKeyEvent (id=782) 0EA677E6C4FBD9738A81F51BE053F03D {

}
[1779850088.581][DEBUG]: DevTools WebSocket Response: Input.dispatchKeyEvent (id=783) 0EA677E6C4FBD9738A81F51BE053F03D {

}
[1779850088.581][DEBUG]: DevTools WebSocket Response: Input.dispatchKeyEvent (id=784) 0EA677E6C4FBD9738A81F51BE053F03D {

}
[1779850088.581][DEBUG]: DevTools WebSocket Response: Input.dispatchKeyEvent (id=785) 0EA677E6C4FBD9738A81F51BE053F03D {

}
[1779850088.582][DEBUG]: DevTools WebSocket Response: Input.dispatchKeyEvent (id=786) 0EA677E6C4FBD9738A81F51BE053F03D {

}
[1779850088.582][DEBUG]: DevTools WebSocket Response: Input.dispatchKeyEvent (id=787) 0EA677E6C4FBD9738A81F51BE053F03D {

}
[1779850088.582][DEBUG]: DevTools WebSocket Response: Input.dispatchKeyEvent (id=788) 0EA677E6C4FBD9738A81F51BE053F03D {

}
[1779850088.582][DEBUG]: DevTools WebSocket Response: Input.dispatchKeyEvent (id=789) 0EA677E6C4FBD9738A81F51BE053F03D {

}
[1779850088.583][DEBUG]: DevTools WebSocket Response: Input.dispatchKeyEvent (id=790) 0EA677E6C4FBD9738A81F51BE053F03D {

}
[1779850088.584][DEBUG]: DevTools WebSocket Response: Input.dispatchKeyEvent (id=791) 0EA677E6C4FBD9738A81F51BE053F03D {

}
[1779850088.584][DEBUG]: DevTools WebSocket Response: Input.dispatchKeyEvent (id=792) 0EA677E6C4FBD9738A81F51BE053F03D {

}
[1779850088.588][DEBUG]: DevTools WebSocket Response: Input.dispatchKeyEvent (id=793) 0EA677E6C4FBD9738A81F51BE053F03D {

}
[1779850088.588][DEBUG]: DevTools WebSocket Response: Input.dispatchKeyEvent (id=794) 0EA677E6C4FBD9738A81F51BE053F03D {

}
[1779850088.588][DEBUG]: DevTools WebSocket Response: Input.dispatchKeyEvent (id=795) 0EA677E6C4FBD9738A81F51BE053F03D {

}
[1779850088.599][DEBUG]: DevTools WebSocket Response: Input.dispatchKeyEvent (id=796) 0EA677E6C4FBD9738A81F51BE053F03D {

}
[1779850088.599][DEBUG]: DevTools WebSocket Response: Input.dispatchKeyEvent (id=797) 0EA677E6C4FBD9738A81F51BE053F03D {

}
[1779850088.600][DEBUG]: DevTools WebSocket Response: Input.dispatchKeyEvent (id=798) 0EA677E6C4FBD9738A81F51BE053F03D {

}
[1779850088.601][DEBUG]: DevTools WebSocket Response: Input.dispatchKeyEvent (id=799) 0EA677E6C4FBD9738A81F51BE053F03D {

}
[1779850088.601][DEBUG]: DevTools WebSocket Response: Input.dispatchKeyEvent (id=800) 0EA677E6C4FBD9738A81F51BE053F03D {

}
[1779850088.601][DEBUG]: DevTools WebSocket Response: Input.dispatchKeyEvent (id=801) 0EA677E6C4FBD9738A81F51BE053F03D {

}
[1779850088.603][DEBUG]: DevTools WebSocket Response: Input.dispatchKeyEvent (id=802) 0EA677E6C4FBD9738A81F51BE053F03D {

}
[1779850088.603][DEBUG]: DevTools WebSocket Response: Input.dispatchKeyEvent (id=803) 0EA677E6C4FBD9738A81F51BE053F03D {

}
[1779850088.603][DEBUG]: DevTools WebSocket Response: Input.dispatchKeyEvent (id=804) 0EA677E6C4FBD9738A81F51BE053F03D {

}
[1779850088.606][DEBUG]: DevTools WebSocket Response: Input.dispatchKeyEvent (id=805) 0EA677E6C4FBD9738A81F51BE053F03D {

}
[1779850088.606][DEBUG]: DevTools WebSocket Response: Input.dispatchKeyEvent (id=806) 0EA677E6C4FBD9738A81F51BE053F03D {

}
[1779850088.606][DEBUG]: DevTools WebSocket Response: Input.dispatchKeyEvent (id=807) 0EA677E6C4FBD9738A81F51BE053F03D {

}
[1779850088.607][DEBUG]: DevTools WebSocket Response: Input.dispatchKeyEvent (id=808) 0EA677E6C4FBD9738A81F51BE053F03D {

}
[1779850088.608][DEBUG]: DevTools WebSocket Response: Input.dispatchKeyEvent (id=809) 0EA677E6C4FBD9738A81F51BE053F03D {

}
[1779850088.608][DEBUG]: DevTools WebSocket Response: Input.dispatchKeyEvent (id=810) 0EA677E6C4FBD9738A81F51BE053F03D {

}
[1779850088.615][DEBUG]: DevTools WebSocket Response: Input.dispatchKeyEvent (id=811) 0EA677E6C4FBD9738A81F51BE053F03D {

}
[1779850088.616][DEBUG]: DevTools WebSocket Response: Input.dispatchKeyEvent (id=812) 0EA677E6C4FBD9738A81F51BE053F03D {

}
[1779850088.616][DEBUG]: DevTools WebSocket Response: Input.dispatchKeyEvent (id=813) 0EA677E6C4FBD9738A81F51BE053F03D {

}
[1779850088.620][DEBUG]: DevTools WebSocket Response: Input.dispatchKeyEvent (id=814) 0EA677E6C4FBD9738A81F51BE053F03D {

}
[1779850088.620][DEBUG]: DevTools WebSocket Response: Input.dispatchKeyEvent (id=815) 0EA677E6C4FBD9738A81F51BE053F03D {

}
[1779850088.620][DEBUG]: DevTools WebSocket Response: Input.dispatchKeyEvent (id=816) 0EA677E6C4FBD9738A81F51BE053F03D {

}
[1779850088.628][DEBUG]: DevTools WebSocket Response: Input.dispatchKeyEvent (id=817) 0EA677E6C4FBD9738A81F51BE053F03D {

}
[1779850088.629][DEBUG]: DevTools WebSocket Response: Input.dispatchKeyEvent (id=818) 0EA677E6C4FBD9738A81F51BE053F03D {

}
[1779850088.629][DEBUG]: DevTools WebSocket Response: Input.dispatchKeyEvent (id=819) 0EA677E6C4FBD9738A81F51BE053F03D {

}
[1779850088.630][DEBUG]: DevTools WebSocket Response: Input.dispatchKeyEvent (id=820) 0EA677E6C4FBD9738A81F51BE053F03D {

}
[1779850088.631][DEBUG]: DevTools WebSocket Response: Input.dispatchKeyEvent (id=821) 0EA677E6C4FBD9738A81F51BE053F03D {

}
[1779850088.631][DEBUG]: DevTools WebSocket Response: Input.dispatchKeyEvent (id=822) 0EA677E6C4FBD9738A81F51BE053F03D {

}
[1779850088.632][DEBUG]: DevTools WebSocket Response: Input.dispatchKeyEvent (id=823) 0EA677E6C4FBD9738A81F51BE053F03D {

}
[1779850088.633][DEBUG]: DevTools WebSocket Response: Input.dispatchKeyEvent (id=824) 0EA677E6C4FBD9738A81F51BE053F03D {

}
[1779850088.633][DEBUG]: DevTools WebSocket Response: Input.dispatchKeyEvent (id=825) 0EA677E6C4FBD9738A81F51BE053F03D {

}
[1779850088.635][DEBUG]: DevTools WebSocket Response: Input.dispatchKeyEvent (id=826) 0EA677E6C4FBD9738A81F51BE053F03D {

}
[1779850088.635][DEBUG]: DevTools WebSocket Response: Input.dispatchKeyEvent (id=827) 0EA677E6C4FBD9738A81F51BE053F03D {

}
[1779850088.635][DEBUG]: DevTools WebSocket Response: Input.dispatchKeyEvent (id=828) 0EA677E6C4FBD9738A81F51BE053F03D {

}
[1779850088.637][DEBUG]: DevTools WebSocket Response: Input.dispatchKeyEvent (id=829) 0EA677E6C4FBD9738A81F51BE053F03D {

}
[1779850088.637][DEBUG]: DevTools WebSocket Response: Input.dispatchKeyEvent (id=830) 0EA677E6C4FBD9738A81F51BE053F03D {

}
[1779850088.637][DEBUG]: DevTools WebSocket Response: Input.dispatchKeyEvent (id=831) 0EA677E6C4FBD9738A81F51BE053F03D {

}
[1779850088.639][DEBUG]: DevTools WebSocket Response: Input.dispatchKeyEvent (id=832) 0EA677E6C4FBD9738A81F51BE053F03D {

}
[1779850088.639][DEBUG]: DevTools WebSocket Response: Input.dispatchKeyEvent (id=833) 0EA677E6C4FBD9738A81F51BE053F03D {

}
[1779850088.639][DEBUG]: DevTools WebSocket Response: Input.dispatchKeyEvent (id=834) 0EA677E6C4FBD9738A81F51BE053F03D {

}
[1779850088.640][DEBUG]: DevTools WebSocket Response: Input.dispatchKeyEvent (id=835) 0EA677E6C4FBD9738A81F51BE053F03D {

}
[1779850088.640][DEBUG]: DevTools WebSocket Response: Input.dispatchKeyEvent (id=836) 0EA677E6C4FBD9738A81F51BE053F03D {

}
[1779850088.641][DEBUG]: DevTools WebSocket Response: Input.dispatchKeyEvent (id=837) 0EA677E6C4FBD9738A81F51BE053F03D {

}
[1779850088.641][DEBUG]: DevTools WebSocket Response: Input.dispatchKeyEvent (id=838) 0EA677E6C4FBD9738A81F51BE053F03D {

}
[1779850088.642][DEBUG]: DevTools WebSocket Response: Input.dispatchKeyEvent (id=839) 0EA677E6C4FBD9738A81F51BE053F03D {

}
[1779850088.642][DEBUG]: DevTools WebSocket Response: Input.dispatchKeyEvent (id=840) 0EA677E6C4FBD9738A81F51BE053F03D {

}
[1779850088.642][DEBUG]: DevTools WebSocket Response: Input.dispatchKeyEvent (id=841) 0EA677E6C4FBD9738A81F51BE053F03D {

}
[1779850088.642][DEBUG]: DevTools WebSocket Response: Input.dispatchKeyEvent (id=842) 0EA677E6C4FBD9738A81F51BE053F03D {

}
[1779850088.644][DEBUG]: DevTools WebSocket Response: Input.dispatchKeyEvent (id=843) 0EA677E6C4FBD9738A81F51BE053F03D {

}
[1779850088.644][DEBUG]: DevTools WebSocket Response: Input.dispatchKeyEvent (id=844) 0EA677E6C4FBD9738A81F51BE053F03D {

}
[1779850088.644][DEBUG]: DevTools WebSocket Response: Input.dispatchKeyEvent (id=845) 0EA677E6C4FBD9738A81F51BE053F03D {

}
[1779850088.645][DEBUG]: DevTools WebSocket Response: Input.dispatchKeyEvent (id=846) 0EA677E6C4FBD9738A81F51BE053F03D {

}
[1779850088.645][DEBUG]: DevTools WebSocket Response: Input.dispatchKeyEvent (id=847) 0EA677E6C4FBD9738A81F51BE053F03D {

}
[1779850088.646][DEBUG]: DevTools WebSocket Response: Input.dispatchKeyEvent (id=848) 0EA677E6C4FBD9738A81F51BE053F03D {

}
[1779850088.646][DEBUG]: DevTools WebSocket Response: Input.dispatchKeyEvent (id=849) 0EA677E6C4FBD9738A81F51BE053F03D {

}
[1779850088.648][DEBUG]: DevTools WebSocket Response: Input.dispatchKeyEvent (id=850) 0EA677E6C4FBD9738A81F51BE053F03D {

}
[1779850088.648][DEBUG]: DevTools WebSocket Response: Input.dispatchKeyEvent (id=851) 0EA677E6C4FBD9738A81F51BE053F03D {

}
[1779850088.648][DEBUG]: DevTools WebSocket Response: Input.dispatchKeyEvent (id=852) 0EA677E6C4FBD9738A81F51BE053F03D {

}
[1779850088.648][DEBUG]: DevTools WebSocket Response: Input.dispatchKeyEvent (id=853) 0EA677E6C4FBD9738A81F51BE053F03D {

}
[1779850088.649][DEBUG]: DevTools WebSocket Response: Input.dispatchKeyEvent (id=854) 0EA677E6C4FBD9738A81F51BE053F03D {

}
[1779850088.649][DEBUG]: DevTools WebSocket Response: Input.dispatchKeyEvent (id=855) 0EA677E6C4FBD9738A81F51BE053F03D {

}
[1779850088.649][DEBUG]: DevTools WebSocket Response: Input.dispatchKeyEvent (id=856) 0EA677E6C4FBD9738A81F51BE053F03D {

}
[1779850088.651][DEBUG]: DevTools WebSocket Response: Input.dispatchKeyEvent (id=857) 0EA677E6C4FBD9738A81F51BE053F03D {

}
[1779850088.651][DEBUG]: DevTools WebSocket Response: Input.dispatchKeyEvent (id=858) 0EA677E6C4FBD9738A81F51BE053F03D {

}
[1779850088.651][DEBUG]: DevTools WebSocket Response: Input.dispatchKeyEvent (id=859) 0EA677E6C4FBD9738A81F51BE053F03D {

}
[1779850088.652][DEBUG]: DevTools WebSocket Response: Input.dispatchKeyEvent (id=860) 0EA677E6C4FBD9738A81F51BE053F03D {

}
[1779850088.652][DEBUG]: DevTools WebSocket Response: Input.dispatchKeyEvent (id=861) 0EA677E6C4FBD9738A81F51BE053F03D {

}
[1779850088.653][DEBUG]: DevTools WebSocket Response: Input.dispatchKeyEvent (id=862) 0EA677E6C4FBD9738A81F51BE053F03D {

}
[1779850088.654][DEBUG]: DevTools WebSocket Response: Input.dispatchKeyEvent (id=863) 0EA677E6C4FBD9738A81F51BE053F03D {

}
[1779850088.654][DEBUG]: DevTools WebSocket Response: Input.dispatchKeyEvent (id=864) 0EA677E6C4FBD9738A81F51BE053F03D {

}
[1779850088.654][DEBUG]: DevTools WebSocket Response: Input.dispatchKeyEvent (id=865) 0EA677E6C4FBD9738A81F51BE053F03D {

}
[1779850088.656][DEBUG]: DevTools WebSocket Response: Input.dispatchKeyEvent (id=866) 0EA677E6C4FBD9738A81F51BE053F03D {

}
[1779850088.656][DEBUG]: DevTools WebSocket Response: Input.dispatchKeyEvent (id=867) 0EA677E6C4FBD9738A81F51BE053F03D {

}
[1779850088.656][DEBUG]: DevTools WebSocket Response: Input.dispatchKeyEvent (id=868) 0EA677E6C4FBD9738A81F51BE053F03D {

}
[1779850088.657][DEBUG]: DevTools WebSocket Response: Input.dispatchKeyEvent (id=869) 0EA677E6C4FBD9738A81F51BE053F03D {

}
[1779850088.657][DEBUG]: DevTools WebSocket Response: Input.dispatchKeyEvent (id=870) 0EA677E6C4FBD9738A81F51BE053F03D {

}
[1779850088.657][DEBUG]: DevTools WebSocket Response: Input.dispatchKeyEvent (id=871) 0EA677E6C4FBD9738A81F51BE053F03D {

}
[1779850088.659][DEBUG]: DevTools WebSocket Response: Input.dispatchKeyEvent (id=872) 0EA677E6C4FBD9738A81F51BE053F03D {

}
[1779850088.659][DEBUG]: DevTools WebSocket Response: Input.dispatchKeyEvent (id=873) 0EA677E6C4FBD9738A81F51BE053F03D {

}
[1779850088.659][DEBUG]: DevTools WebSocket Response: Input.dispatchKeyEvent (id=874) 0EA677E6C4FBD9738A81F51BE053F03D {

}
[1779850088.660][DEBUG]: DevTools WebSocket Response: Input.dispatchKeyEvent (id=875) 0EA677E6C4FBD9738A81F51BE053F03D {

}
[1779850088.661][DEBUG]: DevTools WebSocket Response: Input.dispatchKeyEvent (id=876) 0EA677E6C4FBD9738A81F51BE053F03D {

}
[1779850088.661][DEBUG]: DevTools WebSocket Response: Input.dispatchKeyEvent (id=877) 0EA677E6C4FBD9738A81F51BE053F03D {

}
[1779850088.663][DEBUG]: DevTools WebSocket Response: Input.dispatchKeyEvent (id=878) 0EA677E6C4FBD9738A81F51BE053F03D {

}
[1779850088.663][DEBUG]: DevTools WebSocket Response: Input.dispatchKeyEvent (id=879) 0EA677E6C4FBD9738A81F51BE053F03D {

}
[1779850088.663][DEBUG]: DevTools WebSocket Response: Input.dispatchKeyEvent (id=880) 0EA677E6C4FBD9738A81F51BE053F03D {

}
[1779850088.664][DEBUG]: DevTools WebSocket Response: Input.dispatchKeyEvent (id=881) 0EA677E6C4FBD9738A81F51BE053F03D {

}
[1779850088.664][DEBUG]: DevTools WebSocket Response: Input.dispatchKeyEvent (id=882) 0EA677E6C4FBD9738A81F51BE053F03D {

}
[1779850088.665][INFO]: Waiting for pending navigations...
[1779850088.665][DEBUG]: DevTools WebSocket Command: Runtime.evaluate (id=883) 0EA677E6C4FBD9738A81F51BE053F03D {
   "expression": "1"
}
[1779850088.669][DEBUG]: DevTools WebSocket Response: Runtime.evaluate (id=883) 0EA677E6C4FBD9738A81F51BE053F03D {
   "result": {
      "description": "1",
      "type": "number",
      "value": 1
   }
}
[1779850088.669][INFO]: Done waiting for pending navigations. Status: ok
[1779850088.669][INFO]: [6d6a54ac6a81f45fc5bf60d2fceca1fa] RESPONSE TypeElement
[1779850088.689][INFO]: [6d6a54ac6a81f45fc5bf60d2fceca1fa] COMMAND TypeElement {
   "id": "3897bc58-c168-4f2f-9d4f-8d4cdc17afb3",
   "text": "Embedded Youtube Video",
   "value": [ "E", "m", "b", "e", "d", "d", "e", "d", " ", "Y", "o", "u", "t", "u", "b", "e", " ", "V", "i", "d", "e", "o" ]
}
[1779850088.689][INFO]: Waiting for pending navigations...
[1779850088.689][DEBUG]: DevTools WebSocket Command: Runtime.evaluate (id=884) 0EA677E6C4FBD9738A81F51BE053F03D {
   "expression": "1"
}
[1779850088.695][DEBUG]: DevTools WebSocket Response: Runtime.evaluate (id=884) 0EA677E6C4FBD9738A81F51BE053F03D {
   "result": {
      "description": "1",
      "type": "number",
      "value": 1
   }
}
[1779850088.695][INFO]: Done waiting for pending navigations. Status: ok
[1779850088.697][DEBUG]: DevTools WebSocket Command: Runtime.evaluate (id=885) 0EA677E6C4FBD9738A81F51BE053F03D {
   "awaitPromise": true,
   "expression": "(function() { // Copyright (c) 2012 The Chromium Authors. All rights reserved.\n// Use of this source code is governed by a BSD-style license that can be\n// found in the LICENSE file.\n\n/**\n * Enum f...",
   "returnByValue": true
}
[1779850088.705][DEBUG]: DevTools WebSocket Response: Runtime.evaluate (id=885) 0EA677E6C4FBD9738A81F51BE053F03D {
   "result": {
      "type": "object",
      "value": {
         "status": 0,
         "value": "INPUT"
      }
   }
}
[1779850088.706][DEBUG]: DevTools WebSocket Command: Runtime.evaluate (id=886) 0EA677E6C4FBD9738A81F51BE053F03D {
   "awaitPromise": true,
   "expression": "(function() { // Copyright (c) 2012 The Chromium Authors. All rights reserved.\n// Use of this source code is governed by a BSD-style license that can be\n// found in the LICENSE file.\n\n/**\n * Enum f...",
   "returnByValue": true
}
[1779850088.713][DEBUG]: DevTools WebSocket Response: Runtime.evaluate (id=886) 0EA677E6C4FBD9738A81F51BE053F03D {
   "result": {
      "type": "object",
      "value": {
         "status": 0,
         "value": "text"
      }
   }
}
[1779850088.714][DEBUG]: DevTools WebSocket Command: Runtime.evaluate (id=887) 0EA677E6C4FBD9738A81F51BE053F03D {
   "awaitPromise": true,
   "expression": "(function() { // Copyright (c) 2012 The Chromium Authors. All rights reserved.\n// Use of this source code is governed by a BSD-style license that can be\n// found in the LICENSE file.\n\n/**\n * Enum f...",
   "returnByValue": true
}
[1779850088.716][DEBUG]: DevTools WebSocket Response: Runtime.evaluate (id=887) 0EA677E6C4FBD9738A81F51BE053F03D {
   "result": {
      "type": "object",
      "value": {
         "status": 0,
         "value": false
      }
   }
}
[1779850088.718][DEBUG]: DevTools WebSocket Command: Runtime.evaluate (id=888) 0EA677E6C4FBD9738A81F51BE053F03D {
   "awaitPromise": true,
   "expression": "(function() { // Copyright (c) 2012 The Chromium Authors. All rights reserved.\n// Use of this source code is governed by a BSD-style license that can be\n// found in the LICENSE file.\n\n/**\n * Enum f...",
   "returnByValue": true
}
[1779850088.721][DEBUG]: DevTools WebSocket Response: Runtime.evaluate (id=888) 0EA677E6C4FBD9738A81F51BE053F03D {
   "result": {
      "type": "object",
      "value": {
         "status": 0,
         "value": "INPUT"
      }
   }
}
[1779850088.721][DEBUG]: DevTools WebSocket Command: Runtime.evaluate (id=889) 0EA677E6C4FBD9738A81F51BE053F03D {
   "awaitPromise": false,
   "expression": "document.hasFocus()",
   "returnByValue": true
}
[1779850088.721][DEBUG]: DevTools WebSocket Response: Runtime.evaluate (id=889) 0EA677E6C4FBD9738A81F51BE053F03D {
   "result": {
      "type": "boolean",
      "value": true
   }
}
[1779850088.722][DEBUG]: DevTools WebSocket Command: Runtime.evaluate (id=890) 0EA677E6C4FBD9738A81F51BE053F03D {
   "awaitPromise": true,
   "expression": "(function() { // Copyright (c) 2012 The Chromium Authors. All rights reserved.\n// Use of this source code is governed by a BSD-style license that can be\n// found in the LICENSE file.\n\n/**\n * Enum f...",
   "returnByValue": true
}
[1779850088.723][DEBUG]: DevTools WebSocket Response: Runtime.evaluate (id=890) 0EA677E6C4FBD9738A81F51BE053F03D {
   "result": {
      "type": "object",
      "value": {
         "status": 0,
         "value": {
            "element-6066-11e4-a52e-4f735466cecf": "10fd4fb8-07fb-498e-b5cb-6f61eecd7f1c"
         }
      }
   }
}
[1779850088.725][DEBUG]: DevTools WebSocket Command: Runtime.evaluate (id=891) 0EA677E6C4FBD9738A81F51BE053F03D {
   "awaitPromise": true,
   "expression": "(function() { // Copyright (c) 2012 The Chromium Authors. All rights reserved.\n// Use of this source code is governed by a BSD-style license that can be\n// found in the LICENSE file.\n\n/**\n * Enum f...",
   "returnByValue": true
}
[1779850088.734][DEBUG]: DevTools WebSocket Response: Runtime.evaluate (id=891) 0EA677E6C4FBD9738A81F51BE053F03D {
   "result": {
      "type": "object",
      "value": {
         "status": 0,
         "value": true
      }
   }
}
[1779850088.736][DEBUG]: DevTools WebSocket Command: Runtime.evaluate (id=892) 0EA677E6C4FBD9738A81F51BE053F03D {
   "awaitPromise": true,
   "expression": "(function() { // Copyright (c) 2012 The Chromium Authors. All rights reserved.\n// Use of this source code is governed by a BSD-style license that can be\n// found in the LICENSE file.\n\n/**\n * Enum f...",
   "returnByValue": true
}
[1779850088.741][DEBUG]: DevTools WebSocket Response: Runtime.evaluate (id=892) 0EA677E6C4FBD9738A81F51BE053F03D {
   "result": {
      "type": "object",
      "value": {
         "status": 0,
         "value": true
      }
   }
}
[1779850088.741][DEBUG]: DevTools WebSocket Command: Runtime.evaluate (id=893) 0EA677E6C4FBD9738A81F51BE053F03D {
   "awaitPromise": true,
   "expression": "(function() { // Copyright (c) 2012 The Chromium Authors. All rights reserved.\n// Use of this source code is governed by a BSD-style license that can be\n// found in the LICENSE file.\n\n/**\n * Enum f...",
   "returnByValue": true
}
[1779850088.745][DEBUG]: DevTools WebSocket Response: Runtime.evaluate (id=893) 0EA677E6C4FBD9738A81F51BE053F03D {
   "result": {
      "type": "object",
      "value": {
         "status": 0,
         "value": null
      }
   }
}
[1779850088.745][DEBUG]: DevTools WebSocket Command: Runtime.evaluate (id=894) 0EA677E6C4FBD9738A81F51BE053F03D {
   "awaitPromise": true,
   "expression": "(function() { // Copyright (c) 2012 The Chromium Authors. All rights reserved.\n// Use of this source code is governed by a BSD-style license that can be\n// found in the LICENSE file.\n\n/**\n * Enum f...",
   "returnByValue": true
}
[1779850088.749][DEBUG]: DevTools WebSocket Response: Runtime.evaluate (id=894) 0EA677E6C4FBD9738A81F51BE053F03D {
   "result": {
      "type": "object",
      "value": {
         "status": 0,
         "value": null
      }
   }
}
[1779850088.749][DEBUG]: DevTools WebSocket Command: Input.dispatchKeyEvent (id=895) 0EA677E6C4FBD9738A81F51BE053F03D {
   "code": "ShiftLeft",
   "key": "Shift",
   "modifiers": 0,
   "text": "",
   "type": "rawKeyDown",
   "unmodifiedText": "",
   "windowsVirtualKeyCode": 16
}
[1779850088.749][DEBUG]: DevTools WebSocket Command: Input.dispatchKeyEvent (id=896) 0EA677E6C4FBD9738A81F51BE053F03D {
   "code": "KeyE",
   "key": "E",
   "modifiers": 8,
   "text": "E",
   "type": "rawKeyDown",
   "unmodifiedText": "e",
   "windowsVirtualKeyCode": 69
}
[1779850088.750][DEBUG]: DevTools WebSocket Command: Input.dispatchKeyEvent (id=897) 0EA677E6C4FBD9738A81F51BE053F03D {
   "code": "KeyE",
   "key": "E",
   "modifiers": 8,
   "text": "E",
   "type": "char",
   "unmodifiedText": "e",
   "windowsVirtualKeyCode": 69
}
[1779850088.750][DEBUG]: DevTools WebSocket Command: Input.dispatchKeyEvent (id=898) 0EA677E6C4FBD9738A81F51BE053F03D {
   "code": "KeyE",
   "key": "E",
   "modifiers": 8,
   "text": "E",
   "type": "keyUp",
   "unmodifiedText": "e",
   "windowsVirtualKeyCode": 69
}
[1779850088.750][DEBUG]: DevTools WebSocket Command: Input.dispatchKeyEvent (id=899) 0EA677E6C4FBD9738A81F51BE053F03D {
   "code": "ShiftLeft",
   "key": "Shift",
   "modifiers": 0,
   "text": "",
   "type": "keyUp",
   "unmodifiedText": "",
   "windowsVirtualKeyCode": 16
}
[1779850088.750][DEBUG]: DevTools WebSocket Command: Input.dispatchKeyEvent (id=900) 0EA677E6C4FBD9738A81F51BE053F03D {
   "code": "KeyM",
   "key": "m",
   "modifiers": 0,
   "text": "m",
   "type": "rawKeyDown",
   "unmodifiedText": "m",
   "windowsVirtualKeyCode": 77
}
[1779850088.751][DEBUG]: DevTools WebSocket Command: Input.dispatchKeyEvent (id=901) 0EA677E6C4FBD9738A81F51BE053F03D {
   "code": "KeyM",
   "key": "m",
   "modifiers": 0,
   "text": "m",
   "type": "char",
   "unmodifiedText": "m",
   "windowsVirtualKeyCode": 77
}
[1779850088.751][DEBUG]: DevTools WebSocket Command: Input.dispatchKeyEvent (id=902) 0EA677E6C4FBD9738A81F51BE053F03D {
   "code": "KeyM",
   "key": "m",
   "modifiers": 0,
   "text": "m",
   "type": "keyUp",
   "unmodifiedText": "m",
   "windowsVirtualKeyCode": 77
}
[1779850088.751][DEBUG]: DevTools WebSocket Command: Input.dispatchKeyEvent (id=903) 0EA677E6C4FBD9738A81F51BE053F03D {
   "code": "KeyB",
   "key": "b",
   "modifiers": 0,
   "text": "b",
   "type": "rawKeyDown",
   "unmodifiedText": "b",
   "windowsVirtualKeyCode": 66
}
[1779850088.751][DEBUG]: DevTools WebSocket Command: Input.dispatchKeyEvent (id=904) 0EA677E6C4FBD9738A81F51BE053F03D {
   "code": "KeyB",
   "key": "b",
   "modifiers": 0,
   "text": "b",
   "type": "char",
   "unmodifiedText": "b",
   "windowsVirtualKeyCode": 66
}
[1779850088.752][DEBUG]: DevTools WebSocket Command: Input.dispatchKeyEvent (id=905) 0EA677E6C4FBD9738A81F51BE053F03D {
   "code": "KeyB",
   "key": "b",
   "modifiers": 0,
   "text": "b",
   "type": "keyUp",
   "unmodifiedText": "b",
   "windowsVirtualKeyCode": 66
}
[1779850088.752][DEBUG]: DevTools WebSocket Command: Input.dispatchKeyEvent (id=906) 0EA677E6C4FBD9738A81F51BE053F03D {
   "code": "KeyE",
   "key": "e",
   "modifiers": 0,
   "text": "e",
   "type": "rawKeyDown",
   "unmodifiedText": "e",
   "windowsVirtualKeyCode": 69
}
[1779850088.752][DEBUG]: DevTools WebSocket Command: Input.dispatchKeyEvent (id=907) 0EA677E6C4FBD9738A81F51BE053F03D {
   "code": "KeyE",
   "key": "e",
   "modifiers": 0,
   "text": "e",
   "type": "char",
   "unmodifiedText": "e",
   "windowsVirtualKeyCode": 69
}
[1779850088.752][DEBUG]: DevTools WebSocket Command: Input.dispatchKeyEvent (id=908) 0EA677E6C4FBD9738A81F51BE053F03D {
   "code": "KeyE",
   "key": "e",
   "modifiers": 0,
   "text": "e",
   "type": "keyUp",
   "unmodifiedText": "e",
   "windowsVirtualKeyCode": 69
}
[1779850088.752][DEBUG]: DevTools WebSocket Command: Input.dispatchKeyEvent (id=909) 0EA677E6C4FBD9738A81F51BE053F03D {
   "code": "KeyD",
   "key": "d",
   "modifiers": 0,
   "text": "d",
   "type": "rawKeyDown",
   "unmodifiedText": "d",
   "windowsVirtualKeyCode": 68
}
[1779850088.752][DEBUG]: DevTools WebSocket Command: Input.dispatchKeyEvent (id=910) 0EA677E6C4FBD9738A81F51BE053F03D {
   "code": "KeyD",
   "key": "d",
   "modifiers": 0,
   "text": "d",
   "type": "char",
   "unmodifiedText": "d",
   "windowsVirtualKeyCode": 68
}
[1779850088.753][DEBUG]: DevTools WebSocket Command: Input.dispatchKeyEvent (id=911) 0EA677E6C4FBD9738A81F51BE053F03D {
   "code": "KeyD",
   "key": "d",
   "modifiers": 0,
   "text": "d",
   "type": "keyUp",
   "unmodifiedText": "d",
   "windowsVirtualKeyCode": 68
}
[1779850088.753][DEBUG]: DevTools WebSocket Command: Input.dispatchKeyEvent (id=912) 0EA677E6C4FBD9738A81F51BE053F03D {
   "code": "KeyD",
   "key": "d",
   "modifiers": 0,
   "text": "d",
   "type": "rawKeyDown",
   "unmodifiedText": "d",
   "windowsVirtualKeyCode": 68
}
[1779850088.753][DEBUG]: DevTools WebSocket Command: Input.dispatchKeyEvent (id=913) 0EA677E6C4FBD9738A81F51BE053F03D {
   "code": "KeyD",
   "key": "d",
   "modifiers": 0,
   "text": "d",
   "type": "char",
   "unmodifiedText": "d",
   "windowsVirtualKeyCode": 68
}
[1779850088.753][DEBUG]: DevTools WebSocket Command: Input.dispatchKeyEvent (id=914) 0EA677E6C4FBD9738A81F51BE053F03D {
   "code": "KeyD",
   "key": "d",
   "modifiers": 0,
   "text": "d",
   "type": "keyUp",
   "unmodifiedText": "d",
   "windowsVirtualKeyCode": 68
}
[1779850088.753][DEBUG]: DevTools WebSocket Command: Input.dispatchKeyEvent (id=915) 0EA677E6C4FBD9738A81F51BE053F03D {
   "code": "KeyE",
   "key": "e",
   "modifiers": 0,
   "text": "e",
   "type": "rawKeyDown",
   "unmodifiedText": "e",
   "windowsVirtualKeyCode": 69
}
[1779850088.753][DEBUG]: DevTools WebSocket Command: Input.dispatchKeyEvent (id=916) 0EA677E6C4FBD9738A81F51BE053F03D {
   "code": "KeyE",
   "key": "e",
   "modifiers": 0,
   "text": "e",
   "type": "char",
   "unmodifiedText": "e",
   "windowsVirtualKeyCode": 69
}
[1779850088.754][DEBUG]: DevTools WebSocket Command: Input.dispatchKeyEvent (id=917) 0EA677E6C4FBD9738A81F51BE053F03D {
   "code": "KeyE",
   "key": "e",
   "modifiers": 0,
   "text": "e",
   "type": "keyUp",
   "unmodifiedText": "e",
   "windowsVirtualKeyCode": 69
}
[1779850088.754][DEBUG]: DevTools WebSocket Command: Input.dispatchKeyEvent (id=918) 0EA677E6C4FBD9738A81F51BE053F03D {
   "code": "KeyD",
   "key": "d",
   "modifiers": 0,
   "text": "d",
   "type": "rawKeyDown",
   "unmodifiedText": "d",
   "windowsVirtualKeyCode": 68
}
[1779850088.754][DEBUG]: DevTools WebSocket Command: Input.dispatchKeyEvent (id=919) 0EA677E6C4FBD9738A81F51BE053F03D {
   "code": "KeyD",
   "key": "d",
   "modifiers": 0,
   "text": "d",
   "type": "char",
   "unmodifiedText": "d",
   "windowsVirtualKeyCode": 68
}
[1779850088.754][DEBUG]: DevTools WebSocket Command: Input.dispatchKeyEvent (id=920) 0EA677E6C4FBD9738A81F51BE053F03D {
   "code": "KeyD",
   "key": "d",
   "modifiers": 0,
   "text": "d",
   "type": "keyUp",
   "unmodifiedText": "d",
   "windowsVirtualKeyCode": 68
}
[1779850088.755][DEBUG]: DevTools WebSocket Command: Input.dispatchKeyEvent (id=921) 0EA677E6C4FBD9738A81F51BE053F03D {
   "code": "Space",
   "key": " ",
   "modifiers": 0,
   "text": " ",
   "type": "rawKeyDown",
   "unmodifiedText": " ",
   "windowsVirtualKeyCode": 32
}
[1779850088.755][DEBUG]: DevTools WebSocket Command: Input.dispatchKeyEvent (id=922) 0EA677E6C4FBD9738A81F51BE053F03D {
   "code": "Space",
   "key": " ",
   "modifiers": 0,
   "text": " ",
   "type": "char",
   "unmodifiedText": " ",
   "windowsVirtualKeyCode": 32
}
[1779850088.755][DEBUG]: DevTools WebSocket Command: Input.dispatchKeyEvent (id=923) 0EA677E6C4FBD9738A81F51BE053F03D {
   "code": "Space",
   "key": " ",
   "modifiers": 0,
   "text": " ",
   "type": "keyUp",
   "unmodifiedText": " ",
   "windowsVirtualKeyCode": 32
}
[1779850088.755][DEBUG]: DevTools WebSocket Command: Input.dispatchKeyEvent (id=924) 0EA677E6C4FBD9738A81F51BE053F03D {
   "code": "ShiftLeft",
   "key": "Shift",
   "modifiers": 0,
   "text": "",
   "type": "rawKeyDown",
   "unmodifiedText": "",
   "windowsVirtualKeyCode": 16
}
[1779850088.756][DEBUG]: DevTools WebSocket Command: Input.dispatchKeyEvent (id=925) 0EA677E6C4FBD9738A81F51BE053F03D {
   "code": "KeyY",
   "key": "Y",
   "modifiers": 8,
   "text": "Y",
   "type": "rawKeyDown",
   "unmodifiedText": "y",
   "windowsVirtualKeyCode": 89
}
[1779850088.756][DEBUG]: DevTools WebSocket Command: Input.dispatchKeyEvent (id=926) 0EA677E6C4FBD9738A81F51BE053F03D {
   "code": "KeyY",
   "key": "Y",
   "modifiers": 8,
   "text": "Y",
   "type": "char",
   "unmodifiedText": "y",
   "windowsVirtualKeyCode": 89
}
[1779850088.756][DEBUG]: DevTools WebSocket Command: Input.dispatchKeyEvent (id=927) 0EA677E6C4FBD9738A81F51BE053F03D {
   "code": "KeyY",
   "key": "Y",
   "modifiers": 8,
   "text": "Y",
   "type": "keyUp",
   "unmodifiedText": "y",
   "windowsVirtualKeyCode": 89
}
[1779850088.756][DEBUG]: DevTools WebSocket Command: Input.dispatchKeyEvent (id=928) 0EA677E6C4FBD9738A81F51BE053F03D {
   "code": "ShiftLeft",
   "key": "Shift",
   "modifiers": 0,
   "text": "",
   "type": "keyUp",
   "unmodifiedText": "",
   "windowsVirtualKeyCode": 16
}
[1779850088.756][DEBUG]: DevTools WebSocket Command: Input.dispatchKeyEvent (id=929) 0EA677E6C4FBD9738A81F51BE053F03D {
   "code": "KeyO",
   "key": "o",
   "modifiers": 0,
   "text": "o",
   "type": "rawKeyDown",
   "unmodifiedText": "o",
   "windowsVirtualKeyCode": 79
}
[1779850088.756][DEBUG]: DevTools WebSocket Command: Input.dispatchKeyEvent (id=930) 0EA677E6C4FBD9738A81F51BE053F03D {
   "code": "KeyO",
   "key": "o",
   "modifiers": 0,
   "text": "o",
   "type": "char",
   "unmodifiedText": "o",
   "windowsVirtualKeyCode": 79
}
[1779850088.757][DEBUG]: DevTools WebSocket Command: Input.dispatchKeyEvent (id=931) 0EA677E6C4FBD9738A81F51BE053F03D {
   "code": "KeyO",
   "key": "o",
   "modifiers": 0,
   "text": "o",
   "type": "keyUp",
   "unmodifiedText": "o",
   "windowsVirtualKeyCode": 79
}
[1779850088.757][DEBUG]: DevTools WebSocket Command: Input.dispatchKeyEvent (id=932) 0EA677E6C4FBD9738A81F51BE053F03D {
   "code": "KeyU",
   "key": "u",
   "modifiers": 0,
   "text": "u",
   "type": "rawKeyDown",
   "unmodifiedText": "u",
   "windowsVirtualKeyCode": 85
}
[1779850088.757][DEBUG]: DevTools WebSocket Command: Input.dispatchKeyEvent (id=933) 0EA677E6C4FBD9738A81F51BE053F03D {
   "code": "KeyU",
   "key": "u",
   "modifiers": 0,
   "text": "u",
   "type": "char",
   "unmodifiedText": "u",
   "windowsVirtualKeyCode": 85
}
[1779850088.757][DEBUG]: DevTools WebSocket Command: Input.dispatchKeyEvent (id=934) 0EA677E6C4FBD9738A81F51BE053F03D {
   "code": "KeyU",
   "key": "u",
   "modifiers": 0,
   "text": "u",
   "type": "keyUp",
   "unmodifiedText": "u",
   "windowsVirtualKeyCode": 85
}
[1779850088.757][DEBUG]: DevTools WebSocket Command: Input.dispatchKeyEvent (id=935) 0EA677E6C4FBD9738A81F51BE053F03D {
   "code": "KeyT",
   "key": "t",
   "modifiers": 0,
   "text": "t",
   "type": "rawKeyDown",
   "unmodifiedText": "t",
   "windowsVirtualKeyCode": 84
}
[1779850088.758][DEBUG]: DevTools WebSocket Command: Input.dispatchKeyEvent (id=936) 0EA677E6C4FBD9738A81F51BE053F03D {
   "code": "KeyT",
   "key": "t",
   "modifiers": 0,
   "text": "t",
   "type": "char",
   "unmodifiedText": "t",
   "windowsVirtualKeyCode": 84
}
[1779850088.758][DEBUG]: DevTools WebSocket Command: Input.dispatchKeyEvent (id=937) 0EA677E6C4FBD9738A81F51BE053F03D {
   "code": "KeyT",
   "key": "t",
   "modifiers": 0,
   "text": "t",
   "type": "keyUp",
   "unmodifiedText": "t",
   "windowsVirtualKeyCode": 84
}
[1779850088.758][DEBUG]: DevTools WebSocket Command: Input.dispatchKeyEvent (id=938) 0EA677E6C4FBD9738A81F51BE053F03D {
   "code": "KeyU",
   "key": "u",
   "modifiers": 0,
   "text": "u",
   "type": "rawKeyDown",
   "unmodifiedText": "u",
   "windowsVirtualKeyCode": 85
}
[1779850088.758][DEBUG]: DevTools WebSocket Command: Input.dispatchKeyEvent (id=939) 0EA677E6C4FBD9738A81F51BE053F03D {
   "code": "KeyU",
   "key": "u",
   "modifiers": 0,
   "text": "u",
   "type": "char",
   "unmodifiedText": "u",
   "windowsVirtualKeyCode": 85
}
[1779850088.758][DEBUG]: DevTools WebSocket Command: Input.dispatchKeyEvent (id=940) 0EA677E6C4FBD9738A81F51BE053F03D {
   "code": "KeyU",
   "key": "u",
   "modifiers": 0,
   "text": "u",
   "type": "keyUp",
   "unmodifiedText": "u",
   "windowsVirtualKeyCode": 85
}
[1779850088.758][DEBUG]: DevTools WebSocket Command: Input.dispatchKeyEvent (id=941) 0EA677E6C4FBD9738A81F51BE053F03D {
   "code": "KeyB",
   "key": "b",
   "modifiers": 0,
   "text": "b",
   "type": "rawKeyDown",
   "unmodifiedText": "b",
   "windowsVirtualKeyCode": 66
}
[1779850088.759][DEBUG]: DevTools WebSocket Command: Input.dispatchKeyEvent (id=942) 0EA677E6C4FBD9738A81F51BE053F03D {
   "code": "KeyB",
   "key": "b",
   "modifiers": 0,
   "text": "b",
   "type": "char",
   "unmodifiedText": "b",
   "windowsVirtualKeyCode": 66
}
[1779850088.759][DEBUG]: DevTools WebSocket Command: Input.dispatchKeyEvent (id=943) 0EA677E6C4FBD9738A81F51BE053F03D {
   "code": "KeyB",
   "key": "b",
   "modifiers": 0,
   "text": "b",
   "type": "keyUp",
   "unmodifiedText": "b",
   "windowsVirtualKeyCode": 66
}
[1779850088.759][DEBUG]: DevTools WebSocket Command: Input.dispatchKeyEvent (id=944) 0EA677E6C4FBD9738A81F51BE053F03D {
   "code": "KeyE",
   "key": "e",
   "modifiers": 0,
   "text": "e",
   "type": "rawKeyDown",
   "unmodifiedText": "e",
   "windowsVirtualKeyCode": 69
}
[1779850088.759][DEBUG]: DevTools WebSocket Command: Input.dispatchKeyEvent (id=945) 0EA677E6C4FBD9738A81F51BE053F03D {
   "code": "KeyE",
   "key": "e",
   "modifiers": 0,
   "text": "e",
   "type": "char",
   "unmodifiedText": "e",
   "windowsVirtualKeyCode": 69
}
[1779850088.760][DEBUG]: DevTools WebSocket Command: Input.dispatchKeyEvent (id=946) 0EA677E6C4FBD9738A81F51BE053F03D {
   "code": "KeyE",
   "key": "e",
   "modifiers": 0,
   "text": "e",
   "type": "keyUp",
   "unmodifiedText": "e",
   "windowsVirtualKeyCode": 69
}
[1779850088.760][DEBUG]: DevTools WebSocket Command: Input.dispatchKeyEvent (id=947) 0EA677E6C4FBD9738A81F51BE053F03D {
   "code": "Space",
   "key": " ",
   "modifiers": 0,
   "text": " ",
   "type": "rawKeyDown",
   "unmodifiedText": " ",
   "windowsVirtualKeyCode": 32
}
[1779850088.760][DEBUG]: DevTools WebSocket Command: Input.dispatchKeyEvent (id=948) 0EA677E6C4FBD9738A81F51BE053F03D {
   "code": "Space",
   "key": " ",
   "modifiers": 0,
   "text": " ",
   "type": "char",
   "unmodifiedText": " ",
   "windowsVirtualKeyCode": 32
}
[1779850088.760][DEBUG]: DevTools WebSocket Command: Input.dispatchKeyEvent (id=949) 0EA677E6C4FBD9738A81F51BE053F03D {
   "code": "Space",
   "key": " ",
   "modifiers": 0,
   "text": " ",
   "type": "keyUp",
   "unmodifiedText": " ",
   "windowsVirtualKeyCode": 32
}
[1779850088.760][DEBUG]: DevTools WebSocket Command: Input.dispatchKeyEvent (id=950) 0EA677E6C4FBD9738A81F51BE053F03D {
   "code": "ShiftLeft",
   "key": "Shift",
   "modifiers": 0,
   "text": "",
   "type": "rawKeyDown",
   "unmodifiedText": "",
   "windowsVirtualKeyCode": 16
}
[1779850088.760][DEBUG]: DevTools WebSocket Command: Input.dispatchKeyEvent (id=951) 0EA677E6C4FBD9738A81F51BE053F03D {
   "code": "KeyV",
   "key": "V",
   "modifiers": 8,
   "text": "V",
   "type": "rawKeyDown",
   "unmodifiedText": "v",
   "windowsVirtualKeyCode": 86
}
[1779850088.760][DEBUG]: DevTools WebSocket Command: Input.dispatchKeyEvent (id=952) 0EA677E6C4FBD9738A81F51BE053F03D {
   "code": "KeyV",
   "key": "V",
   "modifiers": 8,
   "text": "V",
   "type": "char",
   "unmodifiedText": "v",
   "windowsVirtualKeyCode": 86
}
[1779850088.761][DEBUG]: DevTools WebSocket Command: Input.dispatchKeyEvent (id=953) 0EA677E6C4FBD9738A81F51BE053F03D {
   "code": "KeyV",
   "key": "V",
   "modifiers": 8,
   "text": "V",
   "type": "keyUp",
   "unmodifiedText": "v",
   "windowsVirtualKeyCode": 86
}
[1779850088.761][DEBUG]: DevTools WebSocket Command: Input.dispatchKeyEvent (id=954) 0EA677E6C4FBD9738A81F51BE053F03D {
   "code": "ShiftLeft",
   "key": "Shift",
   "modifiers": 0,
   "text": "",
   "type": "keyUp",
   "unmodifiedText": "",
   "windowsVirtualKeyCode": 16
}
[1779850088.761][DEBUG]: DevTools WebSocket Command: Input.dispatchKeyEvent (id=955) 0EA677E6C4FBD9738A81F51BE053F03D {
   "code": "KeyI",
   "key": "i",
   "modifiers": 0,
   "text": "i",
   "type": "rawKeyDown",
   "unmodifiedText": "i",
   "windowsVirtualKeyCode": 73
}
[1779850088.761][DEBUG]: DevTools WebSocket Command: Input.dispatchKeyEvent (id=956) 0EA677E6C4FBD9738A81F51BE053F03D {
   "code": "KeyI",
   "key": "i",
   "modifiers": 0,
   "text": "i",
   "type": "char",
   "unmodifiedText": "i",
   "windowsVirtualKeyCode": 73
}
[1779850088.761][DEBUG]: DevTools WebSocket Command: Input.dispatchKeyEvent (id=957) 0EA677E6C4FBD9738A81F51BE053F03D {
   "code": "KeyI",
   "key": "i",
   "modifiers": 0,
   "text": "i",
   "type": "keyUp",
   "unmodifiedText": "i",
   "windowsVirtualKeyCode": 73
}
[1779850088.762][DEBUG]: DevTools WebSocket Command: Input.dispatchKeyEvent (id=958) 0EA677E6C4FBD9738A81F51BE053F03D {
   "code": "KeyD",
   "key": "d",
   "modifiers": 0,
   "text": "d",
   "type": "rawKeyDown",
   "unmodifiedText": "d",
   "windowsVirtualKeyCode": 68
}
[1779850088.762][DEBUG]: DevTools WebSocket Command: Input.dispatchKeyEvent (id=959) 0EA677E6C4FBD9738A81F51BE053F03D {
   "code": "KeyD",
   "key": "d",
   "modifiers": 0,
   "text": "d",
   "type": "char",
   "unmodifiedText": "d",
   "windowsVirtualKeyCode": 68
}
[1779850088.762][DEBUG]: DevTools WebSocket Command: Input.dispatchKeyEvent (id=960) 0EA677E6C4FBD9738A81F51BE053F03D {
   "code": "KeyD",
   "key": "d",
   "modifiers": 0,
   "text": "d",
   "type": "keyUp",
   "unmodifiedText": "d",
   "windowsVirtualKeyCode": 68
}
[1779850088.762][DEBUG]: DevTools WebSocket Command: Input.dispatchKeyEvent (id=961) 0EA677E6C4FBD9738A81F51BE053F03D {
   "code": "KeyE",
   "key": "e",
   "modifiers": 0,
   "text": "e",
   "type": "rawKeyDown",
   "unmodifiedText": "e",
   "windowsVirtualKeyCode": 69
}
[1779850088.762][DEBUG]: DevTools WebSocket Command: Input.dispatchKeyEvent (id=962) 0EA677E6C4FBD9738A81F51BE053F03D {
   "code": "KeyE",
   "key": "e",
   "modifiers": 0,
   "text": "e",
   "type": "char",
   "unmodifiedText": "e",
   "windowsVirtualKeyCode": 69
}
[1779850088.763][DEBUG]: DevTools WebSocket Command: Input.dispatchKeyEvent (id=963) 0EA677E6C4FBD9738A81F51BE053F03D {
   "code": "KeyE",
   "key": "e",
   "modifiers": 0,
   "text": "e",
   "type": "keyUp",
   "unmodifiedText": "e",
   "windowsVirtualKeyCode": 69
}
[1779850088.763][DEBUG]: DevTools WebSocket Command: Input.dispatchKeyEvent (id=964) 0EA677E6C4FBD9738A81F51BE053F03D {
   "code": "KeyO",
   "key": "o",
   "modifiers": 0,
   "text": "o",
   "type": "rawKeyDown",
   "unmodifiedText": "o",
   "windowsVirtualKeyCode": 79
}
[1779850088.763][DEBUG]: DevTools WebSocket Command: Input.dispatchKeyEvent (id=965) 0EA677E6C4FBD9738A81F51BE053F03D {
   "code": "KeyO",
   "key": "o",
   "modifiers": 0,
   "text": "o",
   "type": "char",
   "unmodifiedText": "o",
   "windowsVirtualKeyCode": 79
}
[1779850088.763][DEBUG]: DevTools WebSocket Command: Input.dispatchKeyEvent (id=966) 0EA677E6C4FBD9738A81F51BE053F03D {
   "code": "KeyO",
   "key": "o",
   "modifiers": 0,
   "text": "o",
   "type": "keyUp",
   "unmodifiedText": "o",
   "windowsVirtualKeyCode": 79
}
[1779850088.763][DEBUG]: DevTools WebSocket Response: Input.dispatchKeyEvent (id=895) 0EA677E6C4FBD9738A81F51BE053F03D {

}
[1779850088.763][DEBUG]: DevTools WebSocket Response: Input.dispatchKeyEvent (id=896) 0EA677E6C4FBD9738A81F51BE053F03D {

}
[1779850088.763][DEBUG]: DevTools WebSocket Response: Input.dispatchKeyEvent (id=897) 0EA677E6C4FBD9738A81F51BE053F03D {

}
[1779850088.768][DEBUG]: DevTools WebSocket Response: Input.dispatchKeyEvent (id=898) 0EA677E6C4FBD9738A81F51BE053F03D {

}
[1779850088.768][DEBUG]: DevTools WebSocket Response: Input.dispatchKeyEvent (id=899) 0EA677E6C4FBD9738A81F51BE053F03D {

}
[1779850088.768][DEBUG]: DevTools WebSocket Response: Input.dispatchKeyEvent (id=900) 0EA677E6C4FBD9738A81F51BE053F03D {

}
[1779850088.768][DEBUG]: DevTools WebSocket Response: Input.dispatchKeyEvent (id=901) 0EA677E6C4FBD9738A81F51BE053F03D {

}
[1779850088.768][DEBUG]: DevTools WebSocket Response: Input.dispatchKeyEvent (id=902) 0EA677E6C4FBD9738A81F51BE053F03D {

}
[1779850088.768][DEBUG]: DevTools WebSocket Response: Input.dispatchKeyEvent (id=903) 0EA677E6C4FBD9738A81F51BE053F03D {

}
[1779850088.783][DEBUG]: DevTools WebSocket Response: Input.dispatchKeyEvent (id=904) 0EA677E6C4FBD9738A81F51BE053F03D {

}
[1779850088.783][DEBUG]: DevTools WebSocket Response: Input.dispatchKeyEvent (id=905) 0EA677E6C4FBD9738A81F51BE053F03D {

}
[1779850088.783][DEBUG]: DevTools WebSocket Response: Input.dispatchKeyEvent (id=906) 0EA677E6C4FBD9738A81F51BE053F03D {

}
[1779850088.783][DEBUG]: DevTools WebSocket Response: Input.dispatchKeyEvent (id=907) 0EA677E6C4FBD9738A81F51BE053F03D {

}
[1779850088.783][DEBUG]: DevTools WebSocket Response: Input.dispatchKeyEvent (id=908) 0EA677E6C4FBD9738A81F51BE053F03D {

}
[1779850088.783][DEBUG]: DevTools WebSocket Response: Input.dispatchKeyEvent (id=909) 0EA677E6C4FBD9738A81F51BE053F03D {

}
[1779850088.783][DEBUG]: DevTools WebSocket Response: Input.dispatchKeyEvent (id=910) 0EA677E6C4FBD9738A81F51BE053F03D {

}
[1779850088.783][DEBUG]: DevTools WebSocket Response: Input.dispatchKeyEvent (id=911) 0EA677E6C4FBD9738A81F51BE053F03D {

}
[1779850088.783][DEBUG]: DevTools WebSocket Response: Input.dispatchKeyEvent (id=912) 0EA677E6C4FBD9738A81F51BE053F03D {

}
[1779850088.783][DEBUG]: DevTools WebSocket Response: Input.dispatchKeyEvent (id=913) 0EA677E6C4FBD9738A81F51BE053F03D {

}
[1779850088.783][DEBUG]: DevTools WebSocket Response: Input.dispatchKeyEvent (id=914) 0EA677E6C4FBD9738A81F51BE053F03D {

}
[1779850088.784][DEBUG]: DevTools WebSocket Response: Input.dispatchKeyEvent (id=915) 0EA677E6C4FBD9738A81F51BE053F03D {

}
[1779850088.784][DEBUG]: DevTools WebSocket Response: Input.dispatchKeyEvent (id=916) 0EA677E6C4FBD9738A81F51BE053F03D {

}
[1779850088.784][DEBUG]: DevTools WebSocket Response: Input.dispatchKeyEvent (id=917) 0EA677E6C4FBD9738A81F51BE053F03D {

}
[1779850088.784][DEBUG]: DevTools WebSocket Response: Input.dispatchKeyEvent (id=918) 0EA677E6C4FBD9738A81F51BE053F03D {

}
[1779850088.784][DEBUG]: DevTools WebSocket Response: Input.dispatchKeyEvent (id=919) 0EA677E6C4FBD9738A81F51BE053F03D {

}
[1779850088.784][DEBUG]: DevTools WebSocket Response: Input.dispatchKeyEvent (id=920) 0EA677E6C4FBD9738A81F51BE053F03D {

}
[1779850088.784][DEBUG]: DevTools WebSocket Response: Input.dispatchKeyEvent (id=921) 0EA677E6C4FBD9738A81F51BE053F03D {

}
[1779850088.784][DEBUG]: DevTools WebSocket Response: Input.dispatchKeyEvent (id=922) 0EA677E6C4FBD9738A81F51BE053F03D {

}
[1779850088.784][DEBUG]: DevTools WebSocket Response: Input.dispatchKeyEvent (id=923) 0EA677E6C4FBD9738A81F51BE053F03D {

}
[1779850088.784][DEBUG]: DevTools WebSocket Response: Input.dispatchKeyEvent (id=924) 0EA677E6C4FBD9738A81F51BE053F03D {

}
[1779850088.784][DEBUG]: DevTools WebSocket Response: Input.dispatchKeyEvent (id=925) 0EA677E6C4FBD9738A81F51BE053F03D {

}
[1779850088.784][DEBUG]: DevTools WebSocket Response: Input.dispatchKeyEvent (id=926) 0EA677E6C4FBD9738A81F51BE053F03D {

}
[1779850088.784][DEBUG]: DevTools WebSocket Response: Input.dispatchKeyEvent (id=927) 0EA677E6C4FBD9738A81F51BE053F03D {

}
[1779850088.784][DEBUG]: DevTools WebSocket Response: Input.dispatchKeyEvent (id=928) 0EA677E6C4FBD9738A81F51BE053F03D {

}
[1779850088.785][DEBUG]: DevTools WebSocket Response: Input.dispatchKeyEvent (id=929) 0EA677E6C4FBD9738A81F51BE053F03D {

}
[1779850088.785][DEBUG]: DevTools WebSocket Response: Input.dispatchKeyEvent (id=930) 0EA677E6C4FBD9738A81F51BE053F03D {

}
[1779850088.785][DEBUG]: DevTools WebSocket Response: Input.dispatchKeyEvent (id=931) 0EA677E6C4FBD9738A81F51BE053F03D {

}
[1779850088.785][DEBUG]: DevTools WebSocket Response: Input.dispatchKeyEvent (id=932) 0EA677E6C4FBD9738A81F51BE053F03D {

}
[1779850088.785][DEBUG]: DevTools WebSocket Response: Input.dispatchKeyEvent (id=933) 0EA677E6C4FBD9738A81F51BE053F03D {

}
[1779850088.785][DEBUG]: DevTools WebSocket Response: Input.dispatchKeyEvent (id=934) 0EA677E6C4FBD9738A81F51BE053F03D {

}
[1779850088.785][DEBUG]: DevTools WebSocket Response: Input.dispatchKeyEvent (id=935) 0EA677E6C4FBD9738A81F51BE053F03D {

}
[1779850088.785][DEBUG]: DevTools WebSocket Response: Input.dispatchKeyEvent (id=936) 0EA677E6C4FBD9738A81F51BE053F03D {

}
[1779850088.785][DEBUG]: DevTools WebSocket Response: Input.dispatchKeyEvent (id=937) 0EA677E6C4FBD9738A81F51BE053F03D {

}
[1779850088.785][DEBUG]: DevTools WebSocket Response: Input.dispatchKeyEvent (id=938) 0EA677E6C4FBD9738A81F51BE053F03D {

}
[1779850088.785][DEBUG]: DevTools WebSocket Response: Input.dispatchKeyEvent (id=939) 0EA677E6C4FBD9738A81F51BE053F03D {

}
[1779850088.785][DEBUG]: DevTools WebSocket Response: Input.dispatchKeyEvent (id=940) 0EA677E6C4FBD9738A81F51BE053F03D {

}
[1779850088.785][DEBUG]: DevTools WebSocket Response: Input.dispatchKeyEvent (id=941) 0EA677E6C4FBD9738A81F51BE053F03D {

}
[1779850088.785][DEBUG]: DevTools WebSocket Response: Input.dispatchKeyEvent (id=942) 0EA677E6C4FBD9738A81F51BE053F03D {

}
[1779850088.785][DEBUG]: DevTools WebSocket Response: Input.dispatchKeyEvent (id=943) 0EA677E6C4FBD9738A81F51BE053F03D {

}
[1779850088.785][DEBUG]: DevTools WebSocket Response: Input.dispatchKeyEvent (id=944) 0EA677E6C4FBD9738A81F51BE053F03D {

}
[1779850088.786][DEBUG]: DevTools WebSocket Response: Input.dispatchKeyEvent (id=945) 0EA677E6C4FBD9738A81F51BE053F03D {

}
[1779850088.786][DEBUG]: DevTools WebSocket Response: Input.dispatchKeyEvent (id=946) 0EA677E6C4FBD9738A81F51BE053F03D {

}
[1779850088.786][DEBUG]: DevTools WebSocket Response: Input.dispatchKeyEvent (id=947) 0EA677E6C4FBD9738A81F51BE053F03D {

}
[1779850088.788][DEBUG]: DevTools WebSocket Response: Input.dispatchKeyEvent (id=948) 0EA677E6C4FBD9738A81F51BE053F03D {

}
[1779850088.788][DEBUG]: DevTools WebSocket Response: Input.dispatchKeyEvent (id=949) 0EA677E6C4FBD9738A81F51BE053F03D {

}
[1779850088.788][DEBUG]: DevTools WebSocket Response: Input.dispatchKeyEvent (id=950) 0EA677E6C4FBD9738A81F51BE053F03D {

}
[1779850088.788][DEBUG]: DevTools WebSocket Response: Input.dispatchKeyEvent (id=951) 0EA677E6C4FBD9738A81F51BE053F03D {

}
[1779850088.789][DEBUG]: DevTools WebSocket Response: Input.dispatchKeyEvent (id=952) 0EA677E6C4FBD9738A81F51BE053F03D {

}
[1779850088.789][DEBUG]: DevTools WebSocket Response: Input.dispatchKeyEvent (id=953) 0EA677E6C4FBD9738A81F51BE053F03D {

}
[1779850088.790][DEBUG]: DevTools WebSocket Response: Input.dispatchKeyEvent (id=954) 0EA677E6C4FBD9738A81F51BE053F03D {

}
[1779850088.790][DEBUG]: DevTools WebSocket Response: Input.dispatchKeyEvent (id=955) 0EA677E6C4FBD9738A81F51BE053F03D {

}
[1779850088.791][DEBUG]: DevTools WebSocket Response: Input.dispatchKeyEvent (id=956) 0EA677E6C4FBD9738A81F51BE053F03D {

}
[1779850088.791][DEBUG]: DevTools WebSocket Response: Input.dispatchKeyEvent (id=957) 0EA677E6C4FBD9738A81F51BE053F03D {

}
[1779850088.791][DEBUG]: DevTools WebSocket Response: Input.dispatchKeyEvent (id=958) 0EA677E6C4FBD9738A81F51BE053F03D {

}
[1779850088.792][DEBUG]: DevTools WebSocket Response: Input.dispatchKeyEvent (id=959) 0EA677E6C4FBD9738A81F51BE053F03D {

}
[1779850088.792][DEBUG]: DevTools WebSocket Response: Input.dispatchKeyEvent (id=960) 0EA677E6C4FBD9738A81F51BE053F03D {

}
[1779850088.792][DEBUG]: DevTools WebSocket Response: Input.dispatchKeyEvent (id=961) 0EA677E6C4FBD9738A81F51BE053F03D {

}
[1779850088.794][DEBUG]: DevTools WebSocket Response: Input.dispatchKeyEvent (id=962) 0EA677E6C4FBD9738A81F51BE053F03D {

}
[1779850088.794][DEBUG]: DevTools WebSocket Response: Input.dispatchKeyEvent (id=963) 0EA677E6C4FBD9738A81F51BE053F03D {

}
[1779850088.794][DEBUG]: DevTools WebSocket Response: Input.dispatchKeyEvent (id=964) 0EA677E6C4FBD9738A81F51BE053F03D {

}
[1779850088.795][DEBUG]: DevTools WebSocket Response: Input.dispatchKeyEvent (id=965) 0EA677E6C4FBD9738A81F51BE053F03D {

}
[1779850088.795][DEBUG]: DevTools WebSocket Response: Input.dispatchKeyEvent (id=966) 0EA677E6C4FBD9738A81F51BE053F03D {

}
[1779850088.795][INFO]: Waiting for pending navigations...
[1779850088.795][DEBUG]: DevTools WebSocket Command: Runtime.evaluate (id=967) 0EA677E6C4FBD9738A81F51BE053F03D {
   "expression": "1"
}
[1779850088.798][DEBUG]: DevTools WebSocket Response: Runtime.evaluate (id=967) 0EA677E6C4FBD9738A81F51BE053F03D {
   "result": {
      "description": "1",
      "type": "number",
      "value": 1
   }
}
[1779850088.798][INFO]: Done waiting for pending navigations. Status: ok
[1779850088.798][INFO]: [6d6a54ac6a81f45fc5bf60d2fceca1fa] RESPONSE TypeElement
[1779850088.822][INFO]: [6d6a54ac6a81f45fc5bf60d2fceca1fa] COMMAND FindElement {
   "using": "css selector",
   "value": "#genre\\-modal\\-dropdown"
}
[1779850088.822][INFO]: Waiting for pending navigations...
[1779850088.822][DEBUG]: DevTools WebSocket Command: Runtime.evaluate (id=968) 0EA677E6C4FBD9738A81F51BE053F03D {
   "expression": "1"
}
[1779850088.826][DEBUG]: DevTools WebSocket Response: Runtime.evaluate (id=968) 0EA677E6C4FBD9738A81F51BE053F03D {
   "result": {
      "description": "1",
      "type": "number",
      "value": 1
   }
}
[1779850088.826][INFO]: Done waiting for pending navigations. Status: ok
[1779850088.829][DEBUG]: DevTools WebSocket Command: Runtime.evaluate (id=969) 0EA677E6C4FBD9738A81F51BE053F03D {
   "awaitPromise": true,
   "expression": "(function() { // Copyright (c) 2012 The Chromium Authors. All rights reserved.\n// Use of this source code is governed by a BSD-style license that can be\n// found in the LICENSE file.\n\n/**\n * Enum f...",
   "returnByValue": true
}
[1779850088.838][DEBUG]: DevTools WebSocket Response: Runtime.evaluate (id=969) 0EA677E6C4FBD9738A81F51BE053F03D {
   "result": {
      "type": "object",
      "value": {
         "status": 0,
         "value": {
            "element-6066-11e4-a52e-4f735466cecf": "c7cd8d20-9cc1-465e-9593-fb35ad2f25e3"
         }
      }
   }
}
[1779850088.838][INFO]: Waiting for pending navigations...
[1779850088.838][DEBUG]: DevTools WebSocket Command: Runtime.evaluate (id=970) 0EA677E6C4FBD9738A81F51BE053F03D {
   "expression": "1"
}
[1779850088.838][DEBUG]: DevTools WebSocket Response: Runtime.evaluate (id=970) 0EA677E6C4FBD9738A81F51BE053F03D {
   "result": {
      "description": "1",
      "type": "number",
      "value": 1
   }
}
[1779850088.839][INFO]: Done waiting for pending navigations. Status: ok
[1779850088.839][INFO]: [6d6a54ac6a81f45fc5bf60d2fceca1fa] RESPONSE FindElement {
   "element-6066-11e4-a52e-4f735466cecf": "c7cd8d20-9cc1-465e-9593-fb35ad2f25e3"
}
[1779850088.848][INFO]: [6d6a54ac6a81f45fc5bf60d2fceca1fa] COMMAND GetElementTagName {
   "id": "c7cd8d20-9cc1-465e-9593-fb35ad2f25e3"
}
[1779850088.848][INFO]: Waiting for pending navigations...
[1779850088.848][DEBUG]: DevTools WebSocket Command: Runtime.evaluate (id=971) 0EA677E6C4FBD9738A81F51BE053F03D {
   "expression": "1"
}
[1779850088.849][DEBUG]: DevTools WebSocket Response: Runtime.evaluate (id=971) 0EA677E6C4FBD9738A81F51BE053F03D {
   "result": {
      "description": "1",
      "type": "number",
      "value": 1
   }
}
[1779850088.849][INFO]: Done waiting for pending navigations. Status: ok
[1779850088.849][DEBUG]: DevTools WebSocket Command: Runtime.evaluate (id=972) 0EA677E6C4FBD9738A81F51BE053F03D {
   "awaitPromise": true,
   "expression": "(function() { // Copyright (c) 2012 The Chromium Authors. All rights reserved.\n// Use of this source code is governed by a BSD-style license that can be\n// found in the LICENSE file.\n\n/**\n * Enum f...",
   "returnByValue": true
}
[1779850088.851][DEBUG]: DevTools WebSocket Response: Runtime.evaluate (id=972) 0EA677E6C4FBD9738A81F51BE053F03D {
   "result": {
      "type": "object",
      "value": {
         "status": 0,
         "value": "select"
      }
   }
}
[1779850088.851][INFO]: Waiting for pending navigations...
[1779850088.851][DEBUG]: DevTools WebSocket Command: Runtime.evaluate (id=973) 0EA677E6C4FBD9738A81F51BE053F03D {
   "expression": "1"
}
[1779850088.851][DEBUG]: DevTools WebSocket Response: Runtime.evaluate (id=973) 0EA677E6C4FBD9738A81F51BE053F03D {
   "result": {
      "description": "1",
      "type": "number",
      "value": 1
   }
}
[1779850088.851][INFO]: Done waiting for pending navigations. Status: ok
[1779850088.851][INFO]: [6d6a54ac6a81f45fc5bf60d2fceca1fa] RESPONSE GetElementTagName "select"
[1779850088.874][INFO]: [6d6a54ac6a81f45fc5bf60d2fceca1fa] COMMAND ExecuteScript {
   "args": [ {
      "element-6066-11e4-a52e-4f735466cecf": "c7cd8d20-9cc1-465e-9593-fb35ad2f25e3"
   }, "multiple" ],
   "script": "return (function(){return function(){var d=this;function f(a){return\"string\"==typeof a}function h(a,b){function e(){}e.prototype=b.prototype;a.c=b.prototype;a.prototype=new e;a.prototype.constructor=a;a.b=function(a,e,m){for(var c=Array(arguments.length-2),g=2;g\u003Carguments.length;g++)c[g-2]=arguments[g];return b.prototype[e].apply(a,c)}};function k(a,b){this.code=a;this.a=l[a]||n;this.message=b||\"\";a=this.a.replace(/((?:^|\\s+)[a-z])/g,function(a){return a.toUpperCase().replace(/^[\\s\\xa0]+/g,\"\")});b=a.length-5;if(0>b||a.indexOf(\"Error\",b)!=b)a+=\"Error\";this.name=a;a=Error(this.message);a.name=this.name;this.stack=a.stack||\"\"}h(k,Error);var n=\"unknown error\",l={15:\"element not selectable\",11:\"element not visible\"};l[31]=n;l[30]=n;l[24]=\"invalid cookie domain\";l[29]=\"invalid element coordinates\";l[12]=\"invalid element state\";l[32]=\"invalid selector\";\nl[51]=\"invalid selector\";l[52]=\"invalid selector\";l[17]=\"javascript error\";l[405]=\"unsupported operation\";l[34]=\"move target out of bounds\";l[27]=\"no such alert\";l[7]=\"no such element\";l[8]=\"no such frame\";l[23]=\"no such window\";l[28]=\"script timeout\";l[33]=\"session not created\";l[10]=\"stale element reference\";l[21]=\"timeout\";l[25]=\"unable to set cookie\";l[26]=\"unexpected alert open\";l[13]=n;l[9]=\"unknown command\";k.prototype.toString=function(){return this.name+\": \"+this.message};var p;a:{var q=d.navigator;if(q){var r=q.userAgent;if(r){p=r;break a}}p=\"\"}function t(a){return-1!=p.indexOf(a)};function aa(a,b){for(var e=a.length,c=f(a)?a.split(\"\"):a,g=0;g\u003Ce;g++)g in c&&b.call(void 0,c[g],g,a)};function u(){return t(\"iPhone\")&&!t(\"iPod\")&&!t(\"iPad\")};function v(){return(t(\"Chrome\")||t(\"CriOS\"))&&!t(\"Edge\")};var w=t(\"Opera\"),x=t(\"Trident\")||t(\"MSIE\"),z=t(\"Edge\"),A=t(\"Gecko\")&&!(-1!=p.toLowerCase().indexOf(\"webkit\")&&!t(\"Edge\"))&&!(t(\"Trident\")||t(\"MSIE\"))&&!t(\"Edge\"),ba=-1!=p.toLowerCase().indexOf(\"webkit\")&&!t(\"Edge\");function B(){var a=d.document;return a?a.documentMode:void 0}var C;\na:{var D=\"\",E=function(){var a=p;if(A)return/rv:([^\\);]+)(\\)|;)/.exec(a);if(z)return/Edge\\/([\\d\\.]+)/.exec(a);if(x)return/\\b(?:MSIE|rv)[: ]([^\\);]+)(\\)|;)/.exec(a);if(ba)return/WebKit\\/(\\S+)/.exec(a);if(w)return/(?:Version)[ \\/]?(\\S+)/.exec(a)}();E&&(D=E?E[1]:\"\");if(x){var F=B();if(null!=F&&F>parseFloat(D)){C=String(F);break a}}C=D}var G;var H=d.document;G=H&&x?B()||(\"CSS1Compat\"==H.compatMode?parseInt(C,10):5):void 0;var ca=t(\"Firefox\"),da=u()||t(\"iPod\"),ea=t(\"iPad\"),I=t(\"Android\")&&!(v()||t(\"Firefox\")||t(\"Opera\")||t(\"Silk\")),fa=v(),J=t(\"Safari\")&&!(v()||t(\"Coast\")||t(\"Opera\")||t(\"Edge\")||t(\"Silk\")||t(\"Android\"))&&!(u()||t(\"iPad\")||t(\"iPod\"));function K(a){return(a=a.exec(p))?a[1]:\"\"}(function(){if(ca)return K(/Firefox\\/([0-9.]+)/);if(x||z||w)return C;if(fa)return u()||t(\"iPad\")||t(\"iPod\")?K(/CriOS\\/([0-9.]+)/):K(/Chrome\\/([0-9.]+)/);if(J&&!(u()||t(\"iPad\")||t(\"iPod\")))return K(/Version\\/([0-9.]+)/);if(da||ea){var a=/Version\\/(\\S+).*Mobile\\/(\\S+)/.exec(p);if(a)return a[1]+\".\"+a[2]}else if(I)return(a=K(/Android\\s+([0-9.]+)/))?a:K(/Version\\/([0-9.]+)/);return\"\"})();var L,M=function(){if(!A)return!1;var a=d.Components;if(!a)return!1;try{if(!a.classes)return!1}catch(g){return!1}var b=a.classes;a=a.interfaces;var e=b[\"@mozilla.org/xpcom/version-comparator;1\"].getService(a.nsIVersionComparator),c=b[\"@mozilla.org/xre/app-info;1\"].getService(a.nsIXULAppInfo).version;L=function(a){e.compare(c,\"\"+a)};return!0}(),N=x&&!(8\u003C=Number(G)),ha=x&&!(9\u003C=Number(G));I&&M&&L(2.3);I&&M&&L(4);J&&M&&L(6);var ia={SCRIPT:1,STYLE:1,HEAD:1,IFRAME:1,OBJECT:1},O={IMG:\" \",BR:\"\\n\"};function P(a,b,e){if(!(a.nodeName in ia))if(3==a.nodeType)e?b.push(String(a.nodeValue).replace(/(\\r\\n|\\r|\\n)/g,\"\")):b.push(a.nodeValue);else if(a.nodeName in O)b.push(O[a.nodeName]);else for(a=a.firstChild;a;)P(a,b,e),a=a.nextSibling};function Q(a,b){b=b.toLowerCase();return\"style\"==b?ja(a.style.cssText):N&&\"value\"==b&&R(a,\"INPUT\")?a.value:ha&&!0===a[b]?String(a.getAttribute(b)):(a=a.getAttributeNode(b))&&a.specified?a.value:null}var ka=/[;]+(?=(?:(?:[^\"]*\"){2})*[^\"]*$)(?=(?:(?:[^']*'){2})*[^']*$)(?=(?:[^()]*\\([^()]*\\))*[^()]*$)/;\nfunction ja(a){var b=[];aa(a.split(ka),function(a){var c=a.indexOf(\":\");0\u003Cc&&(a=[a.slice(0,c),a.slice(c+1)],2==a.length&&b.push(a[0].toLowerCase(),\":\",a[1],\";\"))});b=b.join(\"\");return b=\";\"==b.charAt(b.length-1)?b:b+\";\"}function S(a,b){N&&\"value\"==b&&R(a,\"OPTION\")&&null===Q(a,\"value\")?(b=[],P(a,b,!1),a=b.join(\"\")):a=a[b];return a}function R(a,b){b&&\"string\"!==typeof b&&(b=b.toString());return!!a&&1==a.nodeType&&(!b||a.tagName.toUpperCase()==b)}\nfunction T(a){return R(a,\"OPTION\")?!0:R(a,\"INPUT\")?(a=a.type.toLowerCase(),\"checkbox\"==a||\"radio\"==a):!1};var la={\"class\":\"className\",readonly:\"readOnly\"},U=\"allowfullscreen allowpaymentrequest allowusermedia async autofocus autoplay checked compact complete controls declare default defaultchecked defaultselected defer disabled ended formnovalidate hidden indeterminate iscontenteditable ismap itemscope loop multiple muted nohref nomodule noresize noshade novalidate nowrap open paused playsinline pubdate readonly required reversed scoped seamless seeking selected truespeed typemustmatch willvalidate\".split(\" \");function V(a,b){var e=null,c=b.toLowerCase();if(\"style\"==c)return(e=a.style)&&!f(e)&&(e=e.cssText),e;if((\"selected\"==c||\"checked\"==c)&&T(a)){if(!T(a))throw new k(15,\"Element is not selectable\");b=\"selected\";e=a.type&&a.type.toLowerCase();if(\"checkbox\"==e||\"radio\"==e)b=\"checked\";return S(a,b)?\"true\":null}var g=R(a,\"A\");if(R(a,\"IMG\")&&\"src\"==c||g&&\"href\"==c)return(e=Q(a,c))&&(e=S(a,c)),e;if(\"spellcheck\"==c){e=Q(a,c);if(null!==e){if(\"false\"==e.toLowerCase())return\"false\";if(\"true\"==e.toLowerCase())return\"true\"}return S(a,\nc)+\"\"}g=la[b]||b;a:if(f(U))c=f(c)&&1==c.length?U.indexOf(c,0):-1;else{for(var m=0;m\u003CU.length;m++)if(m in U&&U[m]===c){c=m;break a}c=-1}if(0\u003C=c)return(e=null!==Q(a,b)||S(a,g))?\"true\":null;try{var y=S(a,g)}catch(ma){}(c=null==y)||(c=typeof y,c=\"object\"==c&&null!=y||\"function\"==c);c?e=Q(a,b):e=y;return null!=e?e.toString():null}var W=[\"_\"],X=d;W[0]in X||!X.execScript||X.execScript(\"var \"+W[0]);\nfor(var Y;W.length&&(Y=W.shift());){var Z;if(Z=!W.length)Z=void 0!==V;Z?X[Y]=V:X[Y]&&X[Y]!==Object.prototype[Y]?X=X[Y]:X=X[Y]={}};; return this._.apply(null,arguments);}.apply({navigator:typeof window!='undefined'?window.navigator:null,document:typeof window!='undefined'?window.document:null}, arguments);}\n).apply(null, arguments);"
}
[1779850088.875][INFO]: Waiting for pending navigations...
[1779850088.875][DEBUG]: DevTools WebSocket Command: Runtime.evaluate (id=974) 0EA677E6C4FBD9738A81F51BE053F03D {
   "expression": "1"
}
[1779850088.875][DEBUG]: DevTools WebSocket Response: Runtime.evaluate (id=974) 0EA677E6C4FBD9738A81F51BE053F03D {
   "result": {
      "description": "1",
      "type": "number",
      "value": 1
   }
}
[1779850088.875][INFO]: Done waiting for pending navigations. Status: ok
[1779850088.876][DEBUG]: DevTools WebSocket Command: Runtime.evaluate (id=975) 0EA677E6C4FBD9738A81F51BE053F03D {
   "awaitPromise": true,
   "expression": "(function() { // Copyright (c) 2012 The Chromium Authors. All rights reserved.\n// Use of this source code is governed by a BSD-style license that can be\n// found in the LICENSE file.\n\n/**\n * Enum f...",
   "returnByValue": true
}
[1779850088.880][DEBUG]: DevTools WebSocket Response: Runtime.evaluate (id=975) 0EA677E6C4FBD9738A81F51BE053F03D {
   "result": {
      "type": "object",
      "value": {
         "status": 0,
         "value": null
      }
   }
}
[1779850088.880][INFO]: Waiting for pending navigations...
[1779850088.880][DEBUG]: DevTools WebSocket Command: Runtime.evaluate (id=976) 0EA677E6C4FBD9738A81F51BE053F03D {
   "expression": "1"
}
[1779850088.881][DEBUG]: DevTools WebSocket Response: Runtime.evaluate (id=976) 0EA677E6C4FBD9738A81F51BE053F03D {
   "result": {
      "description": "1",
      "type": "number",
      "value": 1
   }
}
[1779850088.881][INFO]: Done waiting for pending navigations. Status: ok
[1779850088.881][INFO]: [6d6a54ac6a81f45fc5bf60d2fceca1fa] RESPONSE ExecuteScript null
[1779850088.895][INFO]: [6d6a54ac6a81f45fc5bf60d2fceca1fa] COMMAND FindChildElements {
   "id": "c7cd8d20-9cc1-465e-9593-fb35ad2f25e3",
   "using": "xpath",
   "value": ".//option[normalize-space(.) = \"Education\"]"
}
[1779850088.895][INFO]: Waiting for pending navigations...
[1779850088.895][DEBUG]: DevTools WebSocket Command: Runtime.evaluate (id=977) 0EA677E6C4FBD9738A81F51BE053F03D {
   "expression": "1"
}
[1779850088.896][DEBUG]: DevTools WebSocket Response: Runtime.evaluate (id=977) 0EA677E6C4FBD9738A81F51BE053F03D {
   "result": {
      "description": "1",
      "type": "number",
      "value": 1
   }
}
[1779850088.896][INFO]: Done waiting for pending navigations. Status: ok
[1779850088.898][DEBUG]: DevTools WebSocket Command: Runtime.evaluate (id=978) 0EA677E6C4FBD9738A81F51BE053F03D {
   "awaitPromise": true,
   "expression": "(function() { // Copyright (c) 2012 The Chromium Authors. All rights reserved.\n// Use of this source code is governed by a BSD-style license that can be\n// found in the LICENSE file.\n\n/**\n * Enum f...",
   "returnByValue": true
}
[1779850088.907][DEBUG]: DevTools WebSocket Response: Runtime.evaluate (id=978) 0EA677E6C4FBD9738A81F51BE053F03D {
   "result": {
      "type": "object",
      "value": {
         "status": 0,
         "value": [ {
            "element-6066-11e4-a52e-4f735466cecf": "c47a797d-cb0b-4146-ba4f-92a45a7b57c7"
         } ]
      }
   }
}
[1779850088.907][INFO]: Waiting for pending navigations...
[1779850088.907][DEBUG]: DevTools WebSocket Command: Runtime.evaluate (id=979) 0EA677E6C4FBD9738A81F51BE053F03D {
   "expression": "1"
}
[1779850088.907][DEBUG]: DevTools WebSocket Response: Runtime.evaluate (id=979) 0EA677E6C4FBD9738A81F51BE053F03D {
   "result": {
      "description": "1",
      "type": "number",
      "value": 1
   }
}
[1779850088.907][INFO]: Done waiting for pending navigations. Status: ok
[1779850088.908][INFO]: [6d6a54ac6a81f45fc5bf60d2fceca1fa] RESPONSE FindChildElements [ {
   "element-6066-11e4-a52e-4f735466cecf": "c47a797d-cb0b-4146-ba4f-92a45a7b57c7"
} ]
[1779850088.923][INFO]: [6d6a54ac6a81f45fc5bf60d2fceca1fa] COMMAND IsElementSelected {
   "id": "c47a797d-cb0b-4146-ba4f-92a45a7b57c7"
}
[1779850088.923][INFO]: Waiting for pending navigations...
[1779850088.923][DEBUG]: DevTools WebSocket Command: Runtime.evaluate (id=980) 0EA677E6C4FBD9738A81F51BE053F03D {
   "expression": "1"
}
[1779850088.923][DEBUG]: DevTools WebSocket Response: Runtime.evaluate (id=980) 0EA677E6C4FBD9738A81F51BE053F03D {
   "result": {
      "description": "1",
      "type": "number",
      "value": 1
   }
}
[1779850088.923][INFO]: Done waiting for pending navigations. Status: ok
[1779850088.925][DEBUG]: DevTools WebSocket Command: Runtime.evaluate (id=981) 0EA677E6C4FBD9738A81F51BE053F03D {
   "awaitPromise": true,
   "expression": "(function() { // Copyright (c) 2012 The Chromium Authors. All rights reserved.\n// Use of this source code is governed by a BSD-style license that can be\n// found in the LICENSE file.\n\n/**\n * Enum f...",
   "returnByValue": true
}
[1779850088.931][DEBUG]: DevTools WebSocket Response: Runtime.evaluate (id=981) 0EA677E6C4FBD9738A81F51BE053F03D {
   "result": {
      "type": "object",
      "value": {
         "status": 0,
         "value": false
      }
   }
}
[1779850088.931][INFO]: Waiting for pending navigations...
[1779850088.931][DEBUG]: DevTools WebSocket Command: Runtime.evaluate (id=982) 0EA677E6C4FBD9738A81F51BE053F03D {
   "expression": "1"
}
[1779850088.932][DEBUG]: DevTools WebSocket Response: Runtime.evaluate (id=982) 0EA677E6C4FBD9738A81F51BE053F03D {
   "result": {
      "description": "1",
      "type": "number",
      "value": 1
   }
}
[1779850088.932][INFO]: Done waiting for pending navigations. Status: ok
[1779850088.932][INFO]: [6d6a54ac6a81f45fc5bf60d2fceca1fa] RESPONSE IsElementSelected false
[1779850088.943][INFO]: [6d6a54ac6a81f45fc5bf60d2fceca1fa] COMMAND ClickElement {
   "id": "c47a797d-cb0b-4146-ba4f-92a45a7b57c7"
}
[1779850088.943][INFO]: Waiting for pending navigations...
[1779850088.943][DEBUG]: DevTools WebSocket Command: Runtime.evaluate (id=983) 0EA677E6C4FBD9738A81F51BE053F03D {
   "expression": "1"
}
[1779850088.944][DEBUG]: DevTools WebSocket Response: Runtime.evaluate (id=983) 0EA677E6C4FBD9738A81F51BE053F03D {
   "result": {
      "description": "1",
      "type": "number",
      "value": 1
   }
}
[1779850088.944][INFO]: Done waiting for pending navigations. Status: ok
[1779850088.945][DEBUG]: DevTools WebSocket Command: Runtime.evaluate (id=984) 0EA677E6C4FBD9738A81F51BE053F03D {
   "awaitPromise": true,
   "expression": "(function() { // Copyright (c) 2012 The Chromium Authors. All rights reserved.\n// Use of this source code is governed by a BSD-style license that can be\n// found in the LICENSE file.\n\n/**\n * Enum f...",
   "returnByValue": true
}
[1779850088.947][DEBUG]: DevTools WebSocket Response: Runtime.evaluate (id=984) 0EA677E6C4FBD9738A81F51BE053F03D {
   "result": {
      "type": "object",
      "value": {
         "status": 0,
         "value": "option"
      }
   }
}
[1779850088.947][DEBUG]: DevTools WebSocket Command: Runtime.evaluate (id=985) 0EA677E6C4FBD9738A81F51BE053F03D {
   "awaitPromise": true,
   "expression": "(function() { // Copyright (c) 2012 The Chromium Authors. All rights reserved.\n// Use of this source code is governed by a BSD-style license that can be\n// found in the LICENSE file.\n\n/**\n * Enum f...",
   "returnByValue": true
}
[1779850088.949][DEBUG]: DevTools WebSocket Response: Runtime.evaluate (id=985) 0EA677E6C4FBD9738A81F51BE053F03D {
   "result": {
      "type": "object",
      "value": {
         "status": 0,
         "value": false
      }
   }
}
[1779850088.951][DEBUG]: DevTools WebSocket Command: Runtime.evaluate (id=986) 0EA677E6C4FBD9738A81F51BE053F03D {
   "awaitPromise": true,
   "expression": "(function() { // Copyright (c) 2012 The Chromium Authors. All rights reserved.\n// Use of this source code is governed by a BSD-style license that can be\n// found in the LICENSE file.\n\n/**\n * Enum f...",
   "returnByValue": true
}
[1779850088.967][DEBUG]: DevTools WebSocket Response: Runtime.evaluate (id=986) 0EA677E6C4FBD9738A81F51BE053F03D {
   "result": {
      "type": "object",
      "value": {
         "status": 0,
         "value": null
      }
   }
}
[1779850088.967][INFO]: Waiting for pending navigations...
[1779850088.967][DEBUG]: DevTools WebSocket Command: Runtime.evaluate (id=987) 0EA677E6C4FBD9738A81F51BE053F03D {
   "expression": "1"
}
[1779850088.973][DEBUG]: DevTools WebSocket Response: Runtime.evaluate (id=987) 0EA677E6C4FBD9738A81F51BE053F03D {
   "result": {
      "description": "1",
      "type": "number",
      "value": 1
   }
}
[1779850088.973][INFO]: Done waiting for pending navigations. Status: ok
[1779850088.973][INFO]: [6d6a54ac6a81f45fc5bf60d2fceca1fa] RESPONSE ClickElement
[1779850088.985][INFO]: [6d6a54ac6a81f45fc5bf60d2fceca1fa] COMMAND FindElement {
   "using": "css selector",
   "value": "#age\\-modal\\-dropdown"
}
[1779850088.985][INFO]: Waiting for pending navigations...
[1779850088.985][DEBUG]: DevTools WebSocket Command: Runtime.evaluate (id=988) 0EA677E6C4FBD9738A81F51BE053F03D {
   "expression": "1"
}
[1779850088.986][DEBUG]: DevTools WebSocket Response: Runtime.evaluate (id=988) 0EA677E6C4FBD9738A81F51BE053F03D {
   "result": {
      "description": "1",
      "type": "number",
      "value": 1
   }
}
[1779850088.986][INFO]: Done waiting for pending navigations. Status: ok
[1779850088.989][DEBUG]: DevTools WebSocket Command: Runtime.evaluate (id=989) 0EA677E6C4FBD9738A81F51BE053F03D {
   "awaitPromise": true,
   "expression": "(function() { // Copyright (c) 2012 The Chromium Authors. All rights reserved.\n// Use of this source code is governed by a BSD-style license that can be\n// found in the LICENSE file.\n\n/**\n * Enum f...",
   "returnByValue": true
}
[1779850088.999][DEBUG]: DevTools WebSocket Response: Runtime.evaluate (id=989) 0EA677E6C4FBD9738A81F51BE053F03D {
   "result": {
      "type": "object",
      "value": {
         "status": 0,
         "value": {
            "element-6066-11e4-a52e-4f735466cecf": "6a2c49c6-a100-45ad-a4f6-71ee3794acf0"
         }
      }
   }
}
[1779850088.999][INFO]: Waiting for pending navigations...
[1779850088.999][DEBUG]: DevTools WebSocket Command: Runtime.evaluate (id=990) 0EA677E6C4FBD9738A81F51BE053F03D {
   "expression": "1"
}
[1779850089.002][DEBUG]: DevTools WebSocket Response: Runtime.evaluate (id=990) 0EA677E6C4FBD9738A81F51BE053F03D {
   "result": {
      "description": "1",
      "type": "number",
      "value": 1
   }
}
[1779850089.002][INFO]: Done waiting for pending navigations. Status: ok
[1779850089.002][INFO]: [6d6a54ac6a81f45fc5bf60d2fceca1fa] RESPONSE FindElement {
   "element-6066-11e4-a52e-4f735466cecf": "6a2c49c6-a100-45ad-a4f6-71ee3794acf0"
}
[1779850089.013][INFO]: [6d6a54ac6a81f45fc5bf60d2fceca1fa] COMMAND GetElementTagName {
   "id": "6a2c49c6-a100-45ad-a4f6-71ee3794acf0"
}
[1779850089.013][INFO]: Waiting for pending navigations...
[1779850089.013][DEBUG]: DevTools WebSocket Command: Runtime.evaluate (id=991) 0EA677E6C4FBD9738A81F51BE053F03D {
   "expression": "1"
}
[1779850089.014][DEBUG]: DevTools WebSocket Response: Runtime.evaluate (id=991) 0EA677E6C4FBD9738A81F51BE053F03D {
   "result": {
      "description": "1",
      "type": "number",
      "value": 1
   }
}
[1779850089.014][INFO]: Done waiting for pending navigations. Status: ok
[1779850089.014][DEBUG]: DevTools WebSocket Command: Runtime.evaluate (id=992) 0EA677E6C4FBD9738A81F51BE053F03D {
   "awaitPromise": true,
   "expression": "(function() { // Copyright (c) 2012 The Chromium Authors. All rights reserved.\n// Use of this source code is governed by a BSD-style license that can be\n// found in the LICENSE file.\n\n/**\n * Enum f...",
   "returnByValue": true
}
[1779850089.016][DEBUG]: DevTools WebSocket Response: Runtime.evaluate (id=992) 0EA677E6C4FBD9738A81F51BE053F03D {
   "result": {
      "type": "object",
      "value": {
         "status": 0,
         "value": "select"
      }
   }
}
[1779850089.016][INFO]: Waiting for pending navigations...
[1779850089.016][DEBUG]: DevTools WebSocket Command: Runtime.evaluate (id=993) 0EA677E6C4FBD9738A81F51BE053F03D {
   "expression": "1"
}
[1779850089.017][DEBUG]: DevTools WebSocket Response: Runtime.evaluate (id=993) 0EA677E6C4FBD9738A81F51BE053F03D {
   "result": {
      "description": "1",
      "type": "number",
      "value": 1
   }
}
[1779850089.017][INFO]: Done waiting for pending navigations. Status: ok
[1779850089.017][INFO]: [6d6a54ac6a81f45fc5bf60d2fceca1fa] RESPONSE GetElementTagName "select"
[1779850089.046][INFO]: [6d6a54ac6a81f45fc5bf60d2fceca1fa] COMMAND ExecuteScript {
   "args": [ {
      "element-6066-11e4-a52e-4f735466cecf": "6a2c49c6-a100-45ad-a4f6-71ee3794acf0"
   }, "multiple" ],
   "script": "return (function(){return function(){var d=this;function f(a){return\"string\"==typeof a}function h(a,b){function e(){}e.prototype=b.prototype;a.c=b.prototype;a.prototype=new e;a.prototype.constructor=a;a.b=function(a,e,m){for(var c=Array(arguments.length-2),g=2;g\u003Carguments.length;g++)c[g-2]=arguments[g];return b.prototype[e].apply(a,c)}};function k(a,b){this.code=a;this.a=l[a]||n;this.message=b||\"\";a=this.a.replace(/((?:^|\\s+)[a-z])/g,function(a){return a.toUpperCase().replace(/^[\\s\\xa0]+/g,\"\")});b=a.length-5;if(0>b||a.indexOf(\"Error\",b)!=b)a+=\"Error\";this.name=a;a=Error(this.message);a.name=this.name;this.stack=a.stack||\"\"}h(k,Error);var n=\"unknown error\",l={15:\"element not selectable\",11:\"element not visible\"};l[31]=n;l[30]=n;l[24]=\"invalid cookie domain\";l[29]=\"invalid element coordinates\";l[12]=\"invalid element state\";l[32]=\"invalid selector\";\nl[51]=\"invalid selector\";l[52]=\"invalid selector\";l[17]=\"javascript error\";l[405]=\"unsupported operation\";l[34]=\"move target out of bounds\";l[27]=\"no such alert\";l[7]=\"no such element\";l[8]=\"no such frame\";l[23]=\"no such window\";l[28]=\"script timeout\";l[33]=\"session not created\";l[10]=\"stale element reference\";l[21]=\"timeout\";l[25]=\"unable to set cookie\";l[26]=\"unexpected alert open\";l[13]=n;l[9]=\"unknown command\";k.prototype.toString=function(){return this.name+\": \"+this.message};var p;a:{var q=d.navigator;if(q){var r=q.userAgent;if(r){p=r;break a}}p=\"\"}function t(a){return-1!=p.indexOf(a)};function aa(a,b){for(var e=a.length,c=f(a)?a.split(\"\"):a,g=0;g\u003Ce;g++)g in c&&b.call(void 0,c[g],g,a)};function u(){return t(\"iPhone\")&&!t(\"iPod\")&&!t(\"iPad\")};function v(){return(t(\"Chrome\")||t(\"CriOS\"))&&!t(\"Edge\")};var w=t(\"Opera\"),x=t(\"Trident\")||t(\"MSIE\"),z=t(\"Edge\"),A=t(\"Gecko\")&&!(-1!=p.toLowerCase().indexOf(\"webkit\")&&!t(\"Edge\"))&&!(t(\"Trident\")||t(\"MSIE\"))&&!t(\"Edge\"),ba=-1!=p.toLowerCase().indexOf(\"webkit\")&&!t(\"Edge\");function B(){var a=d.document;return a?a.documentMode:void 0}var C;\na:{var D=\"\",E=function(){var a=p;if(A)return/rv:([^\\);]+)(\\)|;)/.exec(a);if(z)return/Edge\\/([\\d\\.]+)/.exec(a);if(x)return/\\b(?:MSIE|rv)[: ]([^\\);]+)(\\)|;)/.exec(a);if(ba)return/WebKit\\/(\\S+)/.exec(a);if(w)return/(?:Version)[ \\/]?(\\S+)/.exec(a)}();E&&(D=E?E[1]:\"\");if(x){var F=B();if(null!=F&&F>parseFloat(D)){C=String(F);break a}}C=D}var G;var H=d.document;G=H&&x?B()||(\"CSS1Compat\"==H.compatMode?parseInt(C,10):5):void 0;var ca=t(\"Firefox\"),da=u()||t(\"iPod\"),ea=t(\"iPad\"),I=t(\"Android\")&&!(v()||t(\"Firefox\")||t(\"Opera\")||t(\"Silk\")),fa=v(),J=t(\"Safari\")&&!(v()||t(\"Coast\")||t(\"Opera\")||t(\"Edge\")||t(\"Silk\")||t(\"Android\"))&&!(u()||t(\"iPad\")||t(\"iPod\"));function K(a){return(a=a.exec(p))?a[1]:\"\"}(function(){if(ca)return K(/Firefox\\/([0-9.]+)/);if(x||z||w)return C;if(fa)return u()||t(\"iPad\")||t(\"iPod\")?K(/CriOS\\/([0-9.]+)/):K(/Chrome\\/([0-9.]+)/);if(J&&!(u()||t(\"iPad\")||t(\"iPod\")))return K(/Version\\/([0-9.]+)/);if(da||ea){var a=/Version\\/(\\S+).*Mobile\\/(\\S+)/.exec(p);if(a)return a[1]+\".\"+a[2]}else if(I)return(a=K(/Android\\s+([0-9.]+)/))?a:K(/Version\\/([0-9.]+)/);return\"\"})();var L,M=function(){if(!A)return!1;var a=d.Components;if(!a)return!1;try{if(!a.classes)return!1}catch(g){return!1}var b=a.classes;a=a.interfaces;var e=b[\"@mozilla.org/xpcom/version-comparator;1\"].getService(a.nsIVersionComparator),c=b[\"@mozilla.org/xre/app-info;1\"].getService(a.nsIXULAppInfo).version;L=function(a){e.compare(c,\"\"+a)};return!0}(),N=x&&!(8\u003C=Number(G)),ha=x&&!(9\u003C=Number(G));I&&M&&L(2.3);I&&M&&L(4);J&&M&&L(6);var ia={SCRIPT:1,STYLE:1,HEAD:1,IFRAME:1,OBJECT:1},O={IMG:\" \",BR:\"\\n\"};function P(a,b,e){if(!(a.nodeName in ia))if(3==a.nodeType)e?b.push(String(a.nodeValue).replace(/(\\r\\n|\\r|\\n)/g,\"\")):b.push(a.nodeValue);else if(a.nodeName in O)b.push(O[a.nodeName]);else for(a=a.firstChild;a;)P(a,b,e),a=a.nextSibling};function Q(a,b){b=b.toLowerCase();return\"style\"==b?ja(a.style.cssText):N&&\"value\"==b&&R(a,\"INPUT\")?a.value:ha&&!0===a[b]?String(a.getAttribute(b)):(a=a.getAttributeNode(b))&&a.specified?a.value:null}var ka=/[;]+(?=(?:(?:[^\"]*\"){2})*[^\"]*$)(?=(?:(?:[^']*'){2})*[^']*$)(?=(?:[^()]*\\([^()]*\\))*[^()]*$)/;\nfunction ja(a){var b=[];aa(a.split(ka),function(a){var c=a.indexOf(\":\");0\u003Cc&&(a=[a.slice(0,c),a.slice(c+1)],2==a.length&&b.push(a[0].toLowerCase(),\":\",a[1],\";\"))});b=b.join(\"\");return b=\";\"==b.charAt(b.length-1)?b:b+\";\"}function S(a,b){N&&\"value\"==b&&R(a,\"OPTION\")&&null===Q(a,\"value\")?(b=[],P(a,b,!1),a=b.join(\"\")):a=a[b];return a}function R(a,b){b&&\"string\"!==typeof b&&(b=b.toString());return!!a&&1==a.nodeType&&(!b||a.tagName.toUpperCase()==b)}\nfunction T(a){return R(a,\"OPTION\")?!0:R(a,\"INPUT\")?(a=a.type.toLowerCase(),\"checkbox\"==a||\"radio\"==a):!1};var la={\"class\":\"className\",readonly:\"readOnly\"},U=\"allowfullscreen allowpaymentrequest allowusermedia async autofocus autoplay checked compact complete controls declare default defaultchecked defaultselected defer disabled ended formnovalidate hidden indeterminate iscontenteditable ismap itemscope loop multiple muted nohref nomodule noresize noshade novalidate nowrap open paused playsinline pubdate readonly required reversed scoped seamless seeking selected truespeed typemustmatch willvalidate\".split(\" \");function V(a,b){var e=null,c=b.toLowerCase();if(\"style\"==c)return(e=a.style)&&!f(e)&&(e=e.cssText),e;if((\"selected\"==c||\"checked\"==c)&&T(a)){if(!T(a))throw new k(15,\"Element is not selectable\");b=\"selected\";e=a.type&&a.type.toLowerCase();if(\"checkbox\"==e||\"radio\"==e)b=\"checked\";return S(a,b)?\"true\":null}var g=R(a,\"A\");if(R(a,\"IMG\")&&\"src\"==c||g&&\"href\"==c)return(e=Q(a,c))&&(e=S(a,c)),e;if(\"spellcheck\"==c){e=Q(a,c);if(null!==e){if(\"false\"==e.toLowerCase())return\"false\";if(\"true\"==e.toLowerCase())return\"true\"}return S(a,\nc)+\"\"}g=la[b]||b;a:if(f(U))c=f(c)&&1==c.length?U.indexOf(c,0):-1;else{for(var m=0;m\u003CU.length;m++)if(m in U&&U[m]===c){c=m;break a}c=-1}if(0\u003C=c)return(e=null!==Q(a,b)||S(a,g))?\"true\":null;try{var y=S(a,g)}catch(ma){}(c=null==y)||(c=typeof y,c=\"object\"==c&&null!=y||\"function\"==c);c?e=Q(a,b):e=y;return null!=e?e.toString():null}var W=[\"_\"],X=d;W[0]in X||!X.execScript||X.execScript(\"var \"+W[0]);\nfor(var Y;W.length&&(Y=W.shift());){var Z;if(Z=!W.length)Z=void 0!==V;Z?X[Y]=V:X[Y]&&X[Y]!==Object.prototype[Y]?X=X[Y]:X=X[Y]={}};; return this._.apply(null,arguments);}.apply({navigator:typeof window!='undefined'?window.navigator:null,document:typeof window!='undefined'?window.document:null}, arguments);}\n).apply(null, arguments);"
}
[1779850089.046][INFO]: Waiting for pending navigations...
[1779850089.046][DEBUG]: DevTools WebSocket Command: Runtime.evaluate (id=994) 0EA677E6C4FBD9738A81F51BE053F03D {
   "expression": "1"
}
[1779850089.048][DEBUG]: DevTools WebSocket Response: Runtime.evaluate (id=994) 0EA677E6C4FBD9738A81F51BE053F03D {
   "result": {
      "description": "1",
      "type": "number",
      "value": 1
   }
}
[1779850089.048][INFO]: Done waiting for pending navigations. Status: ok
[1779850089.049][DEBUG]: DevTools WebSocket Command: Runtime.evaluate (id=995) 0EA677E6C4FBD9738A81F51BE053F03D {
   "awaitPromise": true,
   "expression": "(function() { // Copyright (c) 2012 The Chromium Authors. All rights reserved.\n// Use of this source code is governed by a BSD-style license that can be\n// found in the LICENSE file.\n\n/**\n * Enum f...",
   "returnByValue": true
}
[1779850089.052][DEBUG]: DevTools WebSocket Response: Runtime.evaluate (id=995) 0EA677E6C4FBD9738A81F51BE053F03D {
   "result": {
      "type": "object",
      "value": {
         "status": 0,
         "value": null
      }
   }
}
[1779850089.052][INFO]: Waiting for pending navigations...
[1779850089.052][DEBUG]: DevTools WebSocket Command: Runtime.evaluate (id=996) 0EA677E6C4FBD9738A81F51BE053F03D {
   "expression": "1"
}
[1779850089.053][DEBUG]: DevTools WebSocket Response: Runtime.evaluate (id=996) 0EA677E6C4FBD9738A81F51BE053F03D {
   "result": {
      "description": "1",
      "type": "number",
      "value": 1
   }
}
[1779850089.053][INFO]: Done waiting for pending navigations. Status: ok
[1779850089.053][INFO]: [6d6a54ac6a81f45fc5bf60d2fceca1fa] RESPONSE ExecuteScript null
[1779850089.064][INFO]: [6d6a54ac6a81f45fc5bf60d2fceca1fa] COMMAND FindChildElements {
   "id": "6a2c49c6-a100-45ad-a4f6-71ee3794acf0",
   "using": "xpath",
   "value": ".//option[normalize-space(.) = \"7+\"]"
}
[1779850089.065][INFO]: Waiting for pending navigations...
[1779850089.065][DEBUG]: DevTools WebSocket Command: Runtime.evaluate (id=997) 0EA677E6C4FBD9738A81F51BE053F03D {
   "expression": "1"
}
[1779850089.070][DEBUG]: DevTools WebSocket Response: Runtime.evaluate (id=997) 0EA677E6C4FBD9738A81F51BE053F03D {
   "result": {
      "description": "1",
      "type": "number",
      "value": 1
   }
}
[1779850089.071][INFO]: Done waiting for pending navigations. Status: ok
[1779850089.074][DEBUG]: DevTools WebSocket Command: Runtime.evaluate (id=998) 0EA677E6C4FBD9738A81F51BE053F03D {
   "awaitPromise": true,
   "expression": "(function() { // Copyright (c) 2012 The Chromium Authors. All rights reserved.\n// Use of this source code is governed by a BSD-style license that can be\n// found in the LICENSE file.\n\n/**\n * Enum f...",
   "returnByValue": true
}
[1779850089.081][DEBUG]: DevTools WebSocket Response: Runtime.evaluate (id=998) 0EA677E6C4FBD9738A81F51BE053F03D {
   "result": {
      "type": "object",
      "value": {
         "status": 0,
         "value": [ {
            "element-6066-11e4-a52e-4f735466cecf": "2830a42b-b4c5-464f-92a4-0f671dc6694f"
         } ]
      }
   }
}
[1779850089.081][INFO]: Waiting for pending navigations...
[1779850089.081][DEBUG]: DevTools WebSocket Command: Runtime.evaluate (id=999) 0EA677E6C4FBD9738A81F51BE053F03D {
   "expression": "1"
}
[1779850089.082][DEBUG]: DevTools WebSocket Response: Runtime.evaluate (id=999) 0EA677E6C4FBD9738A81F51BE053F03D {
   "result": {
      "description": "1",
      "type": "number",
      "value": 1
   }
}
[1779850089.082][INFO]: Done waiting for pending navigations. Status: ok
[1779850089.082][INFO]: [6d6a54ac6a81f45fc5bf60d2fceca1fa] RESPONSE FindChildElements [ {
   "element-6066-11e4-a52e-4f735466cecf": "2830a42b-b4c5-464f-92a4-0f671dc6694f"
} ]
[1779850089.093][INFO]: [6d6a54ac6a81f45fc5bf60d2fceca1fa] COMMAND IsElementSelected {
   "id": "2830a42b-b4c5-464f-92a4-0f671dc6694f"
}
[1779850089.093][INFO]: Waiting for pending navigations...
[1779850089.093][DEBUG]: DevTools WebSocket Command: Runtime.evaluate (id=1000) 0EA677E6C4FBD9738A81F51BE053F03D {
   "expression": "1"
}
[1779850089.094][DEBUG]: DevTools WebSocket Response: Runtime.evaluate (id=1000) 0EA677E6C4FBD9738A81F51BE053F03D {
   "result": {
      "description": "1",
      "type": "number",
      "value": 1
   }
}
[1779850089.094][INFO]: Done waiting for pending navigations. Status: ok
[1779850089.096][DEBUG]: DevTools WebSocket Command: Runtime.evaluate (id=1001) 0EA677E6C4FBD9738A81F51BE053F03D {
   "awaitPromise": true,
   "expression": "(function() { // Copyright (c) 2012 The Chromium Authors. All rights reserved.\n// Use of this source code is governed by a BSD-style license that can be\n// found in the LICENSE file.\n\n/**\n * Enum f...",
   "returnByValue": true
}
[1779850089.102][DEBUG]: DevTools WebSocket Response: Runtime.evaluate (id=1001) 0EA677E6C4FBD9738A81F51BE053F03D {
   "result": {
      "type": "object",
      "value": {
         "status": 0,
         "value": false
      }
   }
}
[1779850089.102][INFO]: Waiting for pending navigations...
[1779850089.102][DEBUG]: DevTools WebSocket Command: Runtime.evaluate (id=1002) 0EA677E6C4FBD9738A81F51BE053F03D {
   "expression": "1"
}
[1779850089.103][DEBUG]: DevTools WebSocket Response: Runtime.evaluate (id=1002) 0EA677E6C4FBD9738A81F51BE053F03D {
   "result": {
      "description": "1",
      "type": "number",
      "value": 1
   }
}
[1779850089.103][INFO]: Done waiting for pending navigations. Status: ok
[1779850089.103][INFO]: [6d6a54ac6a81f45fc5bf60d2fceca1fa] RESPONSE IsElementSelected false
[1779850089.123][INFO]: [6d6a54ac6a81f45fc5bf60d2fceca1fa] COMMAND ClickElement {
   "id": "2830a42b-b4c5-464f-92a4-0f671dc6694f"
}
[1779850089.123][INFO]: Waiting for pending navigations...
[1779850089.123][DEBUG]: DevTools WebSocket Command: Runtime.evaluate (id=1003) 0EA677E6C4FBD9738A81F51BE053F03D {
   "expression": "1"
}
[1779850089.124][DEBUG]: DevTools WebSocket Response: Runtime.evaluate (id=1003) 0EA677E6C4FBD9738A81F51BE053F03D {
   "result": {
      "description": "1",
      "type": "number",
      "value": 1
   }
}
[1779850089.124][INFO]: Done waiting for pending navigations. Status: ok
[1779850089.124][DEBUG]: DevTools WebSocket Command: Runtime.evaluate (id=1004) 0EA677E6C4FBD9738A81F51BE053F03D {
   "awaitPromise": true,
   "expression": "(function() { // Copyright (c) 2012 The Chromium Authors. All rights reserved.\n// Use of this source code is governed by a BSD-style license that can be\n// found in the LICENSE file.\n\n/**\n * Enum f...",
   "returnByValue": true
}
[1779850089.126][DEBUG]: DevTools WebSocket Response: Runtime.evaluate (id=1004) 0EA677E6C4FBD9738A81F51BE053F03D {
   "result": {
      "type": "object",
      "value": {
         "status": 0,
         "value": "option"
      }
   }
}
[1779850089.127][DEBUG]: DevTools WebSocket Command: Runtime.evaluate (id=1005) 0EA677E6C4FBD9738A81F51BE053F03D {
   "awaitPromise": true,
   "expression": "(function() { // Copyright (c) 2012 The Chromium Authors. All rights reserved.\n// Use of this source code is governed by a BSD-style license that can be\n// found in the LICENSE file.\n\n/**\n * Enum f...",
   "returnByValue": true
}
[1779850089.129][DEBUG]: DevTools WebSocket Response: Runtime.evaluate (id=1005) 0EA677E6C4FBD9738A81F51BE053F03D {
   "result": {
      "type": "object",
      "value": {
         "status": 0,
         "value": false
      }
   }
}
[1779850089.132][DEBUG]: DevTools WebSocket Command: Runtime.evaluate (id=1006) 0EA677E6C4FBD9738A81F51BE053F03D {
   "awaitPromise": true,
   "expression": "(function() { // Copyright (c) 2012 The Chromium Authors. All rights reserved.\n// Use of this source code is governed by a BSD-style license that can be\n// found in the LICENSE file.\n\n/**\n * Enum f...",
   "returnByValue": true
}
[1779850089.147][DEBUG]: DevTools WebSocket Response: Runtime.evaluate (id=1006) 0EA677E6C4FBD9738A81F51BE053F03D {
   "result": {
      "type": "object",
      "value": {
         "status": 0,
         "value": null
      }
   }
}
[1779850089.148][INFO]: Waiting for pending navigations...
[1779850089.148][DEBUG]: DevTools WebSocket Command: Runtime.evaluate (id=1007) 0EA677E6C4FBD9738A81F51BE053F03D {
   "expression": "1"
}
[1779850089.151][DEBUG]: DevTools WebSocket Response: Runtime.evaluate (id=1007) 0EA677E6C4FBD9738A81F51BE053F03D {
   "result": {
      "description": "1",
      "type": "number",
      "value": 1
   }
}
[1779850089.151][INFO]: Done waiting for pending navigations. Status: ok
[1779850089.151][INFO]: [6d6a54ac6a81f45fc5bf60d2fceca1fa] RESPONSE ClickElement
[1779850089.164][INFO]: [6d6a54ac6a81f45fc5bf60d2fceca1fa] COMMAND FindElement {
   "using": "css selector",
   "value": "*[name='releaseDate']"
}
[1779850089.164][INFO]: Waiting for pending navigations...
[1779850089.164][DEBUG]: DevTools WebSocket Command: Runtime.evaluate (id=1008) 0EA677E6C4FBD9738A81F51BE053F03D {
   "expression": "1"
}
[1779850089.165][DEBUG]: DevTools WebSocket Response: Runtime.evaluate (id=1008) 0EA677E6C4FBD9738A81F51BE053F03D {
   "result": {
      "description": "1",
      "type": "number",
      "value": 1
   }
}
[1779850089.165][INFO]: Done waiting for pending navigations. Status: ok
[1779850089.168][DEBUG]: DevTools WebSocket Command: Runtime.evaluate (id=1009) 0EA677E6C4FBD9738A81F51BE053F03D {
   "awaitPromise": true,
   "expression": "(function() { // Copyright (c) 2012 The Chromium Authors. All rights reserved.\n// Use of this source code is governed by a BSD-style license that can be\n// found in the LICENSE file.\n\n/**\n * Enum f...",
   "returnByValue": true
}
[1779850089.174][DEBUG]: DevTools WebSocket Response: Runtime.evaluate (id=1009) 0EA677E6C4FBD9738A81F51BE053F03D {
   "result": {
      "type": "object",
      "value": {
         "status": 0,
         "value": {
            "element-6066-11e4-a52e-4f735466cecf": "9fd7a1c1-5ea4-4af1-a95b-99ff15aadb23"
         }
      }
   }
}
[1779850089.175][INFO]: Waiting for pending navigations...
[1779850089.175][DEBUG]: DevTools WebSocket Command: Runtime.evaluate (id=1010) 0EA677E6C4FBD9738A81F51BE053F03D {
   "expression": "1"
}
[1779850089.175][DEBUG]: DevTools WebSocket Response: Runtime.evaluate (id=1010) 0EA677E6C4FBD9738A81F51BE053F03D {
   "result": {
      "description": "1",
      "type": "number",
      "value": 1
   }
}
[1779850089.175][INFO]: Done waiting for pending navigations. Status: ok
[1779850089.175][INFO]: [6d6a54ac6a81f45fc5bf60d2fceca1fa] RESPONSE FindElement {
   "element-6066-11e4-a52e-4f735466cecf": "9fd7a1c1-5ea4-4af1-a95b-99ff15aadb23"
}
[1779850089.188][INFO]: [6d6a54ac6a81f45fc5bf60d2fceca1fa] COMMAND TypeElement {
   "id": "9fd7a1c1-5ea4-4af1-a95b-99ff15aadb23",
   "text": "25/05/2026",
   "value": [ "2", "5", "/", "0", "5", "/", "2", "0", "2", "6" ]
}
[1779850089.189][INFO]: Waiting for pending navigations...
[1779850089.189][DEBUG]: DevTools WebSocket Command: Runtime.evaluate (id=1011) 0EA677E6C4FBD9738A81F51BE053F03D {
   "expression": "1"
}
[1779850089.189][DEBUG]: DevTools WebSocket Response: Runtime.evaluate (id=1011) 0EA677E6C4FBD9738A81F51BE053F03D {
   "result": {
      "description": "1",
      "type": "number",
      "value": 1
   }
}
[1779850089.189][INFO]: Done waiting for pending navigations. Status: ok
[1779850089.192][DEBUG]: DevTools WebSocket Command: Runtime.evaluate (id=1012) 0EA677E6C4FBD9738A81F51BE053F03D {
   "awaitPromise": true,
   "expression": "(function() { // Copyright (c) 2012 The Chromium Authors. All rights reserved.\n// Use of this source code is governed by a BSD-style license that can be\n// found in the LICENSE file.\n\n/**\n * Enum f...",
   "returnByValue": true
}
[1779850089.197][DEBUG]: DevTools WebSocket Response: Runtime.evaluate (id=1012) 0EA677E6C4FBD9738A81F51BE053F03D {
   "result": {
      "type": "object",
      "value": {
         "status": 0,
         "value": "INPUT"
      }
   }
}
[1779850089.199][DEBUG]: DevTools WebSocket Command: Runtime.evaluate (id=1013) 0EA677E6C4FBD9738A81F51BE053F03D {
   "awaitPromise": true,
   "expression": "(function() { // Copyright (c) 2012 The Chromium Authors. All rights reserved.\n// Use of this source code is governed by a BSD-style license that can be\n// found in the LICENSE file.\n\n/**\n * Enum f...",
   "returnByValue": true
}
[1779850089.205][DEBUG]: DevTools WebSocket Response: Runtime.evaluate (id=1013) 0EA677E6C4FBD9738A81F51BE053F03D {
   "result": {
      "type": "object",
      "value": {
         "status": 0,
         "value": "date"
      }
   }
}
[1779850089.205][DEBUG]: DevTools WebSocket Command: Runtime.evaluate (id=1014) 0EA677E6C4FBD9738A81F51BE053F03D {
   "awaitPromise": true,
   "expression": "(function() { // Copyright (c) 2012 The Chromium Authors. All rights reserved.\n// Use of this source code is governed by a BSD-style license that can be\n// found in the LICENSE file.\n\n/**\n * Enum f...",
   "returnByValue": true
}
[1779850089.207][DEBUG]: DevTools WebSocket Response: Runtime.evaluate (id=1014) 0EA677E6C4FBD9738A81F51BE053F03D {
   "result": {
      "type": "object",
      "value": {
         "status": 0,
         "value": false
      }
   }
}
[1779850089.209][DEBUG]: DevTools WebSocket Command: Runtime.evaluate (id=1015) 0EA677E6C4FBD9738A81F51BE053F03D {
   "awaitPromise": true,
   "expression": "(function() { // Copyright (c) 2012 The Chromium Authors. All rights reserved.\n// Use of this source code is governed by a BSD-style license that can be\n// found in the LICENSE file.\n\n/**\n * Enum f...",
   "returnByValue": true
}
[1779850089.211][DEBUG]: DevTools WebSocket Response: Runtime.evaluate (id=1015) 0EA677E6C4FBD9738A81F51BE053F03D {
   "result": {
      "type": "object",
      "value": {
         "status": 0,
         "value": "INPUT"
      }
   }
}
[1779850089.211][DEBUG]: DevTools WebSocket Command: Runtime.evaluate (id=1016) 0EA677E6C4FBD9738A81F51BE053F03D {
   "awaitPromise": false,
   "expression": "document.hasFocus()",
   "returnByValue": true
}
[1779850089.212][DEBUG]: DevTools WebSocket Response: Runtime.evaluate (id=1016) 0EA677E6C4FBD9738A81F51BE053F03D {
   "result": {
      "type": "boolean",
      "value": true
   }
}
[1779850089.212][DEBUG]: DevTools WebSocket Command: Runtime.evaluate (id=1017) 0EA677E6C4FBD9738A81F51BE053F03D {
   "awaitPromise": true,
   "expression": "(function() { // Copyright (c) 2012 The Chromium Authors. All rights reserved.\n// Use of this source code is governed by a BSD-style license that can be\n// found in the LICENSE file.\n\n/**\n * Enum f...",
   "returnByValue": true
}
[1779850089.213][DEBUG]: DevTools WebSocket Response: Runtime.evaluate (id=1017) 0EA677E6C4FBD9738A81F51BE053F03D {
   "result": {
      "type": "object",
      "value": {
         "status": 0,
         "value": {
            "element-6066-11e4-a52e-4f735466cecf": "6a2c49c6-a100-45ad-a4f6-71ee3794acf0"
         }
      }
   }
}
[1779850089.216][DEBUG]: DevTools WebSocket Command: Runtime.evaluate (id=1018) 0EA677E6C4FBD9738A81F51BE053F03D {
   "awaitPromise": true,
   "expression": "(function() { // Copyright (c) 2012 The Chromium Authors. All rights reserved.\n// Use of this source code is governed by a BSD-style license that can be\n// found in the LICENSE file.\n\n/**\n * Enum f...",
   "returnByValue": true
}
[1779850089.223][DEBUG]: DevTools WebSocket Response: Runtime.evaluate (id=1018) 0EA677E6C4FBD9738A81F51BE053F03D {
   "result": {
      "type": "object",
      "value": {
         "status": 0,
         "value": true
      }
   }
}
[1779850089.224][DEBUG]: DevTools WebSocket Command: Runtime.evaluate (id=1019) 0EA677E6C4FBD9738A81F51BE053F03D {
   "awaitPromise": true,
   "expression": "(function() { // Copyright (c) 2012 The Chromium Authors. All rights reserved.\n// Use of this source code is governed by a BSD-style license that can be\n// found in the LICENSE file.\n\n/**\n * Enum f...",
   "returnByValue": true
}
[1779850089.229][DEBUG]: DevTools WebSocket Response: Runtime.evaluate (id=1019) 0EA677E6C4FBD9738A81F51BE053F03D {
   "result": {
      "type": "object",
      "value": {
         "status": 0,
         "value": true
      }
   }
}
[1779850089.229][DEBUG]: DevTools WebSocket Command: Runtime.evaluate (id=1020) 0EA677E6C4FBD9738A81F51BE053F03D {
   "awaitPromise": true,
   "expression": "(function() { // Copyright (c) 2012 The Chromium Authors. All rights reserved.\n// Use of this source code is governed by a BSD-style license that can be\n// found in the LICENSE file.\n\n/**\n * Enum f...",
   "returnByValue": true
}
[1779850089.233][DEBUG]: DevTools WebSocket Response: Runtime.evaluate (id=1020) 0EA677E6C4FBD9738A81F51BE053F03D {
   "result": {
      "type": "object",
      "value": {
         "status": 0,
         "value": null
      }
   }
}
[1779850089.233][DEBUG]: DevTools WebSocket Command: Input.dispatchKeyEvent (id=1021) 0EA677E6C4FBD9738A81F51BE053F03D {
   "code": "Digit2",
   "key": "2",
   "modifiers": 0,
   "text": "2",
   "type": "rawKeyDown",
   "unmodifiedText": "2",
   "windowsVirtualKeyCode": 50
}
[1779850089.234][DEBUG]: DevTools WebSocket Command: Input.dispatchKeyEvent (id=1022) 0EA677E6C4FBD9738A81F51BE053F03D {
   "code": "Digit2",
   "key": "2",
   "modifiers": 0,
   "text": "2",
   "type": "char",
   "unmodifiedText": "2",
   "windowsVirtualKeyCode": 50
}
[1779850089.234][DEBUG]: DevTools WebSocket Command: Input.dispatchKeyEvent (id=1023) 0EA677E6C4FBD9738A81F51BE053F03D {
   "code": "Digit2",
   "key": "2",
   "modifiers": 0,
   "text": "2",
   "type": "keyUp",
   "unmodifiedText": "2",
   "windowsVirtualKeyCode": 50
}
[1779850089.234][DEBUG]: DevTools WebSocket Command: Input.dispatchKeyEvent (id=1024) 0EA677E6C4FBD9738A81F51BE053F03D {
   "code": "Digit5",
   "key": "5",
   "modifiers": 0,
   "text": "5",
   "type": "rawKeyDown",
   "unmodifiedText": "5",
   "windowsVirtualKeyCode": 53
}
[1779850089.234][DEBUG]: DevTools WebSocket Command: Input.dispatchKeyEvent (id=1025) 0EA677E6C4FBD9738A81F51BE053F03D {
   "code": "Digit5",
   "key": "5",
   "modifiers": 0,
   "text": "5",
   "type": "char",
   "unmodifiedText": "5",
   "windowsVirtualKeyCode": 53
}
[1779850089.234][DEBUG]: DevTools WebSocket Command: Input.dispatchKeyEvent (id=1026) 0EA677E6C4FBD9738A81F51BE053F03D {
   "code": "Digit5",
   "key": "5",
   "modifiers": 0,
   "text": "5",
   "type": "keyUp",
   "unmodifiedText": "5",
   "windowsVirtualKeyCode": 53
}
[1779850089.235][DEBUG]: DevTools WebSocket Command: Input.dispatchKeyEvent (id=1027) 0EA677E6C4FBD9738A81F51BE053F03D {
   "code": "Slash",
   "key": "/",
   "modifiers": 0,
   "text": "/",
   "type": "rawKeyDown",
   "unmodifiedText": "/",
   "windowsVirtualKeyCode": 191
}
[1779850089.235][DEBUG]: DevTools WebSocket Command: Input.dispatchKeyEvent (id=1028) 0EA677E6C4FBD9738A81F51BE053F03D {
   "code": "Slash",
   "key": "/",
   "modifiers": 0,
   "text": "/",
   "type": "char",
   "unmodifiedText": "/",
   "windowsVirtualKeyCode": 191
}
[1779850089.235][DEBUG]: DevTools WebSocket Command: Input.dispatchKeyEvent (id=1029) 0EA677E6C4FBD9738A81F51BE053F03D {
   "code": "Slash",
   "key": "/",
   "modifiers": 0,
   "text": "/",
   "type": "keyUp",
   "unmodifiedText": "/",
   "windowsVirtualKeyCode": 191
}
[1779850089.236][DEBUG]: DevTools WebSocket Command: Input.dispatchKeyEvent (id=1030) 0EA677E6C4FBD9738A81F51BE053F03D {
   "code": "Digit0",
   "key": "0",
   "modifiers": 0,
   "text": "0",
   "type": "rawKeyDown",
   "unmodifiedText": "0",
   "windowsVirtualKeyCode": 48
}
[1779850089.237][DEBUG]: DevTools WebSocket Command: Input.dispatchKeyEvent (id=1031) 0EA677E6C4FBD9738A81F51BE053F03D {
   "code": "Digit0",
   "key": "0",
   "modifiers": 0,
   "text": "0",
   "type": "char",
   "unmodifiedText": "0",
   "windowsVirtualKeyCode": 48
}
[1779850089.238][DEBUG]: DevTools WebSocket Command: Input.dispatchKeyEvent (id=1032) 0EA677E6C4FBD9738A81F51BE053F03D {
   "code": "Digit0",
   "key": "0",
   "modifiers": 0,
   "text": "0",
   "type": "keyUp",
   "unmodifiedText": "0",
   "windowsVirtualKeyCode": 48
}
[1779850089.238][DEBUG]: DevTools WebSocket Command: Input.dispatchKeyEvent (id=1033) 0EA677E6C4FBD9738A81F51BE053F03D {
   "code": "Digit5",
   "key": "5",
   "modifiers": 0,
   "text": "5",
   "type": "rawKeyDown",
   "unmodifiedText": "5",
   "windowsVirtualKeyCode": 53
}
[1779850089.238][DEBUG]: DevTools WebSocket Command: Input.dispatchKeyEvent (id=1034) 0EA677E6C4FBD9738A81F51BE053F03D {
   "code": "Digit5",
   "key": "5",
   "modifiers": 0,
   "text": "5",
   "type": "char",
   "unmodifiedText": "5",
   "windowsVirtualKeyCode": 53
}
[1779850089.238][DEBUG]: DevTools WebSocket Command: Input.dispatchKeyEvent (id=1035) 0EA677E6C4FBD9738A81F51BE053F03D {
   "code": "Digit5",
   "key": "5",
   "modifiers": 0,
   "text": "5",
   "type": "keyUp",
   "unmodifiedText": "5",
   "windowsVirtualKeyCode": 53
}
[1779850089.238][DEBUG]: DevTools WebSocket Command: Input.dispatchKeyEvent (id=1036) 0EA677E6C4FBD9738A81F51BE053F03D {
   "code": "Slash",
   "key": "/",
   "modifiers": 0,
   "text": "/",
   "type": "rawKeyDown",
   "unmodifiedText": "/",
   "windowsVirtualKeyCode": 191
}
[1779850089.238][DEBUG]: DevTools WebSocket Command: Input.dispatchKeyEvent (id=1037) 0EA677E6C4FBD9738A81F51BE053F03D {
   "code": "Slash",
   "key": "/",
   "modifiers": 0,
   "text": "/",
   "type": "char",
   "unmodifiedText": "/",
   "windowsVirtualKeyCode": 191
}
[1779850089.239][DEBUG]: DevTools WebSocket Command: Input.dispatchKeyEvent (id=1038) 0EA677E6C4FBD9738A81F51BE053F03D {
   "code": "Slash",
   "key": "/",
   "modifiers": 0,
   "text": "/",
   "type": "keyUp",
   "unmodifiedText": "/",
   "windowsVirtualKeyCode": 191
}
[1779850089.239][DEBUG]: DevTools WebSocket Command: Input.dispatchKeyEvent (id=1039) 0EA677E6C4FBD9738A81F51BE053F03D {
   "code": "Digit2",
   "key": "2",
   "modifiers": 0,
   "text": "2",
   "type": "rawKeyDown",
   "unmodifiedText": "2",
   "windowsVirtualKeyCode": 50
}
[1779850089.239][DEBUG]: DevTools WebSocket Command: Input.dispatchKeyEvent (id=1040) 0EA677E6C4FBD9738A81F51BE053F03D {
   "code": "Digit2",
   "key": "2",
   "modifiers": 0,
   "text": "2",
   "type": "char",
   "unmodifiedText": "2",
   "windowsVirtualKeyCode": 50
}
[1779850089.239][DEBUG]: DevTools WebSocket Command: Input.dispatchKeyEvent (id=1041) 0EA677E6C4FBD9738A81F51BE053F03D {
   "code": "Digit2",
   "key": "2",
   "modifiers": 0,
   "text": "2",
   "type": "keyUp",
   "unmodifiedText": "2",
   "windowsVirtualKeyCode": 50
}
[1779850089.239][DEBUG]: DevTools WebSocket Command: Input.dispatchKeyEvent (id=1042) 0EA677E6C4FBD9738A81F51BE053F03D {
   "code": "Digit0",
   "key": "0",
   "modifiers": 0,
   "text": "0",
   "type": "rawKeyDown",
   "unmodifiedText": "0",
   "windowsVirtualKeyCode": 48
}
[1779850089.239][DEBUG]: DevTools WebSocket Command: Input.dispatchKeyEvent (id=1043) 0EA677E6C4FBD9738A81F51BE053F03D {
   "code": "Digit0",
   "key": "0",
   "modifiers": 0,
   "text": "0",
   "type": "char",
   "unmodifiedText": "0",
   "windowsVirtualKeyCode": 48
}
[1779850089.240][DEBUG]: DevTools WebSocket Command: Input.dispatchKeyEvent (id=1044) 0EA677E6C4FBD9738A81F51BE053F03D {
   "code": "Digit0",
   "key": "0",
   "modifiers": 0,
   "text": "0",
   "type": "keyUp",
   "unmodifiedText": "0",
   "windowsVirtualKeyCode": 48
}
[1779850089.240][DEBUG]: DevTools WebSocket Command: Input.dispatchKeyEvent (id=1045) 0EA677E6C4FBD9738A81F51BE053F03D {
   "code": "Digit2",
   "key": "2",
   "modifiers": 0,
   "text": "2",
   "type": "rawKeyDown",
   "unmodifiedText": "2",
   "windowsVirtualKeyCode": 50
}
[1779850089.240][DEBUG]: DevTools WebSocket Command: Input.dispatchKeyEvent (id=1046) 0EA677E6C4FBD9738A81F51BE053F03D {
   "code": "Digit2",
   "key": "2",
   "modifiers": 0,
   "text": "2",
   "type": "char",
   "unmodifiedText": "2",
   "windowsVirtualKeyCode": 50
}
[1779850089.240][DEBUG]: DevTools WebSocket Command: Input.dispatchKeyEvent (id=1047) 0EA677E6C4FBD9738A81F51BE053F03D {
   "code": "Digit2",
   "key": "2",
   "modifiers": 0,
   "text": "2",
   "type": "keyUp",
   "unmodifiedText": "2",
   "windowsVirtualKeyCode": 50
}
[1779850089.240][DEBUG]: DevTools WebSocket Command: Input.dispatchKeyEvent (id=1048) 0EA677E6C4FBD9738A81F51BE053F03D {
   "code": "Digit6",
   "key": "6",
   "modifiers": 0,
   "text": "6",
   "type": "rawKeyDown",
   "unmodifiedText": "6",
   "windowsVirtualKeyCode": 54
}
[1779850089.240][DEBUG]: DevTools WebSocket Command: Input.dispatchKeyEvent (id=1049) 0EA677E6C4FBD9738A81F51BE053F03D {
   "code": "Digit6",
   "key": "6",
   "modifiers": 0,
   "text": "6",
   "type": "char",
   "unmodifiedText": "6",
   "windowsVirtualKeyCode": 54
}
[1779850089.240][DEBUG]: DevTools WebSocket Command: Input.dispatchKeyEvent (id=1050) 0EA677E6C4FBD9738A81F51BE053F03D {
   "code": "Digit6",
   "key": "6",
   "modifiers": 0,
   "text": "6",
   "type": "keyUp",
   "unmodifiedText": "6",
   "windowsVirtualKeyCode": 54
}
[1779850089.241][DEBUG]: DevTools WebSocket Response: Input.dispatchKeyEvent (id=1021) 0EA677E6C4FBD9738A81F51BE053F03D {

}
[1779850089.245][DEBUG]: DevTools WebSocket Response: Input.dispatchKeyEvent (id=1022) 0EA677E6C4FBD9738A81F51BE053F03D {

}
[1779850089.245][DEBUG]: DevTools WebSocket Response: Input.dispatchKeyEvent (id=1023) 0EA677E6C4FBD9738A81F51BE053F03D {

}
[1779850089.245][DEBUG]: DevTools WebSocket Response: Input.dispatchKeyEvent (id=1024) 0EA677E6C4FBD9738A81F51BE053F03D {

}
[1779850089.245][DEBUG]: DevTools WebSocket Response: Input.dispatchKeyEvent (id=1025) 0EA677E6C4FBD9738A81F51BE053F03D {

}
[1779850089.245][DEBUG]: DevTools WebSocket Response: Input.dispatchKeyEvent (id=1026) 0EA677E6C4FBD9738A81F51BE053F03D {

}
[1779850089.245][DEBUG]: DevTools WebSocket Response: Input.dispatchKeyEvent (id=1027) 0EA677E6C4FBD9738A81F51BE053F03D {

}
[1779850089.245][DEBUG]: DevTools WebSocket Response: Input.dispatchKeyEvent (id=1028) 0EA677E6C4FBD9738A81F51BE053F03D {

}
[1779850089.245][DEBUG]: DevTools WebSocket Response: Input.dispatchKeyEvent (id=1029) 0EA677E6C4FBD9738A81F51BE053F03D {

}
[1779850089.245][DEBUG]: DevTools WebSocket Response: Input.dispatchKeyEvent (id=1030) 0EA677E6C4FBD9738A81F51BE053F03D {

}
[1779850089.245][DEBUG]: DevTools WebSocket Response: Input.dispatchKeyEvent (id=1031) 0EA677E6C4FBD9738A81F51BE053F03D {

}
[1779850089.246][DEBUG]: DevTools WebSocket Response: Input.dispatchKeyEvent (id=1032) 0EA677E6C4FBD9738A81F51BE053F03D {

}
[1779850089.246][DEBUG]: DevTools WebSocket Response: Input.dispatchKeyEvent (id=1033) 0EA677E6C4FBD9738A81F51BE053F03D {

}
[1779850089.247][DEBUG]: DevTools WebSocket Response: Input.dispatchKeyEvent (id=1034) 0EA677E6C4FBD9738A81F51BE053F03D {

}
[1779850089.248][DEBUG]: DevTools WebSocket Response: Input.dispatchKeyEvent (id=1035) 0EA677E6C4FBD9738A81F51BE053F03D {

}
[1779850089.248][DEBUG]: DevTools WebSocket Response: Input.dispatchKeyEvent (id=1036) 0EA677E6C4FBD9738A81F51BE053F03D {

}
[1779850089.248][DEBUG]: DevTools WebSocket Response: Input.dispatchKeyEvent (id=1037) 0EA677E6C4FBD9738A81F51BE053F03D {

}
[1779850089.248][DEBUG]: DevTools WebSocket Response: Input.dispatchKeyEvent (id=1038) 0EA677E6C4FBD9738A81F51BE053F03D {

}
[1779850089.248][DEBUG]: DevTools WebSocket Response: Input.dispatchKeyEvent (id=1039) 0EA677E6C4FBD9738A81F51BE053F03D {

}
[1779850089.249][DEBUG]: DevTools WebSocket Response: Input.dispatchKeyEvent (id=1040) 0EA677E6C4FBD9738A81F51BE053F03D {

}
[1779850089.250][DEBUG]: DevTools WebSocket Response: Input.dispatchKeyEvent (id=1041) 0EA677E6C4FBD9738A81F51BE053F03D {

}
[1779850089.250][DEBUG]: DevTools WebSocket Response: Input.dispatchKeyEvent (id=1042) 0EA677E6C4FBD9738A81F51BE053F03D {

}
[1779850089.251][DEBUG]: DevTools WebSocket Response: Input.dispatchKeyEvent (id=1043) 0EA677E6C4FBD9738A81F51BE053F03D {

}
[1779850089.252][DEBUG]: DevTools WebSocket Response: Input.dispatchKeyEvent (id=1044) 0EA677E6C4FBD9738A81F51BE053F03D {

}
[1779850089.252][DEBUG]: DevTools WebSocket Response: Input.dispatchKeyEvent (id=1045) 0EA677E6C4FBD9738A81F51BE053F03D {

}
[1779850089.253][DEBUG]: DevTools WebSocket Response: Input.dispatchKeyEvent (id=1046) 0EA677E6C4FBD9738A81F51BE053F03D {

}
[1779850089.254][DEBUG]: DevTools WebSocket Response: Input.dispatchKeyEvent (id=1047) 0EA677E6C4FBD9738A81F51BE053F03D {

}
[1779850089.254][DEBUG]: DevTools WebSocket Response: Input.dispatchKeyEvent (id=1048) 0EA677E6C4FBD9738A81F51BE053F03D {

}
[1779850089.256][DEBUG]: DevTools WebSocket Response: Input.dispatchKeyEvent (id=1049) 0EA677E6C4FBD9738A81F51BE053F03D {

}
[1779850089.256][DEBUG]: DevTools WebSocket Response: Input.dispatchKeyEvent (id=1050) 0EA677E6C4FBD9738A81F51BE053F03D {

}
[1779850089.256][INFO]: Waiting for pending navigations...
[1779850089.256][DEBUG]: DevTools WebSocket Command: Runtime.evaluate (id=1051) 0EA677E6C4FBD9738A81F51BE053F03D {
   "expression": "1"
}
[1779850089.258][DEBUG]: DevTools WebSocket Response: Runtime.evaluate (id=1051) 0EA677E6C4FBD9738A81F51BE053F03D {
   "result": {
      "description": "1",
      "type": "number",
      "value": 1
   }
}
[1779850089.258][INFO]: Done waiting for pending navigations. Status: ok
[1779850089.258][INFO]: [6d6a54ac6a81f45fc5bf60d2fceca1fa] RESPONSE TypeElement
[1779850089.271][INFO]: [6d6a54ac6a81f45fc5bf60d2fceca1fa] COMMAND ClickElement {
   "id": "515cdd41-40ca-424b-930d-4984a8b16e10"
}
[1779850089.271][INFO]: Waiting for pending navigations...
[1779850089.271][DEBUG]: DevTools WebSocket Command: Runtime.evaluate (id=1052) 0EA677E6C4FBD9738A81F51BE053F03D {
   "expression": "1"
}
[1779850089.273][DEBUG]: DevTools WebSocket Response: Runtime.evaluate (id=1052) 0EA677E6C4FBD9738A81F51BE053F03D {
   "result": {
      "description": "1",
      "type": "number",
      "value": 1
   }
}
[1779850089.273][INFO]: Done waiting for pending navigations. Status: ok
[1779850089.274][DEBUG]: DevTools WebSocket Command: Runtime.evaluate (id=1053) 0EA677E6C4FBD9738A81F51BE053F03D {
   "awaitPromise": true,
   "expression": "(function() { // Copyright (c) 2012 The Chromium Authors. All rights reserved.\n// Use of this source code is governed by a BSD-style license that can be\n// found in the LICENSE file.\n\n/**\n * Enum f...",
   "returnByValue": true
}
[1779850089.275][DEBUG]: DevTools WebSocket Response: Runtime.evaluate (id=1053) 0EA677E6C4FBD9738A81F51BE053F03D {
   "result": {
      "type": "object",
      "value": {
         "status": 0,
         "value": "button"
      }
   }
}
[1779850089.275][DEBUG]: DevTools WebSocket Command: Runtime.evaluate (id=1054) 0EA677E6C4FBD9738A81F51BE053F03D {
   "awaitPromise": true,
   "expression": "(function() { // Copyright (c) 2012 The Chromium Authors. All rights reserved.\n// Use of this source code is governed by a BSD-style license that can be\n// found in the LICENSE file.\n\n/**\n * Enum f...",
   "returnByValue": true
}
[1779850089.276][DEBUG]: DevTools WebSocket Response: Runtime.evaluate (id=1054) 0EA677E6C4FBD9738A81F51BE053F03D {
   "result": {
      "type": "object",
      "value": {
         "status": 0,
         "value": "button"
      }
   }
}
[1779850089.278][DEBUG]: DevTools WebSocket Command: Runtime.evaluate (id=1055) 0EA677E6C4FBD9738A81F51BE053F03D {
   "awaitPromise": true,
   "expression": "(function() { // Copyright (c) 2012 The Chromium Authors. All rights reserved.\n// Use of this source code is governed by a BSD-style license that can be\n// found in the LICENSE file.\n\n/**\n * Enum f...",
   "returnByValue": true
}
[1779850089.282][DEBUG]: DevTools WebSocket Response: Runtime.evaluate (id=1055) 0EA677E6C4FBD9738A81F51BE053F03D {
   "result": {
      "type": "object",
      "value": {
         "status": 0,
         "value": true
      }
   }
}
[1779850089.282][DEBUG]: DevTools WebSocket Command: Runtime.evaluate (id=1056) 0EA677E6C4FBD9738A81F51BE053F03D {
   "awaitPromise": true,
   "expression": "(function() { // Copyright (c) 2012 The Chromium Authors. All rights reserved.\n// Use of this source code is governed by a BSD-style license that can be\n// found in the LICENSE file.\n\n/**\n * Enum f...",
   "returnByValue": true
}
[1779850089.284][DEBUG]: DevTools WebSocket Response: Runtime.evaluate (id=1056) 0EA677E6C4FBD9738A81F51BE053F03D {
   "result": {
      "type": "object",
      "value": {
         "status": 0,
         "value": {
            "height": 28,
            "left": 0,
            "top": 0,
            "width": 109.171875
         }
      }
   }
}
[1779850089.285][DEBUG]: DevTools WebSocket Command: Runtime.evaluate (id=1057) 0EA677E6C4FBD9738A81F51BE053F03D {
   "awaitPromise": true,
   "expression": "(function() { // Copyright (c) 2012 The Chromium Authors. All rights reserved.\n// Use of this source code is governed by a BSD-style license that can be\n// found in the LICENSE file.\n\n/**\n * Enum f...",
   "returnByValue": true
}
[1779850089.289][DEBUG]: DevTools WebSocket Response: Runtime.evaluate (id=1057) 0EA677E6C4FBD9738A81F51BE053F03D {
   "result": {
      "type": "object",
      "value": {
         "status": 0,
         "value": {
            "ceil": {

            },
            "clone": {

            },
            "floor": {

            },
            "round": {

            },
            "scale": {

            },
            "translate": {

            },
            "x": 782,
            "y": 718.5
         }
      }
   }
}
[1779850089.290][DEBUG]: DevTools WebSocket Command: Runtime.evaluate (id=1058) 0EA677E6C4FBD9738A81F51BE053F03D {
   "awaitPromise": true,
   "expression": "(function() { // Copyright (c) 2012 The Chromium Authors. All rights reserved.\n// Use of this source code is governed by a BSD-style license that can be\n// found in the LICENSE file.\n\n/**\n * Enum f...",
   "returnByValue": true
}
[1779850089.292][DEBUG]: DevTools WebSocket Response: Runtime.evaluate (id=1058) 0EA677E6C4FBD9738A81F51BE053F03D {
   "result": {
      "type": "object",
      "value": {
         "status": 0,
         "value": {
            "clickable": true
         }
      }
   }
}
[1779850089.293][DEBUG]: DevTools WebSocket Command: Input.dispatchMouseEvent (id=1059) 0EA677E6C4FBD9738A81F51BE053F03D {
   "button": "none",
   "buttons": 0,
   "clickCount": 0,
   "force": 0.0,
   "modifiers": 0,
   "pointerType": "mouse",
   "tangentialPressure": 0.0,
   "tiltX": 0,
   "tiltY": 0,
   "twist": 0,
   "type": "mouseMoved",
   "x": 836,
   "y": 732
}
[1779850089.293][DEBUG]: DevTools WebSocket Command: Input.dispatchMouseEvent (id=1060) 0EA677E6C4FBD9738A81F51BE053F03D {
   "button": "left",
   "buttons": 0,
   "clickCount": 1,
   "force": 0.0,
   "modifiers": 0,
   "pointerType": "mouse",
   "tangentialPressure": 0.0,
   "tiltX": 0,
   "tiltY": 0,
   "twist": 0,
   "type": "mousePressed",
   "x": 836,
   "y": 732
}
[1779850089.293][DEBUG]: DevTools WebSocket Command: Input.dispatchMouseEvent (id=1061) 0EA677E6C4FBD9738A81F51BE053F03D {
   "button": "left",
   "buttons": 1,
   "clickCount": 1,
   "force": 0.0,
   "modifiers": 0,
   "pointerType": "mouse",
   "tangentialPressure": 0.0,
   "tiltX": 0,
   "tiltY": 0,
   "twist": 0,
   "type": "mouseReleased",
   "x": 836,
   "y": 732
}
[1779850089.294][DEBUG]: DevTools WebSocket Response: Input.dispatchMouseEvent (id=1059) 0EA677E6C4FBD9738A81F51BE053F03D {

}
[1779850089.296][DEBUG]: DevTools WebSocket Response: Input.dispatchMouseEvent (id=1060) 0EA677E6C4FBD9738A81F51BE053F03D {

}
[1779850089.296][DEBUG]: DevTools WebSocket Event: Page.javascriptDialogOpening 0EA677E6C4FBD9738A81F51BE053F03D {
   "defaultPrompt": "",
   "hasBrowserHandler": true,
   "message": "Video Posted Successfully!",
   "type": "alert",
   "url": "https://xflix-qa.vercel.app/"
}
[1779850089.296][DEBUG]: DevTools WebSocket Command: Inspector.enable (id=1062) 0EA677E6C4FBD9738A81F51BE053F03D {
   "purpose": "detect if alert blocked any cmds"
}
[1779850089.298][DEBUG]: DevTools WebSocket Response: Inspector.enable (id=1062) 0EA677E6C4FBD9738A81F51BE053F03D {

}
[1779850089.298][INFO]: Waiting for pending navigations...
[1779850089.299][INFO]: Done waiting for pending navigations. Status: unexpected alert open: {Alert text : Video Posted Successfully!}
[1779850089.299][INFO]: [6d6a54ac6a81f45fc5bf60d2fceca1fa] RESPONSE ClickElement
[1779850089.312][INFO]: [6d6a54ac6a81f45fc5bf60d2fceca1fa] COMMAND GetAlertMessage {

}
[1779850089.312][INFO]: Waiting for pending navigations...
[1779850089.313][INFO]: Done waiting for pending navigations. Status: unexpected alert open: {Alert text : Video Posted Successfully!}
[1779850089.313][INFO]: [6d6a54ac6a81f45fc5bf60d2fceca1fa] RESPONSE GetAlertMessage "Video Posted Successfully!"
[1779850089.328][INFO]: [6d6a54ac6a81f45fc5bf60d2fceca1fa] COMMAND GetAlertMessage {

}
[1779850089.328][INFO]: Waiting for pending navigations...
[1779850089.328][INFO]: Done waiting for pending navigations. Status: unexpected alert open: {Alert text : Video Posted Successfully!}
[1779850089.328][INFO]: [6d6a54ac6a81f45fc5bf60d2fceca1fa] RESPONSE GetAlertMessage "Video Posted Successfully!"
[1779850089.347][INFO]: [6d6a54ac6a81f45fc5bf60d2fceca1fa] COMMAND DismissAlert {

}
[1779850089.347][INFO]: Waiting for pending navigations...
[1779850089.348][INFO]: Done waiting for pending navigations. Status: unexpected alert open: {Alert text : Video Posted Successfully!}
[1779850089.348][DEBUG]: DevTools WebSocket Command: Page.handleJavaScriptDialog (id=1063) 0EA677E6C4FBD9738A81F51BE053F03D {
   "accept": false,
   "promptText": ""
}
[1779850089.355][DEBUG]: DevTools WebSocket Event: Page.javascriptDialogClosed 0EA677E6C4FBD9738A81F51BE053F03D {
   "result": false,
   "userInput": ""
}
[1779850089.355][DEBUG]: DevTools WebSocket Response: Page.handleJavaScriptDialog (id=1063) 0EA677E6C4FBD9738A81F51BE053F03D {

}
[1779850089.355][INFO]: [6d6a54ac6a81f45fc5bf60d2fceca1fa] RESPONSE DismissAlert
[1779850089.370][INFO]: [6d6a54ac6a81f45fc5bf60d2fceca1fa] COMMAND Navigate {
   "url": "https://xflix-qa.vercel.app/"
}
[1779850089.370][DEBUG]: DevTools WebSocket Response: Input.dispatchMouseEvent (id=1061) 0EA677E6C4FBD9738A81F51BE053F03D {

}
[1779850089.370][INFO]: Waiting for pending navigations...
[1779850089.370][DEBUG]: DevTools WebSocket Command: Runtime.evaluate (id=1064) 0EA677E6C4FBD9738A81F51BE053F03D {
   "expression": "1"
}
[1779850089.373][DEBUG]: DevTools WebSocket Response: Runtime.evaluate (id=1064) 0EA677E6C4FBD9738A81F51BE053F03D {
   "result": {
      "description": "1",
      "type": "number",
      "value": 1
   }
}
[1779850089.373][INFO]: Done waiting for pending navigations. Status: ok
[1779850089.373][DEBUG]: DevTools WebSocket Command: Page.navigate (id=1065) 0EA677E6C4FBD9738A81F51BE053F03D {
   "url": "https://xflix-qa.vercel.app/"
}
[1779850089.388][DEBUG]: DevTools WebSocket Response: Page.navigate (id=1065) 0EA677E6C4FBD9738A81F51BE053F03D {
   "frameId": "0EA677E6C4FBD9738A81F51BE053F03D",
   "loaderId": "B44D3FE62F0946461217F8F432BF46EE"
}
[1779850089.388][DEBUG]: DevTools WebSocket Command: Runtime.evaluate (id=1066) 0EA677E6C4FBD9738A81F51BE053F03D {
   "expression": "document.URL"
}
[1779850089.400][DEBUG]: DevTools WebSocket Event: Page.frameStartedLoading 0EA677E6C4FBD9738A81F51BE053F03D {
   "frameId": "0EA677E6C4FBD9738A81F51BE053F03D"
}
[1779850089.408][DEBUG]: DevTools WebSocket Event: Runtime.executionContextsCleared 0EA677E6C4FBD9738A81F51BE053F03D {

}
[1779850089.408][DEBUG]: DevTools WebSocket Event: Page.frameNavigated 0EA677E6C4FBD9738A81F51BE053F03D {
   "frame": {
      "adFrameType": "none",
      "crossOriginIsolatedContextType": "NotIsolated",
      "domainAndRegistry": "xflix-qa.vercel.app",
      "gatedAPIFeatures": [ "SharedArrayBuffersTransferAllowed" ],
      "id": "0EA677E6C4FBD9738A81F51BE053F03D",
      "loaderId": "B44D3FE62F0946461217F8F432BF46EE",
      "mimeType": "text/html",
      "secureContextType": "Secure",
      "securityOrigin": "https://xflix-qa.vercel.app",
      "url": "https://xflix-qa.vercel.app/"
   }
}
[1779850089.408][DEBUG]: DevTools WebSocket Event: Runtime.executionContextCreated 0EA677E6C4FBD9738A81F51BE053F03D {
   "context": {
      "auxData": {
         "frameId": "0EA677E6C4FBD9738A81F51BE053F03D",
         "isDefault": true,
         "type": "default"
      },
      "id": 5,
      "name": "",
      "origin": "https://xflix-qa.vercel.app",
      "uniqueId": "9077202647908196984.-6123052954194531801"
   }
}
[1779850089.408][DEBUG]: DevTools WebSocket Event: DOM.documentUpdated 0EA677E6C4FBD9738A81F51BE053F03D {

}
[1779850089.408][DEBUG]: DevTools WebSocket Command: DOM.getDocument (id=1067) 0EA677E6C4FBD9738A81F51BE053F03D {

}
[1779850089.409][DEBUG]: DevTools WebSocket Response: Runtime.evaluate (id=1066) 0EA677E6C4FBD9738A81F51BE053F03D {
   "result": {
      "type": "string",
      "value": "https://xflix-qa.vercel.app/"
   }
}
[1779850089.409][INFO]: Waiting for pending navigations...
[1779850089.409][DEBUG]: DevTools WebSocket Command: Runtime.evaluate (id=1068) 0EA677E6C4FBD9738A81F51BE053F03D {
   "expression": "1"
}
[1779850089.412][DEBUG]: DevTools WebSocket Response: DOM.getDocument (id=1067) 0EA677E6C4FBD9738A81F51BE053F03D {
   "root": {
      "backendNodeId": 365,
      "baseURL": "https://xflix-qa.vercel.app/",
      "childNodeCount": 0,
      "children": [  ],
      "documentURL": "https://xflix-qa.vercel.app/",
      "localName": "",
      "nodeId": 41,
      "nodeName": "#document",
      "nodeType": 9,
      "nodeValue": "",
      "xmlVersion": ""
   }
}
[1779850089.413][DEBUG]: DevTools WebSocket Response: Runtime.evaluate (id=1068) 0EA677E6C4FBD9738A81F51BE053F03D {
   "result": {
      "description": "1",
      "type": "number",
      "value": 1
   }
}
[1779850089.419][DEBUG]: DevTools WebSocket Event: DOM.childNodeInserted 0EA677E6C4FBD9738A81F51BE053F03D {
   "node": {
      "backendNodeId": 366,
      "localName": "",
      "nodeId": 42,
      "nodeName": "html",
      "nodeType": 10,
      "nodeValue": "",
      "publicId": "",
      "systemId": ""
   },
   "parentNodeId": 41,
   "previousNodeId": 0
}
[1779850089.419][DEBUG]: DevTools WebSocket Event: DOM.childNodeInserted 0EA677E6C4FBD9738A81F51BE053F03D {
   "node": {
      "attributes": [ "lang", "en" ],
      "backendNodeId": 367,
      "childNodeCount": 0,
      "frameId": "0EA677E6C4FBD9738A81F51BE053F03D",
      "localName": "html",
      "nodeId": 43,
      "nodeName": "HTML",
      "nodeType": 1,
      "nodeValue": ""
   },
   "parentNodeId": 41,
   "previousNodeId": 42
}
[1779850089.419][DEBUG]: DevTools WebSocket Event: DOM.childNodeCountUpdated 0EA677E6C4FBD9738A81F51BE053F03D {
   "childNodeCount": 1,
   "nodeId": 43
}
[1779850089.419][DEBUG]: DevTools WebSocket Event: DOM.childNodeCountUpdated 0EA677E6C4FBD9738A81F51BE053F03D {
   "childNodeCount": 2,
   "nodeId": 43
}
[1779850089.419][DEBUG]: DevTools WebSocket Command: Runtime.evaluate (id=1069) 0EA677E6C4FBD9738A81F51BE053F03D {
   "expression": "1"
}
[1779850089.424][DEBUG]: DevTools WebSocket Response: Runtime.evaluate (id=1069) 0EA677E6C4FBD9738A81F51BE053F03D {
   "result": {
      "description": "1",
      "type": "number",
      "value": 1
   }
}
[1779850089.453][DEBUG]: DevTools WebSocket Event: Page.loadEventFired 0EA677E6C4FBD9738A81F51BE053F03D {
   "timestamp": 4592.513566
}
[1779850089.453][DEBUG]: DevTools WebSocket Command: Runtime.evaluate (id=1070) 0EA677E6C4FBD9738A81F51BE053F03D {
   "awaitPromise": false,
   "expression": "document.readyState",
   "returnByValue": true
}
[1779850089.453][DEBUG]: DevTools WebSocket Event: Page.frameStoppedLoading 0EA677E6C4FBD9738A81F51BE053F03D {
   "frameId": "0EA677E6C4FBD9738A81F51BE053F03D"
}
[1779850089.453][DEBUG]: DevTools WebSocket Event: DOM.documentUpdated 0EA677E6C4FBD9738A81F51BE053F03D {

}
[1779850089.453][DEBUG]: DevTools WebSocket Command: DOM.getDocument (id=1071) 0EA677E6C4FBD9738A81F51BE053F03D {

}
[1779850089.453][DEBUG]: DevTools WebSocket Event: Page.domContentEventFired 0EA677E6C4FBD9738A81F51BE053F03D {
   "timestamp": 4592.514065
}
[1779850089.490][DEBUG]: DevTools WebSocket Response: Runtime.evaluate (id=1070) 0EA677E6C4FBD9738A81F51BE053F03D {
   "result": {
      "type": "string",
      "value": "complete"
   }
}
[1779850089.490][DEBUG]: DevTools WebSocket Response: DOM.getDocument (id=1071) 0EA677E6C4FBD9738A81F51BE053F03D {
   "root": {
      "backendNodeId": 365,
      "baseURL": "https://xflix-qa.vercel.app/",
      "childNodeCount": 2,
      "children": [ {
         "backendNodeId": 366,
         "localName": "",
         "nodeId": 45,
         "nodeName": "html",
         "nodeType": 10,
         "nodeValue": "",
         "parentId": 44,
         "publicId": "",
         "systemId": ""
      }, {
         "attributes": [ "lang", "en" ],
         "backendNodeId": 367,
         "childNodeCount": 2,
         "children": [ {
            "attributes": [  ],
            "backendNodeId": 368,
            "childNodeCount": 7,
            "localName": "head",
            "nodeId": 47,
            "nodeName": "HEAD",
            "nodeType": 1,
            "nodeValue": "",
            "parentId": 46
         }, {
            "attributes": [  ],
            "backendNodeId": 369,
            "childNodeCount": 1,
            "localName": "body",
            "nodeId": 48,
            "nodeName": "BODY",
            "nodeType": 1,
            "nodeValue": "",
            "parentId": 46
         } ],
         "frameId": "0EA677E6C4FBD9738A81F51BE053F03D",
         "localName": "html",
         "nodeId": 46,
         "nodeName": "HTML",
         "nodeType": 1,
         "nodeValue": "",
         "parentId": 44
      } ],
      "documentURL": "https://xflix-qa.vercel.app/",
      "localName": "",
      "nodeId": 44,
      "nodeName": "#document",
      "nodeType": 9,
      "nodeValue": "",
      "xmlVersion": ""
   }
}
[1779850089.490][DEBUG]: DevTools WebSocket Command: Runtime.evaluate (id=1072) 0EA677E6C4FBD9738A81F51BE053F03D {
   "expression": "1"
}
[1779850089.522][DEBUG]: DevTools WebSocket Response: Runtime.evaluate (id=1072) 0EA677E6C4FBD9738A81F51BE053F03D {
   "result": {
      "description": "1",
      "type": "number",
      "value": 1
   }
}
[1779850089.523][INFO]: Done waiting for pending navigations. Status: ok
[1779850089.523][INFO]: [6d6a54ac6a81f45fc5bf60d2fceca1fa] RESPONSE Navigate
[1779850089.553][INFO]: [6d6a54ac6a81f45fc5bf60d2fceca1fa] COMMAND FindElement {
   "using": "css selector",
   "value": ".video\\-title"
}
[1779850089.553][INFO]: Waiting for pending navigations...
[1779850089.553][DEBUG]: DevTools WebSocket Command: Runtime.evaluate (id=1073) 0EA677E6C4FBD9738A81F51BE053F03D {
   "expression": "1"
}
[1779850089.554][DEBUG]: DevTools WebSocket Response: Runtime.evaluate (id=1073) 0EA677E6C4FBD9738A81F51BE053F03D {
   "result": {
      "description": "1",
      "type": "number",
      "value": 1
   }
}
[1779850089.554][INFO]: Done waiting for pending navigations. Status: ok
[1779850089.558][DEBUG]: DevTools WebSocket Command: Runtime.evaluate (id=1074) 0EA677E6C4FBD9738A81F51BE053F03D {
   "awaitPromise": true,
   "expression": "(function() { // Copyright (c) 2012 The Chromium Authors. All rights reserved.\n// Use of this source code is governed by a BSD-style license that can be\n// found in the LICENSE file.\n\n/**\n * Enum f...",
   "returnByValue": true
}
[1779850089.582][DEBUG]: DevTools WebSocket Response: Runtime.evaluate (id=1074) 0EA677E6C4FBD9738A81F51BE053F03D {
   "result": {
      "type": "object",
      "value": {
         "status": 0,
         "value": {
            "element-6066-11e4-a52e-4f735466cecf": "c74bd9da-e111-485c-b0f7-2b442518b680"
         }
      }
   }
}
[1779850089.582][INFO]: Waiting for pending navigations...
[1779850089.582][DEBUG]: DevTools WebSocket Command: Runtime.evaluate (id=1075) 0EA677E6C4FBD9738A81F51BE053F03D {
   "expression": "1"
}
[1779850089.585][DEBUG]: DevTools WebSocket Response: Runtime.evaluate (id=1075) 0EA677E6C4FBD9738A81F51BE053F03D {
   "result": {
      "description": "1",
      "type": "number",
      "value": 1
   }
}
[1779850089.585][INFO]: Done waiting for pending navigations. Status: ok
[1779850089.585][INFO]: [6d6a54ac6a81f45fc5bf60d2fceca1fa] RESPONSE FindElement {
   "element-6066-11e4-a52e-4f735466cecf": "c74bd9da-e111-485c-b0f7-2b442518b680"
}
[1779850089.604][INFO]: [6d6a54ac6a81f45fc5bf60d2fceca1fa] COMMAND ClickElement {
   "id": "c74bd9da-e111-485c-b0f7-2b442518b680"
}
[1779850089.604][INFO]: Waiting for pending navigations...
[1779850089.604][DEBUG]: DevTools WebSocket Command: Runtime.evaluate (id=1076) 0EA677E6C4FBD9738A81F51BE053F03D {
   "expression": "1"
}
[1779850089.605][DEBUG]: DevTools WebSocket Response: Runtime.evaluate (id=1076) 0EA677E6C4FBD9738A81F51BE053F03D {
   "result": {
      "description": "1",
      "type": "number",
      "value": 1
   }
}
[1779850089.605][INFO]: Done waiting for pending navigations. Status: ok
[1779850089.605][DEBUG]: DevTools WebSocket Command: Runtime.evaluate (id=1077) 0EA677E6C4FBD9738A81F51BE053F03D {
   "awaitPromise": true,
   "expression": "(function() { // Copyright (c) 2012 The Chromium Authors. All rights reserved.\n// Use of this source code is governed by a BSD-style license that can be\n// found in the LICENSE file.\n\n/**\n * Enum f...",
   "returnByValue": true
}
[1779850089.608][DEBUG]: DevTools WebSocket Response: Runtime.evaluate (id=1077) 0EA677E6C4FBD9738A81F51BE053F03D {
   "result": {
      "type": "object",
      "value": {
         "status": 0,
         "value": "p"
      }
   }
}
[1779850089.608][DEBUG]: DevTools WebSocket Command: Runtime.evaluate (id=1078) 0EA677E6C4FBD9738A81F51BE053F03D {
   "awaitPromise": true,
   "expression": "(function() { // Copyright (c) 2012 The Chromium Authors. All rights reserved.\n// Use of this source code is governed by a BSD-style license that can be\n// found in the LICENSE file.\n\n/**\n * Enum f...",
   "returnByValue": true
}
[1779850089.609][DEBUG]: DevTools WebSocket Response: Runtime.evaluate (id=1078) 0EA677E6C4FBD9738A81F51BE053F03D {
   "result": {
      "type": "object",
      "value": {
         "status": 0,
         "value": "p"
      }
   }
}
[1779850089.613][DEBUG]: DevTools WebSocket Command: Runtime.evaluate (id=1079) 0EA677E6C4FBD9738A81F51BE053F03D {
   "awaitPromise": true,
   "expression": "(function() { // Copyright (c) 2012 The Chromium Authors. All rights reserved.\n// Use of this source code is governed by a BSD-style license that can be\n// found in the LICENSE file.\n\n/**\n * Enum f...",
   "returnByValue": true
}
[1779850089.624][DEBUG]: DevTools WebSocket Response: Runtime.evaluate (id=1079) 0EA677E6C4FBD9738A81F51BE053F03D {
   "result": {
      "type": "object",
      "value": {
         "status": 0,
         "value": true
      }
   }
}
[1779850089.625][DEBUG]: DevTools WebSocket Command: Runtime.evaluate (id=1080) 0EA677E6C4FBD9738A81F51BE053F03D {
   "awaitPromise": true,
   "expression": "(function() { // Copyright (c) 2012 The Chromium Authors. All rights reserved.\n// Use of this source code is governed by a BSD-style license that can be\n// found in the LICENSE file.\n\n/**\n * Enum f...",
   "returnByValue": true
}
[1779850089.629][DEBUG]: DevTools WebSocket Response: Runtime.evaluate (id=1080) 0EA677E6C4FBD9738A81F51BE053F03D {
   "result": {
      "type": "object",
      "value": {
         "status": 0,
         "value": {
            "height": 18,
            "left": 0,
            "top": 0,
            "width": 436.25
         }
      }
   }
}
[1779850089.631][DEBUG]: DevTools WebSocket Command: Runtime.evaluate (id=1081) 0EA677E6C4FBD9738A81F51BE053F03D {
   "awaitPromise": true,
   "expression": "(function() { // Copyright (c) 2012 The Chromium Authors. All rights reserved.\n// Use of this source code is governed by a BSD-style license that can be\n// found in the LICENSE file.\n\n/**\n * Enum f...",
   "returnByValue": true
}
[1779850089.641][DEBUG]: DevTools WebSocket Response: Runtime.evaluate (id=1081) 0EA677E6C4FBD9738A81F51BE053F03D {
   "result": {
      "type": "object",
      "value": {
         "status": 0,
         "value": {
            "ceil": {

            },
            "clone": {

            },
            "floor": {

            },
            "round": {

            },
            "scale": {

            },
            "translate": {

            },
            "x": 32,
            "y": 472.390625
         }
      }
   }
}
[1779850089.643][DEBUG]: DevTools WebSocket Command: Runtime.evaluate (id=1082) 0EA677E6C4FBD9738A81F51BE053F03D {
   "awaitPromise": true,
   "expression": "(function() { // Copyright (c) 2012 The Chromium Authors. All rights reserved.\n// Use of this source code is governed by a BSD-style license that can be\n// found in the LICENSE file.\n\n/**\n * Enum f...",
   "returnByValue": true
}
[1779850089.649][DEBUG]: DevTools WebSocket Response: Runtime.evaluate (id=1082) 0EA677E6C4FBD9738A81F51BE053F03D {
   "result": {
      "type": "object",
      "value": {
         "status": 0,
         "value": {
            "clickable": true
         }
      }
   }
}
[1779850089.649][DEBUG]: DevTools WebSocket Command: Input.dispatchMouseEvent (id=1083) 0EA677E6C4FBD9738A81F51BE053F03D {
   "button": "none",
   "buttons": 0,
   "clickCount": 0,
   "force": 0.0,
   "modifiers": 0,
   "pointerType": "mouse",
   "tangentialPressure": 0.0,
   "tiltX": 0,
   "tiltY": 0,
   "twist": 0,
   "type": "mouseMoved",
   "x": 250,
   "y": 481
}
[1779850089.650][DEBUG]: DevTools WebSocket Command: Input.dispatchMouseEvent (id=1084) 0EA677E6C4FBD9738A81F51BE053F03D {
   "button": "left",
   "buttons": 0,
   "clickCount": 1,
   "force": 0.0,
   "modifiers": 0,
   "pointerType": "mouse",
   "tangentialPressure": 0.0,
   "tiltX": 0,
   "tiltY": 0,
   "twist": 0,
   "type": "mousePressed",
   "x": 250,
   "y": 481
}
[1779850089.650][DEBUG]: DevTools WebSocket Command: Input.dispatchMouseEvent (id=1085) 0EA677E6C4FBD9738A81F51BE053F03D {
   "button": "left",
   "buttons": 1,
   "clickCount": 1,
   "force": 0.0,
   "modifiers": 0,
   "pointerType": "mouse",
   "tangentialPressure": 0.0,
   "tiltX": 0,
   "tiltY": 0,
   "twist": 0,
   "type": "mouseReleased",
   "x": 250,
   "y": 481
}
[1779850089.652][DEBUG]: DevTools WebSocket Response: Input.dispatchMouseEvent (id=1083) 0EA677E6C4FBD9738A81F51BE053F03D {

}
[1779850089.654][DEBUG]: DevTools WebSocket Response: Input.dispatchMouseEvent (id=1084) 0EA677E6C4FBD9738A81F51BE053F03D {

}
[1779850089.710][DEBUG]: DevTools WebSocket Event: Page.navigatedWithinDocument 0EA677E6C4FBD9738A81F51BE053F03D {
   "frameId": "0EA677E6C4FBD9738A81F51BE053F03D",
   "url": "https://xflix-qa.vercel.app/video/60331f421f1d093ab5424475"
}
[1779850089.710][DEBUG]: DevTools WebSocket Event: Page.frameAttached 0EA677E6C4FBD9738A81F51BE053F03D {
   "frameId": "1D89103ADF0A372978C58535C2F60CAE",
   "parentFrameId": "0EA677E6C4FBD9738A81F51BE053F03D",
   "stack": {
      "callFrames": [ {
         "columnNumber": 25334,
         "functionName": "Ba",
         "lineNumber": 39,
         "scriptId": "8",
         "url": "https://xflix-qa.vercel.app/assets/index-B_VpfLt5.js"
      }, {
         "columnNumber": 25489,
         "functionName": "Ba",
         "lineNumber": 39,
         "scriptId": "8",
         "url": "https://xflix-qa.vercel.app/assets/index-B_VpfLt5.js"
      }, {
         "columnNumber": 30867,
         "functionName": "Lt",
         "lineNumber": 39,
         "scriptId": "8",
         "url": "https://xflix-qa.vercel.app/assets/index-B_VpfLt5.js"
      }, {
         "columnNumber": 27640,
         "functionName": "mp",
         "lineNumber": 39,
         "scriptId": "8",
         "url": "https://xflix-qa.vercel.app/assets/index-B_VpfLt5.js"
      }, {
         "columnNumber": 27519,
         "functionName": "vt",
         "lineNumber": 39,
         "scriptId": "8",
         "url": "https://xflix-qa.vercel.app/assets/index-B_VpfLt5.js"
      }, {
         "columnNumber": 30564,
         "functionName": "mp",
         "lineNumber": 39,
         "scriptId": "8",
         "url": "https://xflix-qa.vercel.app/assets/index-B_VpfLt5.js"
      }, {
         "columnNumber": 27519,
         "functionName": "vt",
         "lineNumber": 39,
         "scriptId": "8",
         "url": "https://xflix-qa.vercel.app/assets/index-B_VpfLt5.js"
      }, {
         "columnNumber": 27632,
         "functionName": "mp",
         "lineNumber": 39,
         "scriptId": "8",
         "url": "https://xflix-qa.vercel.app/assets/index-B_VpfLt5.js"
      }, {
         "columnNumber": 27519,
         "functionName": "vt",
         "lineNumber": 39,
         "scriptId": "8",
         "url": "https://xflix-qa.vercel.app/assets/index-B_VpfLt5.js"
      }, {
         "columnNumber": 27767,
         "functionName": "mp",
         "lineNumber": 39,
         "scriptId": "8",
         "url": "https://xflix-qa.vercel.app/assets/index-B_VpfLt5.js"
      }, {
         "columnNumber": 27519,
         "functionName": "vt",
         "lineNumber": 39,
         "scriptId": "8",
         "url": "https://xflix-qa.vercel.app/assets/index-B_VpfLt5.js"
      }, {
         "columnNumber": 27632,
         "functionName": "mp",
         "lineNumber": 39,
         "scriptId": "8",
         "url": "https://xflix-qa.vercel.app/assets/index-B_VpfLt5.js"
      }, {
         "columnNumber": 27519,
         "functionName": "vt",
         "lineNumber": 39,
         "scriptId": "8",
         "url": "https://xflix-qa.vercel.app/assets/index-B_VpfLt5.js"
      }, {
         "columnNumber": 30564,
         "functionName": "mp",
         "lineNumber": 39,
         "scriptId": "8",
         "url": "https://xflix-qa.vercel.app/assets/index-B_VpfLt5.js"
      }, {
         "columnNumber": 27519,
         "functionName": "vt",
         "lineNumber": 39,
         "scriptId": "8",
         "url": "https://xflix-qa.vercel.app/assets/index-B_VpfLt5.js"
      }, {
         "columnNumber": 30564,
         "functionName": "mp",
         "lineNumber": 39,
         "scriptId": "8",
         "url": "https://xflix-qa.vercel.app/assets/index-B_VpfLt5.js"
      }, {
         "columnNumber": 27519,
         "functionName": "vt",
         "lineNumber": 39,
         "scriptId": "8",
         "url": "https://xflix-qa.vercel.app/assets/index-B_VpfLt5.js"
      }, {
         "columnNumber": 27632,
         "functionName": "mp",
         "lineNumber": 39,
         "scriptId": "8",
         "url": "https://xflix-qa.vercel.app/assets/index-B_VpfLt5.js"
      }, {
         "columnNumber": 27519,
         "functionName": "vt",
         "lineNumber": 39,
         "scriptId": "8",
         "url": "https://xflix-qa.vercel.app/assets/index-B_VpfLt5.js"
      }, "..." ]
   }
}
[1779850089.712][DEBUG]: DevTools WebSocket Event: Page.frameStartedLoading 0EA677E6C4FBD9738A81F51BE053F03D {
   "frameId": "1D89103ADF0A372978C58535C2F60CAE"
}
[1779850089.763][DEBUG]: DevTools WebSocket Response: Input.dispatchMouseEvent (id=1085) 0EA677E6C4FBD9738A81F51BE053F03D {

}
[1779850089.763][INFO]: Waiting for pending navigations...
[1779850089.763][DEBUG]: DevTools WebSocket Command: Runtime.evaluate (id=1086) 0EA677E6C4FBD9738A81F51BE053F03D {
   "expression": "1"
}
[1779850089.773][DEBUG]: DevTools WebSocket Response: Runtime.evaluate (id=1086) 0EA677E6C4FBD9738A81F51BE053F03D {
   "result": {
      "description": "1",
      "type": "number",
      "value": 1
   }
}
[1779850089.773][INFO]: Done waiting for pending navigations. Status: ok
[1779850089.773][INFO]: [6d6a54ac6a81f45fc5bf60d2fceca1fa] RESPONSE ClickElement
[1779850089.794][INFO]: [6d6a54ac6a81f45fc5bf60d2fceca1fa] COMMAND FindElement {
   "using": "css selector",
   "value": ".btn\\-like"
}
[1779850089.794][INFO]: Waiting for pending navigations...
[1779850089.794][DEBUG]: DevTools WebSocket Command: Runtime.evaluate (id=1087) 0EA677E6C4FBD9738A81F51BE053F03D {
   "expression": "1"
}
[1779850089.795][DEBUG]: DevTools WebSocket Response: Runtime.evaluate (id=1087) 0EA677E6C4FBD9738A81F51BE053F03D {
   "result": {
      "description": "1",
      "type": "number",
      "value": 1
   }
}
[1779850089.795][INFO]: Done waiting for pending navigations. Status: ok
[1779850089.800][DEBUG]: DevTools WebSocket Command: Runtime.evaluate (id=1088) 0EA677E6C4FBD9738A81F51BE053F03D {
   "awaitPromise": true,
   "expression": "(function() { // Copyright (c) 2012 The Chromium Authors. All rights reserved.\n// Use of this source code is governed by a BSD-style license that can be\n// found in the LICENSE file.\n\n/**\n * Enum f...",
   "returnByValue": true
}
[1779850089.809][DEBUG]: DevTools WebSocket Response: Runtime.evaluate (id=1088) 0EA677E6C4FBD9738A81F51BE053F03D {
   "result": {
      "type": "object",
      "value": {
         "status": 0,
         "value": {
            "element-6066-11e4-a52e-4f735466cecf": "24a2d9e2-c0f9-4f5b-b371-c178fb99dbfa"
         }
      }
   }
}
[1779850089.809][INFO]: Waiting for pending navigations...
[1779850089.809][DEBUG]: DevTools WebSocket Command: Runtime.evaluate (id=1089) 0EA677E6C4FBD9738A81F51BE053F03D {
   "expression": "1"
}
[1779850089.810][DEBUG]: DevTools WebSocket Response: Runtime.evaluate (id=1089) 0EA677E6C4FBD9738A81F51BE053F03D {
   "result": {
      "description": "1",
      "type": "number",
      "value": 1
   }
}
[1779850089.810][INFO]: Done waiting for pending navigations. Status: ok
[1779850089.810][INFO]: [6d6a54ac6a81f45fc5bf60d2fceca1fa] RESPONSE FindElement {
   "element-6066-11e4-a52e-4f735466cecf": "24a2d9e2-c0f9-4f5b-b371-c178fb99dbfa"
}
[1779850089.822][INFO]: [6d6a54ac6a81f45fc5bf60d2fceca1fa] COMMAND GetElementText {
   "id": "24a2d9e2-c0f9-4f5b-b371-c178fb99dbfa"
}
[1779850089.822][INFO]: Waiting for pending navigations...
[1779850089.822][DEBUG]: DevTools WebSocket Command: Runtime.evaluate (id=1090) 0EA677E6C4FBD9738A81F51BE053F03D {
   "expression": "1"
}
[1779850089.823][DEBUG]: DevTools WebSocket Response: Runtime.evaluate (id=1090) 0EA677E6C4FBD9738A81F51BE053F03D {
   "result": {
      "description": "1",
      "type": "number",
      "value": 1
   }
}
[1779850089.823][INFO]: Done waiting for pending navigations. Status: ok
[1779850089.825][DEBUG]: DevTools WebSocket Command: Runtime.evaluate (id=1091) 0EA677E6C4FBD9738A81F51BE053F03D {
   "awaitPromise": true,
   "expression": "(function() { // Copyright (c) 2012 The Chromium Authors. All rights reserved.\n// Use of this source code is governed by a BSD-style license that can be\n// found in the LICENSE file.\n\n/**\n * Enum f...",
   "returnByValue": true
}
[1779850089.839][DEBUG]: DevTools WebSocket Response: Runtime.evaluate (id=1091) 0EA677E6C4FBD9738A81F51BE053F03D {
   "result": {
      "type": "object",
      "value": {
         "status": 0,
         "value": "  5"
      }
   }
}
[1779850089.839][INFO]: Waiting for pending navigations...
[1779850089.839][DEBUG]: DevTools WebSocket Command: Runtime.evaluate (id=1092) 0EA677E6C4FBD9738A81F51BE053F03D {
   "expression": "1"
}
[1779850089.840][DEBUG]: DevTools WebSocket Response: Runtime.evaluate (id=1092) 0EA677E6C4FBD9738A81F51BE053F03D {
   "result": {
      "description": "1",
      "type": "number",
      "value": 1
   }
}
[1779850089.840][INFO]: Done waiting for pending navigations. Status: ok
[1779850089.840][INFO]: [6d6a54ac6a81f45fc5bf60d2fceca1fa] RESPONSE GetElementText "  5"
[1779850089.853][INFO]: [6d6a54ac6a81f45fc5bf60d2fceca1fa] COMMAND ClickElement {
   "id": "24a2d9e2-c0f9-4f5b-b371-c178fb99dbfa"
}
[1779850089.853][INFO]: Waiting for pending navigations...
[1779850089.853][DEBUG]: DevTools WebSocket Command: Runtime.evaluate (id=1093) 0EA677E6C4FBD9738A81F51BE053F03D {
   "expression": "1"
}
[1779850089.854][DEBUG]: DevTools WebSocket Response: Runtime.evaluate (id=1093) 0EA677E6C4FBD9738A81F51BE053F03D {
   "result": {
      "description": "1",
      "type": "number",
      "value": 1
   }
}
[1779850089.854][INFO]: Done waiting for pending navigations. Status: ok
[1779850089.854][DEBUG]: DevTools WebSocket Command: Runtime.evaluate (id=1094) 0EA677E6C4FBD9738A81F51BE053F03D {
   "awaitPromise": true,
   "expression": "(function() { // Copyright (c) 2012 The Chromium Authors. All rights reserved.\n// Use of this source code is governed by a BSD-style license that can be\n// found in the LICENSE file.\n\n/**\n * Enum f...",
   "returnByValue": true
}
[1779850089.857][DEBUG]: DevTools WebSocket Response: Runtime.evaluate (id=1094) 0EA677E6C4FBD9738A81F51BE053F03D {
   "result": {
      "type": "object",
      "value": {
         "status": 0,
         "value": "button"
      }
   }
}
[1779850089.858][DEBUG]: DevTools WebSocket Command: Runtime.evaluate (id=1095) 0EA677E6C4FBD9738A81F51BE053F03D {
   "awaitPromise": true,
   "expression": "(function() { // Copyright (c) 2012 The Chromium Authors. All rights reserved.\n// Use of this source code is governed by a BSD-style license that can be\n// found in the LICENSE file.\n\n/**\n * Enum f...",
   "returnByValue": true
}
[1779850089.861][DEBUG]: DevTools WebSocket Event: Target.attachedToTarget 0EA677E6C4FBD9738A81F51BE053F03D {
   "sessionId": "0D80F8F63C5C0641FD1A866AB93CAB6F",
   "targetInfo": {
      "attached": true,
      "browserContextId": "94C21E5B409E696E7CF696F00CD36750",
      "canAccessOpener": false,
      "targetId": "1D89103ADF0A372978C58535C2F60CAE",
      "title": "",
      "type": "iframe",
      "url": ""
   },
   "waitingForDebugger": false
}
[1779850089.861][DEBUG]: DevTools WebSocket Command: Page.addScriptToEvaluateOnNewDocument (id=1) 0D80F8F63C5C0641FD1A866AB93CAB6F {
   "source": "(function () {window.cdc_adoQpoasnfa76pfcZLmcfl_Array = window.Array;window.cdc_adoQpoasnfa76pfcZLmcfl_Promise = window.Promise;window.cdc_adoQpoasnfa76pfcZLmcfl_Symbol = window.Symbol;}) ();"
}
[1779850089.861][DEBUG]: DevTools WebSocket Command: Runtime.evaluate (id=2) 0D80F8F63C5C0641FD1A866AB93CAB6F {
   "expression": "(function () {window.cdc_adoQpoasnfa76pfcZLmcfl_Array = window.Array;window.cdc_adoQpoasnfa76pfcZLmcfl_Promise = window.Promise;window.cdc_adoQpoasnfa76pfcZLmcfl_Symbol = window.Symbol;}) ();"
}
[1779850089.861][DEBUG]: DevTools WebSocket Command: DOM.getDocument (id=3) 0D80F8F63C5C0641FD1A866AB93CAB6F {

}
[1779850089.861][DEBUG]: DevTools WebSocket Command: Target.setAutoAttach (id=4) 0D80F8F63C5C0641FD1A866AB93CAB6F {
   "autoAttach": true,
   "flatten": true,
   "waitForDebuggerOnStart": false
}
[1779850089.861][DEBUG]: DevTools WebSocket Command: Page.enable (id=5) 0D80F8F63C5C0641FD1A866AB93CAB6F {

}
[1779850089.861][DEBUG]: DevTools WebSocket Command: Page.enable (id=1096) 0EA677E6C4FBD9738A81F51BE053F03D {

}
[1779850089.866][DEBUG]: DevTools WebSocket Response: Runtime.evaluate (id=1095) 0EA677E6C4FBD9738A81F51BE053F03D {
   "result": {
      "type": "object",
      "value": {
         "status": 0,
         "value": "button"
      }
   }
}
[1779850089.872][DEBUG]: DevTools WebSocket Response: Page.enable (id=1096) 0EA677E6C4FBD9738A81F51BE053F03D {

}
[1779850089.878][DEBUG]: DevTools WebSocket Response: Page.addScriptToEvaluateOnNewDocument (id=1) 0D80F8F63C5C0641FD1A866AB93CAB6F {
   "identifier": "1"
}
[1779850089.878][DEBUG]: DevTools WebSocket Response: Runtime.evaluate (id=2) 0D80F8F63C5C0641FD1A866AB93CAB6F {
   "result": {
      "type": "undefined"
   }
}
[1779850089.878][DEBUG]: DevTools WebSocket Response: DOM.getDocument (id=3) 0D80F8F63C5C0641FD1A866AB93CAB6F {
   "root": {
      "backendNodeId": 1,
      "baseURL": "https://www.youtube.com/embed/uQxg2zv_Orc",
      "childNodeCount": 0,
      "children": [  ],
      "documentURL": "https://www.youtube.com/embed/uQxg2zv_Orc",
      "localName": "",
      "nodeId": 1,
      "nodeName": "#document",
      "nodeType": 9,
      "nodeValue": "",
      "xmlVersion": ""
   }
}
[1779850089.878][DEBUG]: DevTools WebSocket Response: Target.setAutoAttach (id=4) 0D80F8F63C5C0641FD1A866AB93CAB6F {

}
[1779850089.878][DEBUG]: DevTools WebSocket Response: Page.enable (id=5) 0D80F8F63C5C0641FD1A866AB93CAB6F {

}
[1779850089.878][DEBUG]: DevTools WebSocket Command: Runtime.enable (id=6) 0D80F8F63C5C0641FD1A866AB93CAB6F {

}
[1779850089.878][DEBUG]: DevTools WebSocket Event: Page.frameStoppedLoading 0EA677E6C4FBD9738A81F51BE053F03D {
   "frameId": "1D89103ADF0A372978C58535C2F60CAE"
}
[1779850089.881][DEBUG]: DevTools WebSocket Event: Page.frameDetached 0EA677E6C4FBD9738A81F51BE053F03D {
   "frameId": "1D89103ADF0A372978C58535C2F60CAE",
   "reason": "swap"
}
[1779850089.890][DEBUG]: DevTools WebSocket Event: Runtime.executionContextCreated 0D80F8F63C5C0641FD1A866AB93CAB6F {
   "context": {
      "auxData": {
         "frameId": "1D89103ADF0A372978C58535C2F60CAE",
         "isDefault": true,
         "type": "default"
      },
      "id": 1,
      "name": "",
      "origin": "https://www.youtube.com",
      "uniqueId": "3965326077331125591.7405076699541975843"
   }
}
[1779850089.890][DEBUG]: DevTools WebSocket Response: Runtime.enable (id=6) 0D80F8F63C5C0641FD1A866AB93CAB6F {

}
[1779850089.890][DEBUG]: DevTools WebSocket Command: Page.enable (id=7) 0D80F8F63C5C0641FD1A866AB93CAB6F {

}
[1779850089.896][DEBUG]: DevTools WebSocket Event: DOM.childNodeInserted 0D80F8F63C5C0641FD1A866AB93CAB6F {
   "node": {
      "backendNodeId": 2,
      "localName": "",
      "nodeId": 2,
      "nodeName": "html",
      "nodeType": 10,
      "nodeValue": "",
      "publicId": "",
      "systemId": ""
   },
   "parentNodeId": 1,
   "previousNodeId": 0
}
[1779850089.896][DEBUG]: DevTools WebSocket Event: DOM.childNodeInserted 0D80F8F63C5C0641FD1A866AB93CAB6F {
   "node": {
      "attributes": [ "lang", "en", "dir", "ltr", "data-cast-api-enabled", "true" ],
      "backendNodeId": 3,
      "childNodeCount": 0,
      "frameId": "1D89103ADF0A372978C58535C2F60CAE",
      "localName": "html",
      "nodeId": 3,
      "nodeName": "HTML",
      "nodeType": 1,
      "nodeValue": ""
   },
   "parentNodeId": 1,
   "previousNodeId": 2
}
[1779850089.896][DEBUG]: DevTools WebSocket Event: DOM.childNodeCountUpdated 0D80F8F63C5C0641FD1A866AB93CAB6F {
   "childNodeCount": 1,
   "nodeId": 3
}
[1779850089.901][DEBUG]: DevTools WebSocket Response: Page.enable (id=7) 0D80F8F63C5C0641FD1A866AB93CAB6F {

}
[1779850089.904][DEBUG]: DevTools WebSocket Command: Runtime.evaluate (id=1097) 0EA677E6C4FBD9738A81F51BE053F03D {
   "awaitPromise": true,
   "expression": "(function() { // Copyright (c) 2012 The Chromium Authors. All rights reserved.\n// Use of this source code is governed by a BSD-style license that can be\n// found in the LICENSE file.\n\n/**\n * Enum f...",
   "returnByValue": true
}
[1779850089.914][DEBUG]: DevTools WebSocket Response: Runtime.evaluate (id=1097) 0EA677E6C4FBD9738A81F51BE053F03D {
   "result": {
      "type": "object",
      "value": {
         "status": 0,
         "value": true
      }
   }
}
[1779850089.915][DEBUG]: DevTools WebSocket Command: Runtime.evaluate (id=1098) 0EA677E6C4FBD9738A81F51BE053F03D {
   "awaitPromise": true,
   "expression": "(function() { // Copyright (c) 2012 The Chromium Authors. All rights reserved.\n// Use of this source code is governed by a BSD-style license that can be\n// found in the LICENSE file.\n\n/**\n * Enum f...",
   "returnByValue": true
}
[1779850089.926][DEBUG]: DevTools WebSocket Response: Runtime.evaluate (id=1098) 0EA677E6C4FBD9738A81F51BE053F03D {
   "result": {
      "type": "object",
      "value": {
         "status": 0,
         "value": {
            "height": 34,
            "left": 0,
            "top": 0,
            "width": 55.859375
         }
      }
   }
}
[1779850089.928][DEBUG]: DevTools WebSocket Command: Runtime.evaluate (id=1099) 0EA677E6C4FBD9738A81F51BE053F03D {
   "awaitPromise": true,
   "expression": "(function() { // Copyright (c) 2012 The Chromium Authors. All rights reserved.\n// Use of this source code is governed by a BSD-style license that can be\n// found in the LICENSE file.\n\n/**\n * Enum f...",
   "returnByValue": true
}
[1779850089.937][DEBUG]: DevTools WebSocket Response: Runtime.evaluate (id=1099) 0EA677E6C4FBD9738A81F51BE053F03D {
   "result": {
      "type": "object",
      "value": {
         "status": 0,
         "value": {
            "ceil": {

            },
            "clone": {

            },
            "floor": {

            },
            "round": {

            },
            "scale": {

            },
            "translate": {

            },
            "x": 1551.71875,
            "y": 687.1875
         }
      }
   }
}
[1779850089.939][DEBUG]: DevTools WebSocket Command: Runtime.evaluate (id=1100) 0EA677E6C4FBD9738A81F51BE053F03D {
   "awaitPromise": true,
   "expression": "(function() { // Copyright (c) 2012 The Chromium Authors. All rights reserved.\n// Use of this source code is governed by a BSD-style license that can be\n// found in the LICENSE file.\n\n/**\n * Enum f...",
   "returnByValue": true
}
[1779850089.945][DEBUG]: DevTools WebSocket Response: Runtime.evaluate (id=1100) 0EA677E6C4FBD9738A81F51BE053F03D {
   "result": {
      "type": "object",
      "value": {
         "status": 0,
         "value": {
            "clickable": true
         }
      }
   }
}
[1779850089.945][DEBUG]: DevTools WebSocket Command: Input.dispatchMouseEvent (id=1101) 0EA677E6C4FBD9738A81F51BE053F03D {
   "button": "none",
   "buttons": 0,
   "clickCount": 0,
   "force": 0.0,
   "modifiers": 0,
   "pointerType": "mouse",
   "tangentialPressure": 0.0,
   "tiltX": 0,
   "tiltY": 0,
   "twist": 0,
   "type": "mouseMoved",
   "x": 1578,
   "y": 704
}
[1779850089.945][DEBUG]: DevTools WebSocket Command: Input.dispatchMouseEvent (id=1102) 0EA677E6C4FBD9738A81F51BE053F03D {
   "button": "left",
   "buttons": 0,
   "clickCount": 1,
   "force": 0.0,
   "modifiers": 0,
   "pointerType": "mouse",
   "tangentialPressure": 0.0,
   "tiltX": 0,
   "tiltY": 0,
   "twist": 0,
   "type": "mousePressed",
   "x": 1578,
   "y": 704
}
[1779850089.946][DEBUG]: DevTools WebSocket Command: Input.dispatchMouseEvent (id=1103) 0EA677E6C4FBD9738A81F51BE053F03D {
   "button": "left",
   "buttons": 1,
   "clickCount": 1,
   "force": 0.0,
   "modifiers": 0,
   "pointerType": "mouse",
   "tangentialPressure": 0.0,
   "tiltX": 0,
   "tiltY": 0,
   "twist": 0,
   "type": "mouseReleased",
   "x": 1578,
   "y": 704
}
[1779850089.948][DEBUG]: DevTools WebSocket Response: Input.dispatchMouseEvent (id=1101) 0EA677E6C4FBD9738A81F51BE053F03D {

}
[1779850089.949][DEBUG]: DevTools WebSocket Response: Input.dispatchMouseEvent (id=1102) 0EA677E6C4FBD9738A81F51BE053F03D {

}
[1779850089.971][DEBUG]: DevTools WebSocket Response: Input.dispatchMouseEvent (id=1103) 0EA677E6C4FBD9738A81F51BE053F03D {

}
[1779850089.971][INFO]: Waiting for pending navigations...
[1779850089.971][DEBUG]: DevTools WebSocket Command: Runtime.evaluate (id=1104) 0EA677E6C4FBD9738A81F51BE053F03D {
   "expression": "1"
}
[1779850089.995][DEBUG]: DevTools WebSocket Response: Runtime.evaluate (id=1104) 0EA677E6C4FBD9738A81F51BE053F03D {
   "result": {
      "description": "1",
      "type": "number",
      "value": 1
   }
}
[1779850089.996][DEBUG]: DevTools WebSocket Command: DOM.getDocument (id=1105) 0EA677E6C4FBD9738A81F51BE053F03D {

}
[1779850089.997][DEBUG]: DevTools WebSocket Response: DOM.getDocument (id=1105) 0EA677E6C4FBD9738A81F51BE053F03D {
   "root": {
      "backendNodeId": 365,
      "baseURL": "https://xflix-qa.vercel.app/video/60331f421f1d093ab5424475",
      "childNodeCount": 2,
      "children": [ {
         "backendNodeId": 366,
         "localName": "",
         "nodeId": 50,
         "nodeName": "html",
         "nodeType": 10,
         "nodeValue": "",
         "parentId": 49,
         "publicId": "",
         "systemId": ""
      }, {
         "attributes": [ "lang", "en" ],
         "backendNodeId": 367,
         "childNodeCount": 2,
         "children": [ {
            "attributes": [  ],
            "backendNodeId": 368,
            "childNodeCount": 7,
            "localName": "head",
            "nodeId": 52,
            "nodeName": "HEAD",
            "nodeType": 1,
            "nodeValue": "",
            "parentId": 51
         }, {
            "attributes": [  ],
            "backendNodeId": 369,
            "childNodeCount": 1,
            "localName": "body",
            "nodeId": 53,
            "nodeName": "BODY",
            "nodeType": 1,
            "nodeValue": "",
            "parentId": 51
         } ],
         "frameId": "0EA677E6C4FBD9738A81F51BE053F03D",
         "localName": "html",
         "nodeId": 51,
         "nodeName": "HTML",
         "nodeType": 1,
         "nodeValue": "",
         "parentId": 49
      } ],
      "documentURL": "https://xflix-qa.vercel.app/video/60331f421f1d093ab5424475",
      "localName": "",
      "nodeId": 49,
      "nodeName": "#document",
      "nodeType": 9,
      "nodeValue": "",
      "xmlVersion": ""
   }
}
[1779850089.997][DEBUG]: DevTools WebSocket Command: Runtime.evaluate (id=1106) 0EA677E6C4FBD9738A81F51BE053F03D {
   "awaitPromise": false,
   "expression": "document.readyState",
   "returnByValue": true
}
[1779850090.024][DEBUG]: DevTools WebSocket Response: Runtime.evaluate (id=1106) 0EA677E6C4FBD9738A81F51BE053F03D {
   "result": {
      "type": "string",
      "value": "complete"
   }
}
[1779850090.024][INFO]: Done waiting for pending navigations. Status: ok
[1779850090.024][INFO]: [6d6a54ac6a81f45fc5bf60d2fceca1fa] RESPONSE ClickElement
[1779850090.041][INFO]: [6d6a54ac6a81f45fc5bf60d2fceca1fa] COMMAND GetUrl {

}
[1779850090.041][INFO]: Waiting for pending navigations...
[1779850090.041][DEBUG]: DevTools WebSocket Command: Runtime.evaluate (id=1107) 0EA677E6C4FBD9738A81F51BE053F03D {
   "expression": "1"
}
[1779850090.042][DEBUG]: DevTools WebSocket Response: Runtime.evaluate (id=1107) 0EA677E6C4FBD9738A81F51BE053F03D {
   "result": {
      "description": "1",
      "type": "number",
      "value": 1
   }
}
[1779850090.042][INFO]: Done waiting for pending navigations. Status: ok
[1779850090.043][DEBUG]: DevTools WebSocket Command: Runtime.evaluate (id=1108) 0EA677E6C4FBD9738A81F51BE053F03D {
   "awaitPromise": true,
   "expression": "(function() { // Copyright (c) 2012 The Chromium Authors. All rights reserved.\n// Use of this source code is governed by a BSD-style license that can be\n// found in the LICENSE file.\n\n/**\n * Enum f...",
   "returnByValue": true
}
[1779850090.045][DEBUG]: DevTools WebSocket Response: Runtime.evaluate (id=1108) 0EA677E6C4FBD9738A81F51BE053F03D {
   "result": {
      "type": "object",
      "value": {
         "status": 0,
         "value": "https://xflix-qa.vercel.app/video/60331f421f1d093ab5424475"
      }
   }
}
[1779850090.045][INFO]: Waiting for pending navigations...
[1779850090.045][DEBUG]: DevTools WebSocket Command: Runtime.evaluate (id=1109) 0EA677E6C4FBD9738A81F51BE053F03D {
   "expression": "1"
}
[1779850090.045][DEBUG]: DevTools WebSocket Response: Runtime.evaluate (id=1109) 0EA677E6C4FBD9738A81F51BE053F03D {
   "result": {
      "description": "1",
      "type": "number",
      "value": 1
   }
}
[1779850090.045][INFO]: Done waiting for pending navigations. Status: ok
[1779850090.045][INFO]: [6d6a54ac6a81f45fc5bf60d2fceca1fa] RESPONSE GetUrl "https://xflix-qa.vercel.app/video/60331f421f1d093ab5424475"
[1779850090.063][INFO]: [6d6a54ac6a81f45fc5bf60d2fceca1fa] COMMAND GetWindow {

}
[1779850090.063][INFO]: [6d6a54ac6a81f45fc5bf60d2fceca1fa] RESPONSE GetWindow "CDwindow-0EA677E6C4FBD9738A81F51BE053F03D"
[1779850090.076][INFO]: [6d6a54ac6a81f45fc5bf60d2fceca1fa] COMMAND NewWindow {
   "type": "tab"
}
[1779850090.076][INFO]: Waiting for pending navigations...
[1779850090.076][DEBUG]: DevTools WebSocket Command: Runtime.evaluate (id=1110) 0EA677E6C4FBD9738A81F51BE053F03D {
   "expression": "1"
}
[1779850090.079][DEBUG]: DevTools WebSocket Response: Runtime.evaluate (id=1110) 0EA677E6C4FBD9738A81F51BE053F03D {
   "result": {
      "description": "1",
      "type": "number",
      "value": 1
   }
}
[1779850090.079][INFO]: Done waiting for pending navigations. Status: ok
[1779850090.079][DEBUG]: DevTools WebSocket Command: Browser.getWindowForTarget (id=5) browser {
   "targetId": "0EA677E6C4FBD9738A81F51BE053F03D"
}
[1779850090.080][DEBUG]: DevTools WebSocket Response: Browser.getWindowForTarget (id=5) browser {
   "bounds": {
      "height": 1058,
      "left": 0,
      "top": 0,
      "width": 1920,
      "windowState": "maximized"
   },
   "windowId": 1
}
[1779850090.080][DEBUG]: DevTools WebSocket Command: Target.createTarget (id=6) browser {
   "background": true,
   "newWindow": false,
   "url": "about:blank"
}
[1779850090.089][DEBUG]: DevTools WebSocket Response: Target.createTarget (id=6) browser {
   "targetId": "B1998D97E4E855A8787FE7C6945DE1DA"
}
[1779850090.089][INFO]: Waiting for pending navigations...
[1779850090.089][DEBUG]: DevTools WebSocket Command: Runtime.evaluate (id=1111) 0EA677E6C4FBD9738A81F51BE053F03D {
   "expression": "1"
}
[1779850090.103][DEBUG]: DevTools WebSocket Response: Runtime.evaluate (id=1111) 0EA677E6C4FBD9738A81F51BE053F03D {
   "result": {
      "description": "1",
      "type": "number",
      "value": 1
   }
}
[1779850090.103][INFO]: Done waiting for pending navigations. Status: ok
[1779850090.103][INFO]: [6d6a54ac6a81f45fc5bf60d2fceca1fa] RESPONSE NewWindow {
   "handle": "CDwindow-B1998D97E4E855A8787FE7C6945DE1DA",
   "type": "tab"
}
[1779850090.118][INFO]: [6d6a54ac6a81f45fc5bf60d2fceca1fa] COMMAND SwitchToWindow {
   "handle": "CDwindow-B1998D97E4E855A8787FE7C6945DE1DA"
}
[1779850090.118][DEBUG]: DevTools HTTP Request: http://localhost:45187/json/list
[1779850090.126][DEBUG]: DevTools HTTP Response: [ {
   "description": "",
   "devtoolsFrontendUrl": "/devtools/inspector.html?ws=localhost:45187/devtools/page/B1998D97E4E855A8787FE7C6945DE1DA",
   "id": "B1998D97E4E855A8787FE7C6945DE1DA",
   "title": "about:blank",
   "type": "page",
   "url": "about:blank",
   "webSocketDebuggerUrl": "ws://localhost:45187/devtools/page/B1998D97E4E855A8787FE7C6945DE1DA"
}, {
   "description": "",
   "devtoolsFrontendUrl": "/devtools/inspector.html?ws=localhost:45187/devtools/page/0EA677E6C4FBD9738A81F51BE053F03D",
   "faviconUrl": "https://xflix-qa.vercel.app/vite.svg",
   "id": "0EA677E6C4FBD9738A81F51BE053F03D",
   "title": "XFlix",
   "type": "page",
   "url": "https://xflix-qa.vercel.app/video/60331f421f1d093ab5424475",
   "webSocketDebuggerUrl": "ws://localhost:45187/devtools/page/0EA677E6C4FBD9738A81F51BE053F03D"
}, {
   "description": "",
   "devtoolsFrontendUrl": "/devtools/inspector.html?ws=localhost:45187/devtools/page/1D89103ADF0A372978C58535C2F60CAE",
   "faviconUrl": "https://xflix-qa.vercel.app/vite.svg",
   "id": "1D89103ADF0A372978C58535C2F60CAE",
   "parentId": "0EA677E6C4FBD9738A81F51BE053F03D",
   "title": "https://www.youtube.com/embed/uQxg2zv_Orc",
   "type": "iframe",
   "url": "https://www.youtube.com/embed/uQxg2zv_Orc",
   "webSocketDebuggerUrl": "ws://localhost:45187/devtools/page/1D89103ADF0A372978C58535C2F60CAE"
} ]

[1779850090.126][DEBUG]: DevTools HTTP Request: http://localhost:45187/json/activate/B1998D97E4E855A8787FE7C6945DE1DA
[1779850090.147][DEBUG]: DevTools HTTP Response: Target activated
[1779850090.147][INFO]: [6d6a54ac6a81f45fc5bf60d2fceca1fa] RESPONSE SwitchToWindow
[1779850090.162][INFO]: [6d6a54ac6a81f45fc5bf60d2fceca1fa] COMMAND Navigate {
   "url": "https://xflix-qa.vercel.app/video/60331f421f1d093ab5424475"
}
[1779850090.163][INFO]: resolved localhost to ["127.0.0.1","::1"]
[1779850090.169][DEBUG]: DevTools WebSocket Command: Page.addScriptToEvaluateOnNewDocument (id=1) B1998D97E4E855A8787FE7C6945DE1DA {
   "source": "(function () {window.cdc_adoQpoasnfa76pfcZLmcfl_Array = window.Array;window.cdc_adoQpoasnfa76pfcZLmcfl_Promise = window.Promise;window.cdc_adoQpoasnfa76pfcZLmcfl_Symbol = window.Symbol;}) ();"
}
[1779850090.169][DEBUG]: DevTools WebSocket Command: Runtime.evaluate (id=2) B1998D97E4E855A8787FE7C6945DE1DA {
   "expression": "(function () {window.cdc_adoQpoasnfa76pfcZLmcfl_Array = window.Array;window.cdc_adoQpoasnfa76pfcZLmcfl_Promise = window.Promise;window.cdc_adoQpoasnfa76pfcZLmcfl_Symbol = window.Symbol;}) ();"
}
[1779850090.169][DEBUG]: DevTools WebSocket Command: Log.enable (id=3) B1998D97E4E855A8787FE7C6945DE1DA {

}
[1779850090.169][DEBUG]: DevTools WebSocket Command: DOM.getDocument (id=4) B1998D97E4E855A8787FE7C6945DE1DA {

}
[1779850090.169][DEBUG]: DevTools WebSocket Command: Target.setAutoAttach (id=5) B1998D97E4E855A8787FE7C6945DE1DA {
   "autoAttach": true,
   "flatten": true,
   "waitForDebuggerOnStart": false
}
[1779850090.169][DEBUG]: DevTools WebSocket Command: Page.enable (id=6) B1998D97E4E855A8787FE7C6945DE1DA {

}
[1779850090.169][DEBUG]: DevTools WebSocket Command: Page.enable (id=7) B1998D97E4E855A8787FE7C6945DE1DA {

}
[1779850090.188][DEBUG]: DevTools WebSocket Response: Page.addScriptToEvaluateOnNewDocument (id=1) B1998D97E4E855A8787FE7C6945DE1DA {
   "identifier": "1"
}
[1779850090.188][DEBUG]: DevTools WebSocket Response: Runtime.evaluate (id=2) B1998D97E4E855A8787FE7C6945DE1DA {
   "result": {
      "type": "undefined"
   }
}
[1779850090.188][DEBUG]: DevTools WebSocket Response: Log.enable (id=3) B1998D97E4E855A8787FE7C6945DE1DA {

}
[1779850090.188][DEBUG]: DevTools WebSocket Response: DOM.getDocument (id=4) B1998D97E4E855A8787FE7C6945DE1DA {
   "root": {
      "backendNodeId": 1,
      "baseURL": "about:blank",
      "childNodeCount": 1,
      "children": [ {
         "attributes": [  ],
         "backendNodeId": 2,
         "childNodeCount": 2,
         "children": [ {
            "attributes": [  ],
            "backendNodeId": 3,
            "childNodeCount": 0,
            "localName": "head",
            "nodeId": 3,
            "nodeName": "HEAD",
            "nodeType": 1,
            "nodeValue": "",
            "parentId": 2
         }, {
            "attributes": [  ],
            "backendNodeId": 4,
            "childNodeCount": 0,
            "localName": "body",
            "nodeId": 4,
            "nodeName": "BODY",
            "nodeType": 1,
            "nodeValue": "",
            "parentId": 2
         } ],
         "frameId": "B1998D97E4E855A8787FE7C6945DE1DA",
         "localName": "html",
         "nodeId": 2,
         "nodeName": "HTML",
         "nodeType": 1,
         "nodeValue": "",
         "parentId": 1
      } ],
      "documentURL": "about:blank",
      "localName": "",
      "nodeId": 1,
      "nodeName": "#document",
      "nodeType": 9,
      "nodeValue": "",
      "xmlVersion": ""
   }
}
[1779850090.188][DEBUG]: DevTools WebSocket Response: Target.setAutoAttach (id=5) B1998D97E4E855A8787FE7C6945DE1DA {

}
[1779850090.188][DEBUG]: DevTools WebSocket Response: Page.enable (id=6) B1998D97E4E855A8787FE7C6945DE1DA {

}
[1779850090.188][DEBUG]: DevTools WebSocket Response: Page.enable (id=7) B1998D97E4E855A8787FE7C6945DE1DA {

}
[1779850090.188][DEBUG]: DevTools WebSocket Command: Runtime.enable (id=8) B1998D97E4E855A8787FE7C6945DE1DA {

}
[1779850090.195][DEBUG]: DevTools WebSocket Event: Runtime.executionContextCreated B1998D97E4E855A8787FE7C6945DE1DA {
   "context": {
      "auxData": {
         "frameId": "B1998D97E4E855A8787FE7C6945DE1DA",
         "isDefault": true,
         "type": "default"
      },
      "id": 1,
      "name": "",
      "origin": "://",
      "uniqueId": "6049910820322608320.-8835081062850613940"
   }
}
[1779850090.195][DEBUG]: DevTools WebSocket Response: Runtime.enable (id=8) B1998D97E4E855A8787FE7C6945DE1DA {

}
[1779850090.195][DEBUG]: DevTools WebSocket Command: Page.enable (id=9) B1998D97E4E855A8787FE7C6945DE1DA {

}
[1779850090.198][DEBUG]: DevTools WebSocket Response: Page.enable (id=9) B1998D97E4E855A8787FE7C6945DE1DA {

}
[1779850090.198][DEBUG]: DevTools WebSocket Command: Runtime.enable (id=10) B1998D97E4E855A8787FE7C6945DE1DA {

}
[1779850090.203][DEBUG]: DevTools WebSocket Response: Runtime.enable (id=10) B1998D97E4E855A8787FE7C6945DE1DA {

}
[1779850090.203][INFO]: Waiting for pending navigations...
[1779850090.203][DEBUG]: DevTools WebSocket Command: Runtime.evaluate (id=11) B1998D97E4E855A8787FE7C6945DE1DA {
   "expression": "1"
}
[1779850090.206][DEBUG]: DevTools WebSocket Response: Runtime.evaluate (id=11) B1998D97E4E855A8787FE7C6945DE1DA {
   "result": {
      "description": "1",
      "type": "number",
      "value": 1
   }
}
[1779850090.206][DEBUG]: DevTools WebSocket Command: DOM.getDocument (id=12) B1998D97E4E855A8787FE7C6945DE1DA {

}
[1779850090.215][DEBUG]: DevTools WebSocket Response: DOM.getDocument (id=12) B1998D97E4E855A8787FE7C6945DE1DA {
   "root": {
      "backendNodeId": 1,
      "baseURL": "about:blank",
      "childNodeCount": 1,
      "children": [ {
         "attributes": [  ],
         "backendNodeId": 2,
         "childNodeCount": 2,
         "children": [ {
            "attributes": [  ],
            "backendNodeId": 3,
            "childNodeCount": 0,
            "localName": "head",
            "nodeId": 7,
            "nodeName": "HEAD",
            "nodeType": 1,
            "nodeValue": "",
            "parentId": 6
         }, {
            "attributes": [  ],
            "backendNodeId": 4,
            "childNodeCount": 0,
            "localName": "body",
            "nodeId": 8,
            "nodeName": "BODY",
            "nodeType": 1,
            "nodeValue": "",
            "parentId": 6
         } ],
         "frameId": "B1998D97E4E855A8787FE7C6945DE1DA",
         "localName": "html",
         "nodeId": 6,
         "nodeName": "HTML",
         "nodeType": 1,
         "nodeValue": "",
         "parentId": 5
      } ],
      "documentURL": "about:blank",
      "localName": "",
      "nodeId": 5,
      "nodeName": "#document",
      "nodeType": 9,
      "nodeValue": "",
      "xmlVersion": ""
   }
}
[1779850090.215][DEBUG]: DevTools WebSocket Command: Runtime.evaluate (id=13) B1998D97E4E855A8787FE7C6945DE1DA {
   "awaitPromise": false,
   "expression": "document.readyState",
   "returnByValue": true
}
[1779850090.223][DEBUG]: DevTools WebSocket Response: Runtime.evaluate (id=13) B1998D97E4E855A8787FE7C6945DE1DA {
   "result": {
      "type": "string",
      "value": "complete"
   }
}
[1779850090.223][INFO]: Done waiting for pending navigations. Status: ok
[1779850090.223][DEBUG]: DevTools WebSocket Command: Page.navigate (id=14) B1998D97E4E855A8787FE7C6945DE1DA {
   "url": "https://xflix-qa.vercel.app/video/60331f421f1d093ab5424475"
}
[1779850090.236][DEBUG]: DevTools WebSocket Response: Page.navigate (id=14) B1998D97E4E855A8787FE7C6945DE1DA {
   "frameId": "B1998D97E4E855A8787FE7C6945DE1DA",
   "loaderId": "4377F9C0308AAF238FA09103BEE59172"
}
[1779850090.236][DEBUG]: DevTools WebSocket Command: Runtime.evaluate (id=15) B1998D97E4E855A8787FE7C6945DE1DA {
   "expression": "document.URL"
}
[1779850090.246][DEBUG]: DevTools WebSocket Event: Page.frameStartedLoading B1998D97E4E855A8787FE7C6945DE1DA {
   "frameId": "B1998D97E4E855A8787FE7C6945DE1DA"
}
[1779850090.262][DEBUG]: DevTools WebSocket Event: Runtime.executionContextsCleared B1998D97E4E855A8787FE7C6945DE1DA {

}
[1779850090.262][DEBUG]: DevTools WebSocket Event: Page.frameNavigated B1998D97E4E855A8787FE7C6945DE1DA {
   "frame": {
      "adFrameType": "none",
      "crossOriginIsolatedContextType": "NotIsolated",
      "domainAndRegistry": "xflix-qa.vercel.app",
      "gatedAPIFeatures": [ "SharedArrayBuffersTransferAllowed" ],
      "id": "B1998D97E4E855A8787FE7C6945DE1DA",
      "loaderId": "4377F9C0308AAF238FA09103BEE59172",
      "mimeType": "text/html",
      "secureContextType": "Secure",
      "securityOrigin": "https://xflix-qa.vercel.app",
      "url": "https://xflix-qa.vercel.app/video/60331f421f1d093ab5424475"
   }
}
[1779850090.262][DEBUG]: DevTools WebSocket Event: Runtime.executionContextCreated B1998D97E4E855A8787FE7C6945DE1DA {
   "context": {
      "auxData": {
         "frameId": "B1998D97E4E855A8787FE7C6945DE1DA",
         "isDefault": true,
         "type": "default"
      },
      "id": 2,
      "name": "",
      "origin": "https://xflix-qa.vercel.app",
      "uniqueId": "-6619230045966978832.7422772175716030850"
   }
}
[1779850090.262][DEBUG]: DevTools WebSocket Event: DOM.documentUpdated B1998D97E4E855A8787FE7C6945DE1DA {

}
[1779850090.262][DEBUG]: DevTools WebSocket Command: DOM.getDocument (id=16) B1998D97E4E855A8787FE7C6945DE1DA {

}
[1779850090.264][DEBUG]: DevTools WebSocket Response: Runtime.evaluate (id=15) B1998D97E4E855A8787FE7C6945DE1DA {
   "result": {
      "type": "string",
      "value": "https://xflix-qa.vercel.app/video/60331f421f1d093ab5424475"
   }
}
[1779850090.264][INFO]: Waiting for pending navigations...
[1779850090.264][DEBUG]: DevTools WebSocket Command: Runtime.evaluate (id=17) B1998D97E4E855A8787FE7C6945DE1DA {
   "expression": "1"
}
[1779850090.286][DEBUG]: DevTools WebSocket Response: DOM.getDocument (id=16) B1998D97E4E855A8787FE7C6945DE1DA {
   "root": {
      "backendNodeId": 5,
      "baseURL": "https://xflix-qa.vercel.app/video/60331f421f1d093ab5424475",
      "childNodeCount": 2,
      "children": [ {
         "backendNodeId": 6,
         "localName": "",
         "nodeId": 10,
         "nodeName": "html",
         "nodeType": 10,
         "nodeValue": "",
         "parentId": 9,
         "publicId": "",
         "systemId": ""
      }, {
         "attributes": [ "lang", "en" ],
         "backendNodeId": 7,
         "childNodeCount": 2,
         "children": [ {
            "attributes": [  ],
            "backendNodeId": 8,
            "childNodeCount": 7,
            "localName": "head",
            "nodeId": 12,
            "nodeName": "HEAD",
            "nodeType": 1,
            "nodeValue": "",
            "parentId": 11
         }, {
            "attributes": [  ],
            "backendNodeId": 9,
            "childNodeCount": 1,
            "localName": "body",
            "nodeId": 13,
            "nodeName": "BODY",
            "nodeType": 1,
            "nodeValue": "",
            "parentId": 11
         } ],
         "frameId": "B1998D97E4E855A8787FE7C6945DE1DA",
         "localName": "html",
         "nodeId": 11,
         "nodeName": "HTML",
         "nodeType": 1,
         "nodeValue": "",
         "parentId": 9
      } ],
      "documentURL": "https://xflix-qa.vercel.app/video/60331f421f1d093ab5424475",
      "localName": "",
      "nodeId": 9,
      "nodeName": "#document",
      "nodeType": 9,
      "nodeValue": "",
      "xmlVersion": ""
   }
}
[1779850090.288][DEBUG]: DevTools WebSocket Response: Runtime.evaluate (id=17) B1998D97E4E855A8787FE7C6945DE1DA {
   "result": {
      "description": "1",
      "type": "number",
      "value": 1
   }
}
[1779850090.339][DEBUG]: DevTools WebSocket Event: Page.navigatedWithinDocument B1998D97E4E855A8787FE7C6945DE1DA {
   "frameId": "B1998D97E4E855A8787FE7C6945DE1DA",
   "url": "https://xflix-qa.vercel.app/video/60331f421f1d093ab5424475"
}
[1779850090.339][DEBUG]: DevTools WebSocket Event: Page.loadEventFired B1998D97E4E855A8787FE7C6945DE1DA {
   "timestamp": 4593.39917
}
[1779850090.340][DEBUG]: DevTools WebSocket Command: Runtime.evaluate (id=18) B1998D97E4E855A8787FE7C6945DE1DA {
   "awaitPromise": false,
   "expression": "document.readyState",
   "returnByValue": true
}
[1779850090.340][DEBUG]: DevTools WebSocket Event: Page.frameStoppedLoading B1998D97E4E855A8787FE7C6945DE1DA {
   "frameId": "B1998D97E4E855A8787FE7C6945DE1DA"
}
[1779850090.340][DEBUG]: DevTools WebSocket Event: DOM.documentUpdated B1998D97E4E855A8787FE7C6945DE1DA {

}
[1779850090.341][DEBUG]: DevTools WebSocket Command: DOM.getDocument (id=19) B1998D97E4E855A8787FE7C6945DE1DA {

}
[1779850090.343][DEBUG]: DevTools WebSocket Event: Page.domContentEventFired B1998D97E4E855A8787FE7C6945DE1DA {
   "timestamp": 4593.402129
}
[1779850090.343][DEBUG]: DevTools WebSocket Event: Page.frameResized B1998D97E4E855A8787FE7C6945DE1DA {

}
[1779850090.395][DEBUG]: DevTools WebSocket Event: Page.frameAttached B1998D97E4E855A8787FE7C6945DE1DA {
   "frameId": "0256F8981741AEA488148FA556BE7C35",
   "parentFrameId": "B1998D97E4E855A8787FE7C6945DE1DA",
   "stack": {
      "callFrames": [ {
         "columnNumber": 25334,
         "functionName": "Ba",
         "lineNumber": 39,
         "scriptId": "9",
         "url": "https://xflix-qa.vercel.app/assets/index-B_VpfLt5.js"
      }, {
         "columnNumber": 25489,
         "functionName": "Ba",
         "lineNumber": 39,
         "scriptId": "9",
         "url": "https://xflix-qa.vercel.app/assets/index-B_VpfLt5.js"
      }, {
         "columnNumber": 25457,
         "functionName": "Ba",
         "lineNumber": 39,
         "scriptId": "9",
         "url": "https://xflix-qa.vercel.app/assets/index-B_VpfLt5.js"
      }, {
         "columnNumber": 25457,
         "functionName": "Ba",
         "lineNumber": 39,
         "scriptId": "9",
         "url": "https://xflix-qa.vercel.app/assets/index-B_VpfLt5.js"
      }, {
         "columnNumber": 25457,
         "functionName": "Ba",
         "lineNumber": 39,
         "scriptId": "9",
         "url": "https://xflix-qa.vercel.app/assets/index-B_VpfLt5.js"
      }, {
         "columnNumber": 25457,
         "functionName": "Ba",
         "lineNumber": 39,
         "scriptId": "9",
         "url": "https://xflix-qa.vercel.app/assets/index-B_VpfLt5.js"
      }, {
         "columnNumber": 25457,
         "functionName": "Ba",
         "lineNumber": 39,
         "scriptId": "9",
         "url": "https://xflix-qa.vercel.app/assets/index-B_VpfLt5.js"
      }, {
         "columnNumber": 25457,
         "functionName": "Ba",
         "lineNumber": 39,
         "scriptId": "9",
         "url": "https://xflix-qa.vercel.app/assets/index-B_VpfLt5.js"
      }, {
         "columnNumber": 25457,
         "functionName": "Ba",
         "lineNumber": 39,
         "scriptId": "9",
         "url": "https://xflix-qa.vercel.app/assets/index-B_VpfLt5.js"
      }, {
         "columnNumber": 25457,
         "functionName": "Ba",
         "lineNumber": 39,
         "scriptId": "9",
         "url": "https://xflix-qa.vercel.app/assets/index-B_VpfLt5.js"
      }, {
         "columnNumber": 25457,
         "functionName": "Ba",
         "lineNumber": 39,
         "scriptId": "9",
         "url": "https://xflix-qa.vercel.app/assets/index-B_VpfLt5.js"
      }, {
         "columnNumber": 25457,
         "functionName": "Ba",
         "lineNumber": 39,
         "scriptId": "9",
         "url": "https://xflix-qa.vercel.app/assets/index-B_VpfLt5.js"
      }, {
         "columnNumber": 25457,
         "functionName": "Ba",
         "lineNumber": 39,
         "scriptId": "9",
         "url": "https://xflix-qa.vercel.app/assets/index-B_VpfLt5.js"
      }, {
         "columnNumber": 25457,
         "functionName": "Ba",
         "lineNumber": 39,
         "scriptId": "9",
         "url": "https://xflix-qa.vercel.app/assets/index-B_VpfLt5.js"
      }, {
         "columnNumber": 25457,
         "functionName": "Ba",
         "lineNumber": 39,
         "scriptId": "9",
         "url": "https://xflix-qa.vercel.app/assets/index-B_VpfLt5.js"
      }, {
         "columnNumber": 25457,
         "functionName": "Ba",
         "lineNumber": 39,
         "scriptId": "9",
         "url": "https://xflix-qa.vercel.app/assets/index-B_VpfLt5.js"
      }, {
         "columnNumber": 25457,
         "functionName": "Ba",
         "lineNumber": 39,
         "scriptId": "9",
         "url": "https://xflix-qa.vercel.app/assets/index-B_VpfLt5.js"
      }, {
         "columnNumber": 25457,
         "functionName": "Ba",
         "lineNumber": 39,
         "scriptId": "9",
         "url": "https://xflix-qa.vercel.app/assets/index-B_VpfLt5.js"
      }, {
         "columnNumber": 30867,
         "functionName": "Lt",
         "lineNumber": 39,
         "scriptId": "9",
         "url": "https://xflix-qa.vercel.app/assets/index-B_VpfLt5.js"
      }, "..." ]
   }
}
[1779850090.397][DEBUG]: DevTools WebSocket Event: Page.frameStartedLoading B1998D97E4E855A8787FE7C6945DE1DA {
   "frameId": "0256F8981741AEA488148FA556BE7C35"
}
[1779850090.427][DEBUG]: DevTools WebSocket Response: Runtime.evaluate (id=18) B1998D97E4E855A8787FE7C6945DE1DA {
   "result": {
      "type": "string",
      "value": "complete"
   }
}
[1779850090.427][DEBUG]: DevTools WebSocket Command: Runtime.evaluate (id=20) B1998D97E4E855A8787FE7C6945DE1DA {
   "expression": "1"
}
[1779850090.428][DEBUG]: DevTools WebSocket Response: DOM.getDocument (id=19) B1998D97E4E855A8787FE7C6945DE1DA {
   "root": {
      "backendNodeId": 5,
      "baseURL": "https://xflix-qa.vercel.app/video/60331f421f1d093ab5424475",
      "childNodeCount": 2,
      "children": [ {
         "backendNodeId": 6,
         "localName": "",
         "nodeId": 15,
         "nodeName": "html",
         "nodeType": 10,
         "nodeValue": "",
         "parentId": 14,
         "publicId": "",
         "systemId": ""
      }, {
         "attributes": [ "lang", "en" ],
         "backendNodeId": 7,
         "childNodeCount": 2,
         "children": [ {
            "attributes": [  ],
            "backendNodeId": 8,
            "childNodeCount": 7,
            "localName": "head",
            "nodeId": 17,
            "nodeName": "HEAD",
            "nodeType": 1,
            "nodeValue": "",
            "parentId": 16
         }, {
            "attributes": [  ],
            "backendNodeId": 9,
            "childNodeCount": 1,
            "localName": "body",
            "nodeId": 18,
            "nodeName": "BODY",
            "nodeType": 1,
            "nodeValue": "",
            "parentId": 16
         } ],
         "frameId": "B1998D97E4E855A8787FE7C6945DE1DA",
         "localName": "html",
         "nodeId": 16,
         "nodeName": "HTML",
         "nodeType": 1,
         "nodeValue": "",
         "parentId": 14
      } ],
      "documentURL": "https://xflix-qa.vercel.app/video/60331f421f1d093ab5424475",
      "localName": "",
      "nodeId": 14,
      "nodeName": "#document",
      "nodeType": 9,
      "nodeValue": "",
      "xmlVersion": ""
   }
}
[1779850090.567][DEBUG]: DevTools WebSocket Event: Target.attachedToTarget B1998D97E4E855A8787FE7C6945DE1DA {
   "sessionId": "7CB2EEA11F24531640BB0D627F0576C1",
   "targetInfo": {
      "attached": true,
      "browserContextId": "94C21E5B409E696E7CF696F00CD36750",
      "canAccessOpener": false,
      "targetId": "0256F8981741AEA488148FA556BE7C35",
      "title": "",
      "type": "iframe",
      "url": ""
   },
   "waitingForDebugger": false
}
[1779850090.567][DEBUG]: DevTools WebSocket Command: Page.addScriptToEvaluateOnNewDocument (id=1) 7CB2EEA11F24531640BB0D627F0576C1 {
   "source": "(function () {window.cdc_adoQpoasnfa76pfcZLmcfl_Array = window.Array;window.cdc_adoQpoasnfa76pfcZLmcfl_Promise = window.Promise;window.cdc_adoQpoasnfa76pfcZLmcfl_Symbol = window.Symbol;}) ();"
}
[1779850090.567][DEBUG]: DevTools WebSocket Command: Runtime.evaluate (id=2) 7CB2EEA11F24531640BB0D627F0576C1 {
   "expression": "(function () {window.cdc_adoQpoasnfa76pfcZLmcfl_Array = window.Array;window.cdc_adoQpoasnfa76pfcZLmcfl_Promise = window.Promise;window.cdc_adoQpoasnfa76pfcZLmcfl_Symbol = window.Symbol;}) ();"
}
[1779850090.568][DEBUG]: DevTools WebSocket Command: DOM.getDocument (id=3) 7CB2EEA11F24531640BB0D627F0576C1 {

}
[1779850090.568][DEBUG]: DevTools WebSocket Command: Target.setAutoAttach (id=4) 7CB2EEA11F24531640BB0D627F0576C1 {
   "autoAttach": true,
   "flatten": true,
   "waitForDebuggerOnStart": false
}
[1779850090.568][DEBUG]: DevTools WebSocket Command: Page.enable (id=5) 7CB2EEA11F24531640BB0D627F0576C1 {

}
[1779850090.568][DEBUG]: DevTools WebSocket Command: Page.enable (id=21) B1998D97E4E855A8787FE7C6945DE1DA {

}
[1779850090.570][DEBUG]: DevTools WebSocket Response: Runtime.evaluate (id=20) B1998D97E4E855A8787FE7C6945DE1DA {
   "result": {
      "description": "1",
      "type": "number",
      "value": 1
   }
}
[1779850090.621][DEBUG]: DevTools WebSocket Response: Page.enable (id=21) B1998D97E4E855A8787FE7C6945DE1DA {

}
[1779850090.687][DEBUG]: DevTools WebSocket Event: Page.frameStoppedLoading B1998D97E4E855A8787FE7C6945DE1DA {
   "frameId": "0256F8981741AEA488148FA556BE7C35"
}
[1779850090.687][DEBUG]: DevTools WebSocket Event: Page.frameDetached B1998D97E4E855A8787FE7C6945DE1DA {
   "frameId": "0256F8981741AEA488148FA556BE7C35",
   "reason": "swap"
}
[1779850090.687][DEBUG]: DevTools WebSocket Response: Page.addScriptToEvaluateOnNewDocument (id=1) 7CB2EEA11F24531640BB0D627F0576C1 {
   "identifier": "1"
}
[1779850090.688][DEBUG]: DevTools WebSocket Response: Runtime.evaluate (id=2) 7CB2EEA11F24531640BB0D627F0576C1 {
   "result": {
      "type": "undefined"
   }
}
[1779850090.688][DEBUG]: DevTools WebSocket Response: DOM.getDocument (id=3) 7CB2EEA11F24531640BB0D627F0576C1 {
   "root": {
      "backendNodeId": 4,
      "baseURL": "https://www.youtube.com/embed/uQxg2zv_Orc",
      "childNodeCount": 0,
      "children": [  ],
      "documentURL": "https://www.youtube.com/embed/uQxg2zv_Orc",
      "localName": "",
      "nodeId": 1,
      "nodeName": "#document",
      "nodeType": 9,
      "nodeValue": "",
      "xmlVersion": ""
   }
}
[1779850090.688][DEBUG]: DevTools WebSocket Response: Target.setAutoAttach (id=4) 7CB2EEA11F24531640BB0D627F0576C1 {

}
[1779850090.688][DEBUG]: DevTools WebSocket Response: Page.enable (id=5) 7CB2EEA11F24531640BB0D627F0576C1 {

}
[1779850090.688][DEBUG]: DevTools WebSocket Command: Runtime.enable (id=6) 7CB2EEA11F24531640BB0D627F0576C1 {

}
[1779850090.695][DEBUG]: DevTools WebSocket Event: Runtime.executionContextCreated 7CB2EEA11F24531640BB0D627F0576C1 {
   "context": {
      "auxData": {
         "frameId": "0256F8981741AEA488148FA556BE7C35",
         "isDefault": true,
         "type": "default"
      },
      "id": 2,
      "name": "",
      "origin": "https://www.youtube.com",
      "uniqueId": "-197274739934791452.3809707806578444367"
   }
}
[1779850090.695][DEBUG]: DevTools WebSocket Response: Runtime.enable (id=6) 7CB2EEA11F24531640BB0D627F0576C1 {

}
[1779850090.695][DEBUG]: DevTools WebSocket Command: Page.enable (id=7) 7CB2EEA11F24531640BB0D627F0576C1 {

}
[1779850090.699][DEBUG]: DevTools WebSocket Response: Page.enable (id=7) 7CB2EEA11F24531640BB0D627F0576C1 {

}
[1779850090.699][DEBUG]: DevTools WebSocket Command: DOM.getDocument (id=22) B1998D97E4E855A8787FE7C6945DE1DA {

}
[1779850090.700][DEBUG]: DevTools WebSocket Response: DOM.getDocument (id=22) B1998D97E4E855A8787FE7C6945DE1DA {
   "root": {
      "backendNodeId": 5,
      "baseURL": "https://xflix-qa.vercel.app/video/60331f421f1d093ab5424475",
      "childNodeCount": 2,
      "children": [ {
         "backendNodeId": 6,
         "localName": "",
         "nodeId": 20,
         "nodeName": "html",
         "nodeType": 10,
         "nodeValue": "",
         "parentId": 19,
         "publicId": "",
         "systemId": ""
      }, {
         "attributes": [ "lang", "en" ],
         "backendNodeId": 7,
         "childNodeCount": 2,
         "children": [ {
            "attributes": [  ],
            "backendNodeId": 8,
            "childNodeCount": 7,
            "localName": "head",
            "nodeId": 22,
            "nodeName": "HEAD",
            "nodeType": 1,
            "nodeValue": "",
            "parentId": 21
         }, {
            "attributes": [  ],
            "backendNodeId": 9,
            "childNodeCount": 1,
            "localName": "body",
            "nodeId": 23,
            "nodeName": "BODY",
            "nodeType": 1,
            "nodeValue": "",
            "parentId": 21
         } ],
         "frameId": "B1998D97E4E855A8787FE7C6945DE1DA",
         "localName": "html",
         "nodeId": 21,
         "nodeName": "HTML",
         "nodeType": 1,
         "nodeValue": "",
         "parentId": 19
      } ],
      "documentURL": "https://xflix-qa.vercel.app/video/60331f421f1d093ab5424475",
      "localName": "",
      "nodeId": 19,
      "nodeName": "#document",
      "nodeType": 9,
      "nodeValue": "",
      "xmlVersion": ""
   }
}
[1779850090.700][DEBUG]: DevTools WebSocket Command: Runtime.evaluate (id=23) B1998D97E4E855A8787FE7C6945DE1DA {
   "awaitPromise": false,
   "expression": "document.readyState",
   "returnByValue": true
}
[1779850090.701][DEBUG]: DevTools WebSocket Response: Runtime.evaluate (id=23) B1998D97E4E855A8787FE7C6945DE1DA {
   "result": {
      "type": "string",
      "value": "complete"
   }
}
[1779850090.701][INFO]: Done waiting for pending navigations. Status: ok
[1779850090.701][INFO]: [6d6a54ac6a81f45fc5bf60d2fceca1fa] RESPONSE Navigate
[1779850090.741][INFO]: [6d6a54ac6a81f45fc5bf60d2fceca1fa] COMMAND FindElement {
   "using": "css selector",
   "value": ".btn\\-like"
}
[1779850090.741][INFO]: Waiting for pending navigations...
[1779850090.741][DEBUG]: DevTools WebSocket Command: Runtime.evaluate (id=24) B1998D97E4E855A8787FE7C6945DE1DA {
   "expression": "1"
}
[1779850090.741][DEBUG]: DevTools WebSocket Response: Runtime.evaluate (id=24) B1998D97E4E855A8787FE7C6945DE1DA {
   "result": {
      "description": "1",
      "type": "number",
      "value": 1
   }
}
[1779850090.741][INFO]: Done waiting for pending navigations. Status: ok
[1779850090.745][DEBUG]: DevTools WebSocket Command: Runtime.evaluate (id=25) B1998D97E4E855A8787FE7C6945DE1DA {
   "awaitPromise": true,
   "expression": "(function() { // Copyright (c) 2012 The Chromium Authors. All rights reserved.\n// Use of this source code is governed by a BSD-style license that can be\n// found in the LICENSE file.\n\n/**\n * Enum f...",
   "returnByValue": true
}
[1779850090.760][DEBUG]: DevTools WebSocket Response: Runtime.evaluate (id=25) B1998D97E4E855A8787FE7C6945DE1DA {
   "result": {
      "type": "object",
      "value": {
         "status": 0,
         "value": {
            "element-6066-11e4-a52e-4f735466cecf": "24325a31-fa16-4033-b4b5-309b0963d88b"
         }
      }
   }
}
[1779850090.760][INFO]: Waiting for pending navigations...
[1779850090.760][DEBUG]: DevTools WebSocket Command: Runtime.evaluate (id=26) B1998D97E4E855A8787FE7C6945DE1DA {
   "expression": "1"
}
[1779850090.763][DEBUG]: DevTools WebSocket Response: Runtime.evaluate (id=26) B1998D97E4E855A8787FE7C6945DE1DA {
   "result": {
      "description": "1",
      "type": "number",
      "value": 1
   }
}
[1779850090.763][INFO]: Done waiting for pending navigations. Status: ok
[1779850090.763][INFO]: [6d6a54ac6a81f45fc5bf60d2fceca1fa] RESPONSE FindElement {
   "element-6066-11e4-a52e-4f735466cecf": "24325a31-fa16-4033-b4b5-309b0963d88b"
}
[1779850090.772][INFO]: [6d6a54ac6a81f45fc5bf60d2fceca1fa] COMMAND GetElementText {
   "id": "24325a31-fa16-4033-b4b5-309b0963d88b"
}
[1779850090.772][INFO]: Waiting for pending navigations...
[1779850090.772][DEBUG]: DevTools WebSocket Command: Runtime.evaluate (id=27) B1998D97E4E855A8787FE7C6945DE1DA {
   "expression": "1"
}
[1779850090.773][DEBUG]: DevTools WebSocket Response: Runtime.evaluate (id=27) B1998D97E4E855A8787FE7C6945DE1DA {
   "result": {
      "description": "1",
      "type": "number",
      "value": 1
   }
}
[1779850090.773][INFO]: Done waiting for pending navigations. Status: ok
[1779850090.776][DEBUG]: DevTools WebSocket Command: Runtime.evaluate (id=28) B1998D97E4E855A8787FE7C6945DE1DA {
   "awaitPromise": true,
   "expression": "(function() { // Copyright (c) 2012 The Chromium Authors. All rights reserved.\n// Use of this source code is governed by a BSD-style license that can be\n// found in the LICENSE file.\n\n/**\n * Enum f...",
   "returnByValue": true
}
[1779850090.785][DEBUG]: DevTools WebSocket Event: DOM.childNodeInserted 7CB2EEA11F24531640BB0D627F0576C1 {
   "node": {
      "backendNodeId": 5,
      "localName": "",
      "nodeId": 2,
      "nodeName": "html",
      "nodeType": 10,
      "nodeValue": "",
      "publicId": "",
      "systemId": ""
   },
   "parentNodeId": 1,
   "previousNodeId": 0
}
[1779850090.785][DEBUG]: DevTools WebSocket Event: DOM.childNodeInserted 7CB2EEA11F24531640BB0D627F0576C1 {
   "node": {
      "attributes": [ "lang", "en", "dir", "ltr", "data-cast-api-enabled", "true" ],
      "backendNodeId": 6,
      "childNodeCount": 0,
      "frameId": "0256F8981741AEA488148FA556BE7C35",
      "localName": "html",
      "nodeId": 3,
      "nodeName": "HTML",
      "nodeType": 1,
      "nodeValue": ""
   },
   "parentNodeId": 1,
   "previousNodeId": 2
}
[1779850090.785][DEBUG]: DevTools WebSocket Event: DOM.childNodeCountUpdated 7CB2EEA11F24531640BB0D627F0576C1 {
   "childNodeCount": 1,
   "nodeId": 3
}
[1779850090.795][DEBUG]: DevTools WebSocket Response: Runtime.evaluate (id=28) B1998D97E4E855A8787FE7C6945DE1DA {
   "result": {
      "type": "object",
      "value": {
         "status": 0,
         "value": "  6"
      }
   }
}
[1779850090.795][INFO]: Waiting for pending navigations...
[1779850090.795][DEBUG]: DevTools WebSocket Command: Runtime.evaluate (id=29) B1998D97E4E855A8787FE7C6945DE1DA {
   "expression": "1"
}
[1779850090.800][DEBUG]: DevTools WebSocket Response: Runtime.evaluate (id=29) B1998D97E4E855A8787FE7C6945DE1DA {
   "result": {
      "description": "1",
      "type": "number",
      "value": 1
   }
}
[1779850090.801][INFO]: Done waiting for pending navigations. Status: ok
[1779850090.801][INFO]: [6d6a54ac6a81f45fc5bf60d2fceca1fa] RESPONSE GetElementText "  6"
[1779850090.812][INFO]: [6d6a54ac6a81f45fc5bf60d2fceca1fa] COMMAND Quit {

}
[0527/024810.849248:ERROR:nacl_helper_linux.cc(307)] NaCl helper process running without a sandbox!
Most likely you need to configure your SUID sandbox correctly
[1779850090.863][INFO]: [6d6a54ac6a81f45fc5bf60d2fceca1fa] RESPONSE Quit
[1779850090.863][DEBUG]: Log type 'driver' lost 3206 entries on destruction
[1779850090.864][DEBUG]: Log type 'browser' lost 0 entries on destruction
